user_id,trajectory_id,latitude,longitude,altitude_m,timestamp
User_001,TRJ_User_001_001,28.632005,77.219091,209.4,2026-04-02 09:00:28
User_001,TRJ_User_001_001,28.630724,77.220915,220.0,2026-04-02 09:01:17
User_001,TRJ_User_001_001,28.629248,77.222902,211.0,2026-04-02 09:01:38
User_001,TRJ_User_001_001,28.628013,77.224927,224.0,2026-04-02 09:02:15
User_001,TRJ_User_001_001,28.626858,77.226816,222.9,2026-04-02 09:02:27
User_001,TRJ_User_001_001,28.625781,77.229345,227.0,2026-04-02 09:02:54
User_001,TRJ_User_001_001,28.624297,77.231921,205.9,2026-04-02 09:03:23
User_001,TRJ_User_001_001,28.623365,77.233676,236.6,2026-04-02 09:03:40
User_001,TRJ_User_001_001,28.62245,77.235384,218.7,2026-04-02 09:03:55
User_001,TRJ_User_001_001,28.621335,77.237023,201.9,2026-04-02 09:04:22
User_001,TRJ_User_001_001,28.620179,77.239572,255.3,2026-04-02 09:04:39
User_001,TRJ_User_001_001,28.619249,77.242831,257.7,2026-04-02 09:05:09
User_001,TRJ_User_001_001,28.617414,77.244739,249.7,2026-04-02 09:05:44
User_001,TRJ_User_001_001,28.616209,77.247103,216.6,2026-04-02 09:06:22
User_001,TRJ_User_001_001,28.615198,77.249655,243.7,2026-04-02 09:07:04
User_001,TRJ_User_001_001,28.614234,77.25192,239.1,2026-04-02 09:07:41
User_001,TRJ_User_001_001,28.613122,77.254507,219.9,2026-04-02 09:08:38
User_001,TRJ_User_001_001,28.612466,77.256254,240.0,2026-04-02 09:09:31
User_001,TRJ_User_001_001,28.611556,77.258569,228.3,2026-04-02 09:10:17
User_001,TRJ_User_001_001,28.609939,77.261079,215.4,2026-04-02 09:10:53
User_001,TRJ_User_001_001,28.607647,77.263604,201.5,2026-04-02 09:11:15
User_001,TRJ_User_001_001,28.606464,77.265755,228.5,2026-04-02 09:11:56
User_001,TRJ_User_001_001,28.604907,77.26812,236.3,2026-04-02 09:12:20
User_001,TRJ_User_001_001,28.603347,77.270614,204.6,2026-04-02 09:12:51
User_001,TRJ_User_001_001,28.602221,77.273169,217.7,2026-04-02 09:13:06
User_001,TRJ_User_001_001,28.600384,77.275274,225.0,2026-04-02 09:13:26
User_001,TRJ_User_001_001,28.598831,77.277326,221.4,2026-04-02 09:14:08
User_001,TRJ_User_001_001,28.597927,77.278998,200.0,2026-04-02 09:14:30
User_001,TRJ_User_001_001,28.595621,77.281333,213.3,2026-04-02 09:15:21
User_001,TRJ_User_001_001,28.594558,77.283462,219.4,2026-04-02 09:16:02
User_001,TRJ_User_001_001,28.592478,77.286164,203.9,2026-04-02 09:16:23
User_001,TRJ_User_001_001,28.591227,77.287691,218.1,2026-04-02 09:17:21
User_001,TRJ_User_001_001,28.589957,77.290025,202.0,2026-04-02 09:18:02
User_001,TRJ_User_001_001,28.588636,77.292342,208.7,2026-04-02 09:18:55
User_001,TRJ_User_001_001,28.588179,77.293763,235.6,2026-04-02 09:19:15
User_001,TRJ_User_001_001,28.586406,77.295692,248.2,2026-04-02 09:19:29
User_001,TRJ_User_001_001,28.585724,77.298445,232.1,2026-04-02 09:20:26
User_001,TRJ_User_001_001,28.584303,77.300792,230.5,2026-04-02 09:20:51
User_001,TRJ_User_001_001,28.583099,77.302787,240.7,2026-04-02 09:21:19
User_001,TRJ_User_001_001,28.582211,77.305226,220.9,2026-04-02 09:21:35
User_001,TRJ_User_001_001,28.581181,77.307056,223.2,2026-04-02 09:22:02
User_001,TRJ_User_001_001,28.58013,77.309623,244.1,2026-04-02 09:23:01
User_001,TRJ_User_001_001,28.579212,77.311327,249.0,2026-04-02 09:23:59
User_001,TRJ_User_001_001,28.577838,77.313441,253.8,2026-04-02 09:24:45
User_001,TRJ_User_001_001,28.576536,77.31571,216.7,2026-04-02 09:25:13
User_001,TRJ_User_001_001,28.575501,77.318025,253.2,2026-04-02 09:25:55
User_001,TRJ_User_001_001,28.573985,77.320314,209.7,2026-04-02 09:26:42
User_001,TRJ_User_001_001,28.573083,77.323226,222.3,2026-04-02 09:27:16
User_001,TRJ_User_001_001,28.571909,77.324935,241.5,2026-04-02 09:27:41
User_001,TRJ_User_001_001,28.570663,77.326978,210.7,2026-04-02 09:27:58
User_001,TRJ_User_001_002,28.573119,77.331375,215.9,2026-04-02 12:12:53
User_001,TRJ_User_001_002,28.573196,77.331285,229.2,2026-04-02 12:13:10
User_001,TRJ_User_001_002,28.57363,77.331386,230.2,2026-04-02 12:13:47
User_001,TRJ_User_001_002,28.573921,77.33143,213.8,2026-04-02 12:14:44
User_001,TRJ_User_001_002,28.573443,77.331509,256.4,2026-04-02 12:15:22
User_001,TRJ_User_001_002,28.573637,77.331256,244.9,2026-04-02 12:16:08
User_001,TRJ_User_001_002,28.573538,77.331438,258.0,2026-04-02 12:16:52
User_001,TRJ_User_001_002,28.573109,77.331086,216.1,2026-04-02 12:17:04
User_001,TRJ_User_001_002,28.573145,77.330474,256.2,2026-04-02 12:17:16
User_001,TRJ_User_001_002,28.572742,77.330421,236.9,2026-04-02 12:17:47
User_001,TRJ_User_001_002,28.57217,77.330007,217.7,2026-04-02 12:18:22
User_001,TRJ_User_001_002,28.57247,77.33032,242.1,2026-04-02 12:19:19
User_001,TRJ_User_001_002,28.5717,77.330393,225.2,2026-04-02 12:20:18
User_001,TRJ_User_001_002,28.571857,77.331821,247.9,2026-04-02 12:20:28
User_001,TRJ_User_001_002,28.571741,77.331432,203.0,2026-04-02 12:21:00
User_001,TRJ_User_001_002,28.571719,77.331154,226.3,2026-04-02 12:21:31
User_001,TRJ_User_001_002,28.571305,77.330858,258.9,2026-04-02 12:22:02
User_001,TRJ_User_001_002,28.571089,77.330777,202.2,2026-04-02 12:22:17
User_001,TRJ_User_001_002,28.571182,77.329911,219.6,2026-04-02 12:22:34
User_001,TRJ_User_001_002,28.570846,77.330069,237.4,2026-04-02 12:22:47
User_001,TRJ_User_001_002,28.570641,77.33013,224.7,2026-04-02 12:23:31
User_001,TRJ_User_001_002,28.571137,77.330348,258.6,2026-04-02 12:24:22
User_001,TRJ_User_001_002,28.571506,77.329983,216.2,2026-04-02 12:24:59
User_001,TRJ_User_001_002,28.571114,77.330205,211.1,2026-04-02 12:25:31
User_001,TRJ_User_001_002,28.571777,77.32982,203.5,2026-04-02 12:25:41
User_001,TRJ_User_001_002,28.571108,77.329569,205.6,2026-04-02 12:26:15
User_001,TRJ_User_001_002,28.570555,77.329822,257.3,2026-04-02 12:27:03
User_001,TRJ_User_001_002,28.57019,77.330478,243.8,2026-04-02 12:27:15
User_001,TRJ_User_001_002,28.569849,77.329852,245.5,2026-04-02 12:27:53
User_001,TRJ_User_001_002,28.569705,77.330487,205.9,2026-04-02 12:28:50
User_001,TRJ_User_001_002,28.569436,77.330812,227.9,2026-04-02 12:29:36
User_001,TRJ_User_001_002,28.570039,77.330126,238.1,2026-04-02 12:30:19
User_001,TRJ_User_001_002,28.569991,77.330315,232.4,2026-04-02 12:31:13
User_001,TRJ_User_001_002,28.56986,77.330225,235.1,2026-04-02 12:31:49
User_001,TRJ_User_001_002,28.570054,77.330525,234.4,2026-04-02 12:32:31
User_001,TRJ_User_001_002,28.570858,77.32963,256.5,2026-04-02 12:32:43
User_001,TRJ_User_001_002,28.571009,77.32994,212.4,2026-04-02 12:33:21
User_001,TRJ_User_001_002,28.570765,77.32991,219.1,2026-04-02 12:33:56
User_001,TRJ_User_001_002,28.570266,77.330309,215.6,2026-04-02 12:34:12
User_001,TRJ_User_001_002,28.570359,77.329918,237.7,2026-04-02 12:34:50
User_001,TRJ_User_001_002,28.570274,77.329602,258.1,2026-04-02 12:35:35
User_001,TRJ_User_001_002,28.570445,77.329204,248.4,2026-04-02 12:36:33
User_001,TRJ_User_001_002,28.57015,77.329243,215.0,2026-04-02 12:37:14
User_001,TRJ_User_001_002,28.57032,77.329048,251.5,2026-04-02 12:38:12
User_001,TRJ_User_001_002,28.570728,77.329278,214.3,2026-04-02 12:38:51
User_001,TRJ_User_001_002,28.570684,77.329536,249.6,2026-04-02 12:39:22
User_001,TRJ_User_001_002,28.570398,77.329303,203.2,2026-04-02 12:40:12
User_001,TRJ_User_001_002,28.570185,77.329583,257.4,2026-04-02 12:40:52
User_001,TRJ_User_001_002,28.570174,77.329707,237.9,2026-04-02 12:41:06
User_001,TRJ_User_001_002,28.569722,77.329108,240.4,2026-04-02 12:41:51
User_001,TRJ_User_001_003,28.632116,77.220376,203.5,2026-04-02 14:04:31
User_001,TRJ_User_001_003,28.63159,77.222689,258.1,2026-04-02 14:04:49
User_001,TRJ_User_001_003,28.630584,77.225382,206.1,2026-04-02 14:05:05
User_001,TRJ_User_001_003,28.628757,77.227379,223.8,2026-04-02 14:05:41
User_001,TRJ_User_001_003,28.627317,77.229622,205.1,2026-04-02 14:06:09
User_001,TRJ_User_001_003,28.62649,77.231867,252.8,2026-04-02 14:06:35
User_001,TRJ_User_001_003,28.624973,77.234562,205.0,2026-04-02 14:07:28
User_001,TRJ_User_001_003,28.622906,77.23734,254.4,2026-04-02 14:08:16
User_001,TRJ_User_001_003,28.62102,77.239321,224.3,2026-04-02 14:08:45
User_001,TRJ_User_001_003,28.620277,77.24178,235.0,2026-04-02 14:09:43
User_001,TRJ_User_001_003,28.619049,77.243593,226.2,2026-04-02 14:10:36
User_001,TRJ_User_001_003,28.617816,77.245899,219.4,2026-04-02 14:11:01
User_001,TRJ_User_001_003,28.616654,77.248054,204.4,2026-04-02 14:11:45
User_001,TRJ_User_001_003,28.615214,77.250291,210.0,2026-04-02 14:12:43
User_001,TRJ_User_001_003,28.613789,77.253185,237.7,2026-04-02 14:12:55
User_001,TRJ_User_001_003,28.612494,77.255726,237.2,2026-04-02 14:13:12
User_001,TRJ_User_001_003,28.611427,77.25746,223.3,2026-04-02 14:14:11
User_001,TRJ_User_001_003,28.609857,77.259075,215.6,2026-04-02 14:14:47
User_001,TRJ_User_001_003,28.608742,77.261976,218.6,2026-04-02 14:15:16
User_001,TRJ_User_001_003,28.606885,77.264398,208.0,2026-04-02 14:16:00
User_001,TRJ_User_001_003,28.60593,77.267139,225.1,2026-04-02 14:16:39
User_001,TRJ_User_001_003,28.604649,77.269177,248.6,2026-04-02 14:17:20
User_001,TRJ_User_001_003,28.603151,77.271902,249.7,2026-04-02 14:18:18
User_001,TRJ_User_001_003,28.601854,77.274547,224.9,2026-04-02 14:18:28
User_001,TRJ_User_001_003,28.600739,77.277462,245.0,2026-04-02 14:18:40
User_001,TRJ_User_001_003,28.600095,77.279737,256.7,2026-04-02 14:18:59
User_001,TRJ_User_001_003,28.598303,77.281633,212.3,2026-04-02 14:19:09
User_001,TRJ_User_001_003,28.597099,77.283989,213.7,2026-04-02 14:20:07
User_001,TRJ_User_001_003,28.594457,77.286032,249.9,2026-04-02 14:21:06
User_001,TRJ_User_001_003,28.593273,77.288643,233.7,2026-04-02 14:21:45
User_001,TRJ_User_001_003,28.592187,77.29133,228.8,2026-04-02 14:22:17
User_001,TRJ_User_001_003,28.591194,77.294028,242.2,2026-04-02 14:23:05
User_001,TRJ_User_001_003,28.590366,77.295475,223.5,2026-04-02 14:23:41
User_001,TRJ_User_001_003,28.589215,77.297444,232.8,2026-04-02 14:24:23
User_001,TRJ_User_001_003,28.587769,77.300128,237.3,2026-04-02 14:24:49
User_001,TRJ_User_001_003,28.586512,77.302597,215.5,2026-04-02 14:25:22
User_001,TRJ_User_001_003,28.585311,77.304554,220.8,2026-04-02 14:26:14
User_001,TRJ_User_001_003,28.583332,77.307071,232.2,2026-04-02 14:26:46
User_001,TRJ_User_001_003,28.582227,77.308845,210.9,2026-04-02 14:27:20
User_001,TRJ_User_001_003,28.580951,77.311377,240.1,2026-04-02 14:28:19
User_001,TRJ_User_001_003,28.579153,77.313729,249.3,2026-04-02 14:28:46
User_001,TRJ_User_001_003,28.577575,77.315656,205.3,2026-04-02 14:28:56
User_001,TRJ_User_001_003,28.575466,77.318011,253.7,2026-04-02 14:29:54
User_001,TRJ_User_001_003,28.575,77.320176,202.4,2026-04-02 14:30:50
User_001,TRJ_User_001_003,28.573469,77.322412,252.4,2026-04-02 14:31:47
User_001,TRJ_User_001_003,28.572172,77.324474,248.4,2026-04-02 14:32:45
User_001,TRJ_User_001_003,28.570992,77.326638,232.2,2026-04-02 14:33:16
User_001,TRJ_User_001_003,28.570048,77.328476,231.9,2026-04-02 14:33:27
User_001,TRJ_User_001_003,28.569137,77.330231,253.7,2026-04-02 14:34:22
User_001,TRJ_User_001_003,28.567743,77.332742,223.8,2026-04-02 14:34:56
User_001,TRJ_User_001_004,28.570566,77.317031,220.6,2026-04-02 17:03:30
User_001,TRJ_User_001_004,28.570599,77.312014,229.9,2026-04-02 17:04:26
User_001,TRJ_User_001_004,28.570834,77.306958,233.5,2026-04-02 17:05:15
User_001,TRJ_User_001_004,28.57003,77.301603,217.0,2026-04-02 17:05:30
User_001,TRJ_User_001_004,28.56973,77.29666,214.7,2026-04-02 17:06:24
User_001,TRJ_User_001_004,28.569539,77.291304,200.5,2026-04-02 17:06:54
User_001,TRJ_User_001_004,28.568967,77.285775,209.6,2026-04-02 17:07:14
User_001,TRJ_User_001_004,28.568647,77.28086,255.0,2026-04-02 17:07:38
User_001,TRJ_User_001_004,28.568026,77.275883,210.3,2026-04-02 17:07:49
User_001,TRJ_User_001_004,28.568454,77.271253,216.8,2026-04-02 17:08:42
User_001,TRJ_User_001_004,28.5677,77.26623,244.2,2026-04-02 17:09:03
User_001,TRJ_User_001_004,28.567415,77.260589,217.3,2026-04-02 17:09:49
User_001,TRJ_User_001_004,28.567331,77.255315,219.2,2026-04-02 17:10:01
User_001,TRJ_User_001_004,28.566882,77.249874,208.1,2026-04-02 17:10:33
User_001,TRJ_User_001_004,28.565932,77.244687,241.1,2026-04-02 17:11:02
User_001,TRJ_User_001_004,28.565877,77.238957,245.6,2026-04-02 17:11:22
User_001,TRJ_User_001_004,28.566443,77.233436,247.7,2026-04-02 17:12:02
User_001,TRJ_User_001_004,28.566122,77.228193,210.9,2026-04-02 17:12:46
User_001,TRJ_User_001_004,28.565805,77.223056,202.9,2026-04-02 17:13:24
User_001,TRJ_User_001_004,28.565551,77.217613,212.1,2026-04-02 17:14:03
User_001,TRJ_User_001_004,28.564984,77.212518,214.1,2026-04-02 17:14:26
User_001,TRJ_User_001_004,28.563711,77.207384,252.6,2026-04-02 17:15:00
User_001,TRJ_User_001_004,28.563121,77.202868,242.8,2026-04-02 17:15:41
User_001,TRJ_User_001_004,28.561984,77.197449,244.9,2026-04-02 17:16:05
User_001,TRJ_User_001_004,28.56085,77.192569,223.5,2026-04-02 17:16:16
User_001,TRJ_User_001_004,28.560817,77.187329,237.5,2026-04-02 17:16:31
User_001,TRJ_User_001_004,28.560493,77.182278,220.1,2026-04-02 17:16:55
User_001,TRJ_User_001_004,28.560099,77.177421,244.5,2026-04-02 17:17:31
User_001,TRJ_User_001_004,28.559514,77.172304,218.7,2026-04-02 17:18:17
User_001,TRJ_User_001_004,28.558926,77.167181,212.3,2026-04-02 17:18:28
User_001,TRJ_User_001_004,28.558728,77.162035,220.5,2026-04-02 17:19:15
User_001,TRJ_User_001_004,28.55744,77.157027,227.4,2026-04-02 17:19:39
User_001,TRJ_User_001_004,28.556873,77.1519,213.8,2026-04-02 17:20:00
User_001,TRJ_User_001_004,28.557016,77.147421,243.0,2026-04-02 17:20:36
User_001,TRJ_User_001_004,28.556203,77.141937,254.5,2026-04-02 17:21:23
User_001,TRJ_User_001_004,28.55565,77.136078,217.3,2026-04-02 17:22:15
User_001,TRJ_User_001_004,28.555373,77.130349,230.4,2026-04-02 17:22:49
User_001,TRJ_User_001_004,28.55533,77.124696,235.6,2026-04-02 17:23:42
User_001,TRJ_User_001_004,28.555653,77.119653,255.3,2026-04-02 17:23:59
User_001,TRJ_User_001_004,28.555746,77.114644,222.5,2026-04-02 17:24:17
User_001,TRJ_User_001_004,28.555994,77.109161,256.1,2026-04-02 17:24:48
User_001,TRJ_User_001_004,28.555353,77.103684,211.2,2026-04-02 17:25:20
User_001,TRJ_User_001_004,28.555979,77.098615,223.9,2026-04-02 17:25:38
User_001,TRJ_User_001_004,28.555271,77.093601,247.3,2026-04-02 17:26:13
User_001,TRJ_User_001_004,28.554476,77.08766,232.2,2026-04-02 17:26:33
User_001,TRJ_User_001_004,28.55406,77.082705,228.9,2026-04-02 17:27:09
User_001,TRJ_User_001_004,28.55307,77.077322,227.1,2026-04-02 17:27:42
User_001,TRJ_User_001_004,28.552202,77.072154,202.0,2026-04-02 17:28:24
User_001,TRJ_User_001_004,28.552245,77.066138,237.9,2026-04-02 17:29:01
User_001,TRJ_User_001_004,28.551887,77.060265,258.5,2026-04-02 17:29:51
User_001,TRJ_User_001_005,28.633006,77.219465,218.0,2026-04-02 20:56:32
User_001,TRJ_User_001_005,28.631731,77.221633,212.6,2026-04-02 20:57:00
User_001,TRJ_User_001_005,28.630271,77.22296,237.5,2026-04-02 20:57:38
User_001,TRJ_User_001_005,28.630019,77.224695,203.9,2026-04-02 20:58:01
User_001,TRJ_User_001_005,28.628832,77.2276,232.1,2026-04-02 20:58:59
User_001,TRJ_User_001_005,28.62805,77.228948,209.3,2026-04-02 20:59:09
User_001,TRJ_User_001_005,28.626543,77.231037,245.2,2026-04-02 20:59:28
User_001,TRJ_User_001_005,28.625595,77.232683,224.5,2026-04-02 21:00:00
User_001,TRJ_User_001_005,28.624212,77.235271,233.1,2026-04-02 21:00:12
User_001,TRJ_User_001_005,28.623221,77.236996,201.2,2026-04-02 21:01:08
User_001,TRJ_User_001_005,28.622325,77.239243,233.4,2026-04-02 21:01:25
User_001,TRJ_User_001_005,28.620949,77.24127,243.3,2026-04-02 21:02:20
User_001,TRJ_User_001_005,28.619524,77.243912,240.1,2026-04-02 21:02:50
User_001,TRJ_User_001_005,28.617566,77.245729,205.2,2026-04-02 21:03:09
User_001,TRJ_User_001_005,28.615618,77.248612,253.6,2026-04-02 21:04:05
User_001,TRJ_User_001_005,28.613738,77.251245,249.5,2026-04-02 21:04:17
User_001,TRJ_User_001_005,28.611835,77.253665,237.4,2026-04-02 21:05:04
User_001,TRJ_User_001_005,28.610303,77.256343,251.7,2026-04-02 21:05:48
User_001,TRJ_User_001_005,28.609412,77.258508,248.0,2026-04-02 21:06:14
User_001,TRJ_User_001_005,28.609043,77.259572,244.5,2026-04-02 21:06:25
User_001,TRJ_User_001_005,28.607223,77.262047,208.4,2026-04-02 21:07:17
User_001,TRJ_User_001_005,28.605525,77.264135,254.0,2026-04-02 21:08:00
User_001,TRJ_User_001_005,28.603592,77.266534,233.3,2026-04-02 21:08:34
User_001,TRJ_User_001_005,28.603036,77.268703,206.4,2026-04-02 21:09:05
User_001,TRJ_User_001_005,28.601858,77.271273,236.0,2026-04-02 21:09:21
User_001,TRJ_User_001_005,28.601052,77.273553,224.3,2026-04-02 21:10:16
User_001,TRJ_User_001_005,28.599633,77.27581,236.2,2026-04-02 21:10:51
User_001,TRJ_User_001_005,28.598682,77.277938,243.3,2026-04-02 21:11:40
User_001,TRJ_User_001_005,28.597022,77.281168,239.8,2026-04-02 21:12:11
User_001,TRJ_User_001_005,28.595398,77.283626,201.9,2026-04-02 21:12:40
User_001,TRJ_User_001_005,28.594231,77.285691,250.8,2026-04-02 21:13:34
User_001,TRJ_User_001_005,28.5931,77.287449,228.5,2026-04-02 21:13:52
User_001,TRJ_User_001_005,28.591892,77.289492,229.7,2026-04-02 21:14:44
User_001,TRJ_User_001_005,28.590234,77.292591,204.6,2026-04-02 21:15:43
User_001,TRJ_User_001_005,28.589206,77.295158,216.3,2026-04-02 21:16:26
User_001,TRJ_User_001_005,28.587803,77.297071,248.4,2026-04-02 21:17:24
User_001,TRJ_User_001_005,28.585994,77.299158,232.5,2026-04-02 21:17:57
User_001,TRJ_User_001_005,28.584991,77.30185,245.5,2026-04-02 21:18:43
User_001,TRJ_User_001_005,28.584044,77.304211,215.0,2026-04-02 21:19:17
User_001,TRJ_User_001_005,28.583305,77.3068,203.1,2026-04-02 21:19:52
User_001,TRJ_User_001_005,28.582352,77.309031,202.0,2026-04-02 21:20:08
User_001,TRJ_User_001_005,28.58125,77.311123,258.3,2026-04-02 21:20:40
User_001,TRJ_User_001_005,28.580233,77.313618,203.3,2026-04-02 21:21:24
User_001,TRJ_User_001_005,28.579328,77.315589,202.2,2026-04-02 21:22:04
User_001,TRJ_User_001_005,28.578408,77.316961,228.9,2026-04-02 21:22:16
User_001,TRJ_User_001_005,28.576711,77.31965,243.5,2026-04-02 21:23:09
User_001,TRJ_User_001_005,28.575964,77.321954,232.3,2026-04-02 21:23:40
User_001,TRJ_User_001_005,28.575096,77.323538,253.2,2026-04-02 21:24:31
User_001,TRJ_User_001_005,28.573728,77.326113,227.7,2026-04-02 21:25:14
User_001,TRJ_User_001_005,28.572733,77.32831,247.9,2026-04-02 21:26:02
User_001,TRJ_User_001_006,28.569658,77.322175,223.9,2026-04-02 22:41:41
User_001,TRJ_User_001_006,28.568559,77.318985,244.3,2026-04-02 22:42:20
User_001,TRJ_User_001_006,28.568129,77.316444,217.8,2026-04-02 22:43:19
User_001,TRJ_User_001_006,28.567301,77.31365,202.5,2026-04-02 22:43:29
User_001,TRJ_User_001_006,28.566776,77.31081,207.5,2026-04-02 22:44:15
User_001,TRJ_User_001_006,28.566744,77.308238,256.7,2026-04-02 22:44:35
User_001,TRJ_User_001_006,28.566278,77.305773,224.1,2026-04-02 22:45:13
User_001,TRJ_User_001_006,28.566318,77.303935,230.8,2026-04-02 22:45:32
User_001,TRJ_User_001_006,28.565841,77.301248,202.2,2026-04-02 22:45:44
User_001,TRJ_User_001_006,28.565601,77.298964,237.8,2026-04-02 22:46:16
User_001,TRJ_User_001_006,28.565743,77.296249,241.8,2026-04-02 22:46:49
User_001,TRJ_User_001_006,28.565282,77.294141,237.4,2026-04-02 22:47:45
User_001,TRJ_User_001_006,28.564802,77.292104,223.5,2026-04-02 22:48:22
User_001,TRJ_User_001_006,28.564134,77.289605,251.1,2026-04-02 22:49:13
User_001,TRJ_User_001_006,28.563924,77.287552,233.1,2026-04-02 22:49:56
User_001,TRJ_User_001_006,28.562798,77.284562,215.6,2026-04-02 22:50:10
User_001,TRJ_User_001_006,28.56239,77.281823,257.7,2026-04-02 22:51:07
User_001,TRJ_User_001_006,28.561757,77.279426,251.1,2026-04-02 22:51:56
User_001,TRJ_User_001_006,28.561347,77.277352,254.4,2026-04-02 22:52:08
User_001,TRJ_User_001_006,28.56145,77.274412,233.9,2026-04-02 22:53:02
User_001,TRJ_User_001_006,28.561087,77.272618,252.1,2026-04-02 22:53:39
User_001,TRJ_User_001_006,28.560988,77.270334,241.8,2026-04-02 22:54:30
User_001,TRJ_User_001_006,28.560689,77.267596,211.4,2026-04-02 22:54:44
User_001,TRJ_User_001_006,28.560114,77.264776,244.6,2026-04-02 22:55:24
User_001,TRJ_User_001_006,28.559363,77.262634,211.6,2026-04-02 22:55:46
User_001,TRJ_User_001_006,28.559013,77.260166,237.9,2026-04-02 22:56:26
User_001,TRJ_User_001_006,28.558498,77.257755,217.0,2026-04-02 22:56:42
User_001,TRJ_User_001_006,28.558287,77.255288,220.5,2026-04-02 22:57:06
User_001,TRJ_User_001_006,28.557931,77.252964,204.1,2026-04-02 22:57:42
User_001,TRJ_User_001_006,28.5577,77.250236,242.5,2026-04-02 22:57:52
User_001,TRJ_User_001_006,28.557039,77.248514,238.9,2026-04-02 22:58:13
User_001,TRJ_User_001_006,28.55656,77.245213,246.2,2026-04-02 22:58:45
User_001,TRJ_User_001_006,28.555453,77.242564,259.8,2026-04-02 22:59:11
User_001,TRJ_User_001_006,28.555546,77.24012,217.9,2026-04-02 22:59:52
User_001,TRJ_User_001_006,28.555217,77.237408,239.3,2026-04-02 23:00:28
User_001,TRJ_User_001_006,28.554052,77.234694,219.2,2026-04-02 23:01:15
User_001,TRJ_User_001_006,28.553341,77.23194,201.9,2026-04-02 23:01:49
User_001,TRJ_User_001_006,28.553115,77.230142,228.3,2026-04-02 23:02:25
User_001,TRJ_User_001_006,28.552826,77.227838,246.3,2026-04-02 23:03:20
User_001,TRJ_User_001_006,28.552251,77.22536,247.8,2026-04-02 23:04:13
User_001,TRJ_User_001_006,28.552324,77.22307,228.9,2026-04-02 23:04:36
User_001,TRJ_User_001_006,28.552553,77.221184,214.9,2026-04-02 23:04:54
User_001,TRJ_User_001_006,28.552111,77.218125,203.9,2026-04-02 23:05:05
User_001,TRJ_User_001_006,28.55143,77.216037,227.3,2026-04-02 23:05:22
User_001,TRJ_User_001_006,28.551789,77.213396,223.7,2026-04-02 23:06:18
User_001,TRJ_User_001_006,28.550729,77.211213,241.7,2026-04-02 23:07:00
User_001,TRJ_User_001_006,28.550678,77.209065,208.8,2026-04-02 23:07:21
User_001,TRJ_User_001_006,28.551212,77.206569,242.1,2026-04-02 23:07:40
User_001,TRJ_User_001_006,28.550811,77.20377,253.0,2026-04-02 23:08:19
User_001,TRJ_User_001_006,28.549984,77.201171,234.1,2026-04-02 23:09:14
User_001,TRJ_User_001_007,28.629166,77.220941,201.9,2026-04-03 01:40:29
User_001,TRJ_User_001_007,28.628577,77.223704,217.9,2026-04-03 01:40:50
User_001,TRJ_User_001_007,28.627555,77.226131,248.1,2026-04-03 01:41:46
User_001,TRJ_User_001_007,28.626421,77.228664,249.0,2026-04-03 01:42:21
User_001,TRJ_User_001_007,28.625009,77.230808,209.8,2026-04-03 01:42:44
User_001,TRJ_User_001_007,28.623569,77.232768,252.3,2026-04-03 01:43:12
User_001,TRJ_User_001_007,28.622598,77.234693,239.5,2026-04-03 01:44:05
User_001,TRJ_User_001_007,28.62211,77.237021,213.7,2026-04-03 01:44:46
User_001,TRJ_User_001_007,28.620734,77.240412,204.9,2026-04-03 01:45:30
User_001,TRJ_User_001_007,28.619389,77.242001,212.2,2026-04-03 01:45:46
User_001,TRJ_User_001_007,28.618646,77.24411,243.6,2026-04-03 01:46:19
User_001,TRJ_User_001_007,28.61672,77.245903,222.3,2026-04-03 01:46:48
User_001,TRJ_User_001_007,28.616783,77.248196,230.8,2026-04-03 01:47:38
User_001,TRJ_User_001_007,28.616277,77.250166,229.2,2026-04-03 01:47:49
User_001,TRJ_User_001_007,28.615624,77.252495,239.3,2026-04-03 01:48:10
User_001,TRJ_User_001_007,28.614175,77.253735,250.2,2026-04-03 01:48:52
User_001,TRJ_User_001_007,28.613156,77.255614,254.5,2026-04-03 01:49:24
User_001,TRJ_User_001_007,28.611422,77.258346,230.8,2026-04-03 01:50:10
User_001,TRJ_User_001_007,28.610232,77.260968,214.8,2026-04-03 01:51:06
User_001,TRJ_User_001_007,28.609669,77.263844,239.8,2026-04-03 01:51:54
User_001,TRJ_User_001_007,28.608344,77.26555,258.2,2026-04-03 01:52:05
User_001,TRJ_User_001_007,28.607851,77.268318,223.8,2026-04-03 01:52:37
User_001,TRJ_User_001_007,28.606049,77.270363,204.4,2026-04-03 01:53:00
User_001,TRJ_User_001_007,28.604633,77.271736,240.2,2026-04-03 01:53:50
User_001,TRJ_User_001_007,28.602831,77.273718,237.0,2026-04-03 01:54:00
User_001,TRJ_User_001_007,28.601354,77.27535,222.8,2026-04-03 01:54:52
User_001,TRJ_User_001_007,28.600513,77.277993,228.5,2026-04-03 01:55:50
User_001,TRJ_User_001_007,28.599146,77.280863,251.9,2026-04-03 01:56:05
User_001,TRJ_User_001_007,28.597863,77.282938,216.2,2026-04-03 01:56:16
User_001,TRJ_User_001_007,28.596555,77.284911,203.1,2026-04-03 01:56:26
User_001,TRJ_User_001_007,28.595323,77.286651,256.0,2026-04-03 01:56:40
User_001,TRJ_User_001_007,28.594219,77.288447,241.3,2026-04-03 01:57:09
User_001,TRJ_User_001_007,28.593406,77.290739,227.3,2026-04-03 01:58:05
User_001,TRJ_User_001_007,28.591378,77.29301,231.9,2026-04-03 01:58:37
User_001,TRJ_User_001_007,28.589823,77.295421,240.4,2026-04-03 01:59:36
User_001,TRJ_User_001_007,28.588883,77.297251,209.4,2026-04-03 02:00:23
User_001,TRJ_User_001_007,28.587627,77.299491,241.6,2026-04-03 02:00:58
User_001,TRJ_User_001_007,28.586406,77.301634,214.6,2026-04-03 02:01:33
User_001,TRJ_User_001_007,28.585307,77.304208,201.8,2026-04-03 02:01:50
User_001,TRJ_User_001_007,28.584374,77.306418,249.6,2026-04-03 02:02:47
User_001,TRJ_User_001_007,28.582886,77.30869,239.5,2026-04-03 02:03:46
User_001,TRJ_User_001_007,28.581061,77.311217,252.0,2026-04-03 02:04:20
User_001,TRJ_User_001_007,28.580009,77.313539,234.0,2026-04-03 02:05:10
User_001,TRJ_User_001_007,28.578951,77.315378,245.9,2026-04-03 02:05:23
User_001,TRJ_User_001_007,28.57819,77.31776,245.7,2026-04-03 02:06:13
User_001,TRJ_User_001_007,28.577326,77.319757,222.5,2026-04-03 02:06:29
User_001,TRJ_User_001_007,28.575635,77.321253,241.7,2026-04-03 02:07:07
User_001,TRJ_User_001_007,28.573834,77.323286,222.4,2026-04-03 02:08:00
User_001,TRJ_User_001_007,28.572671,77.325346,210.1,2026-04-03 02:08:23
User_001,TRJ_User_001_007,28.571216,77.328401,222.8,2026-04-03 02:08:58
User_001,TRJ_User_001_008,28.570075,77.319817,223.7,2026-04-03 03:50:30
User_001,TRJ_User_001_008,28.56938,77.318073,257.3,2026-04-03 03:51:24
User_001,TRJ_User_001_008,28.568338,77.316493,253.8,2026-04-03 03:51:48
User_001,TRJ_User_001_008,28.567447,77.314383,203.6,2026-04-03 03:52:18
User_001,TRJ_User_001_008,28.565954,77.312259,210.0,2026-04-03 03:52:31
User_001,TRJ_User_001_008,28.564673,77.309781,218.4,2026-04-03 03:53:27
User_001,TRJ_User_001_008,28.564722,77.308087,205.4,2026-04-03 03:54:06
User_001,TRJ_User_001_008,28.563392,77.306378,224.8,2026-04-03 03:54:40
User_001,TRJ_User_001_008,28.562036,77.304318,251.6,2026-04-03 03:55:28
User_001,TRJ_User_001_008,28.561841,77.302322,206.4,2026-04-03 03:56:19
User_001,TRJ_User_001_008,28.560578,77.300177,248.9,2026-04-03 03:57:12
User_001,TRJ_User_001_008,28.559695,77.29792,257.1,2026-04-03 03:57:43
User_001,TRJ_User_001_008,28.558781,77.295851,213.7,2026-04-03 03:58:01
User_001,TRJ_User_001_008,28.557424,77.293957,221.6,2026-04-03 03:58:52
User_001,TRJ_User_001_008,28.556381,77.292173,214.2,2026-04-03 03:59:38
User_001,TRJ_User_001_008,28.555875,77.289722,251.1,2026-04-03 04:00:26
User_001,TRJ_User_001_008,28.554672,77.287749,237.4,2026-04-03 04:01:08
User_001,TRJ_User_001_008,28.553282,77.285564,214.1,2026-04-03 04:02:01
User_001,TRJ_User_001_008,28.552207,77.28366,205.7,2026-04-03 04:02:58
User_001,TRJ_User_001_008,28.550848,77.281279,212.4,2026-04-03 04:03:18
User_001,TRJ_User_001_008,28.549692,77.278646,235.7,2026-04-03 04:03:52
User_001,TRJ_User_001_008,28.548437,77.277216,225.7,2026-04-03 04:04:40
User_001,TRJ_User_001_008,28.547921,77.274923,236.2,2026-04-03 04:05:27
User_001,TRJ_User_001_008,28.546338,77.273063,204.8,2026-04-03 04:06:16
User_001,TRJ_User_001_008,28.545857,77.271664,224.1,2026-04-03 04:06:58
User_001,TRJ_User_001_008,28.544664,77.26909,204.2,2026-04-03 04:07:56
User_001,TRJ_User_001_008,28.543928,77.267391,204.2,2026-04-03 04:08:37
User_001,TRJ_User_001_008,28.543407,77.265349,239.1,2026-04-03 04:09:30
User_001,TRJ_User_001_008,28.542005,77.262771,240.2,2026-04-03 04:10:02
User_001,TRJ_User_001_008,28.540472,77.260154,259.7,2026-04-03 04:10:34
User_001,TRJ_User_001_008,28.539256,77.258046,233.7,2026-04-03 04:11:19
User_001,TRJ_User_001_008,28.538367,77.256112,245.3,2026-04-03 04:11:44
User_001,TRJ_User_001_008,28.536811,77.253298,249.3,2026-04-03 04:12:05
User_001,TRJ_User_001_008,28.536403,77.250727,247.7,2026-04-03 04:12:30
User_001,TRJ_User_001_008,28.535105,77.24853,258.4,2026-04-03 04:12:44
User_001,TRJ_User_001_008,28.534517,77.24675,214.6,2026-04-03 04:13:23
User_001,TRJ_User_001_008,28.534512,77.244822,205.3,2026-04-03 04:14:11
User_001,TRJ_User_001_008,28.533698,77.243138,230.4,2026-04-03 04:14:54
User_001,TRJ_User_001_008,28.532492,77.240583,222.9,2026-04-03 04:15:05
User_001,TRJ_User_001_008,28.531593,77.238781,218.3,2026-04-03 04:15:37
User_001,TRJ_User_001_008,28.530839,77.236484,234.5,2026-04-03 04:16:23
User_001,TRJ_User_001_008,28.529916,77.233411,223.8,2026-04-03 04:17:10
User_001,TRJ_User_001_008,28.528807,77.231793,252.7,2026-04-03 04:17:49
User_001,TRJ_User_001_008,28.527593,77.229881,212.7,2026-04-03 04:18:12
User_001,TRJ_User_001_008,28.52659,77.227494,210.4,2026-04-03 04:18:23
User_001,TRJ_User_001_008,28.525941,77.225457,234.5,2026-04-03 04:19:05
User_001,TRJ_User_001_008,28.524998,77.223699,236.4,2026-04-03 04:20:00
User_001,TRJ_User_001_008,28.524068,77.221089,223.9,2026-04-03 04:20:34
User_001,TRJ_User_001_008,28.522815,77.219144,228.7,2026-04-03 04:20:47
User_001,TRJ_User_001_008,28.522085,77.217081,225.9,2026-04-03 04:21:09
User_001,TRJ_User_001_009,28.621908,77.219433,213.0,2026-04-03 05:21:20
User_001,TRJ_User_001_009,28.62048,77.22177,203.7,2026-04-03 05:21:48
User_001,TRJ_User_001_009,28.619215,77.2237,229.1,2026-04-03 05:22:47
User_001,TRJ_User_001_009,28.618234,77.225736,259.0,2026-04-03 05:23:15
User_001,TRJ_User_001_009,28.616909,77.228248,210.7,2026-04-03 05:23:40
User_001,TRJ_User_001_009,28.615875,77.230127,259.8,2026-04-03 05:24:06
User_001,TRJ_User_001_009,28.614541,77.232016,210.4,2026-04-03 05:24:51
User_001,TRJ_User_001_009,28.612479,77.23456,207.8,2026-04-03 05:25:35
User_001,TRJ_User_001_009,28.61097,77.23601,249.7,2026-04-03 05:26:21
User_001,TRJ_User_001_009,28.610096,77.23814,214.9,2026-04-03 05:26:57
User_001,TRJ_User_001_009,28.609604,77.240157,234.9,2026-04-03 05:27:29
User_001,TRJ_User_001_009,28.608606,77.24188,212.9,2026-04-03 05:27:59
User_001,TRJ_User_001_009,28.607732,77.24448,211.9,2026-04-03 05:28:45
User_001,TRJ_User_001_009,28.606685,77.246883,206.6,2026-04-03 05:29:05
User_001,TRJ_User_001_009,28.606123,77.24899,205.9,2026-04-03 05:29:40
User_001,TRJ_User_001_009,28.605376,77.250665,248.6,2026-04-03 05:30:18
User_001,TRJ_User_001_009,28.603985,77.251924,247.1,2026-04-03 05:30:40
User_001,TRJ_User_001_009,28.60313,77.254162,248.5,2026-04-03 05:31:37
User_001,TRJ_User_001_009,28.602361,77.256137,202.3,2026-04-03 05:32:26
User_001,TRJ_User_001_009,28.602183,77.258065,239.6,2026-04-03 05:32:57
User_001,TRJ_User_001_009,28.601663,77.26086,204.0,2026-04-03 05:33:30
User_001,TRJ_User_001_009,28.60061,77.263134,202.9,2026-04-03 05:33:47
User_001,TRJ_User_001_009,28.599664,77.265122,204.3,2026-04-03 05:34:20
User_001,TRJ_User_001_009,28.59765,77.267367,227.7,2026-04-03 05:35:05
User_001,TRJ_User_001_009,28.597089,77.269275,239.7,2026-04-03 05:35:42
User_001,TRJ_User_001_009,28.595618,77.270734,233.0,2026-04-03 05:36:23
User_001,TRJ_User_001_009,28.594527,77.272617,205.0,2026-04-03 05:37:20
User_001,TRJ_User_001_009,28.593729,77.275312,222.9,2026-04-03 05:38:19
User_001,TRJ_User_001_009,28.592604,77.277435,257.6,2026-04-03 05:39:18
User_001,TRJ_User_001_009,28.591251,77.279458,228.5,2026-04-03 05:39:29
User_001,TRJ_User_001_009,28.590792,77.282348,244.9,2026-04-03 05:40:10
User_001,TRJ_User_001_009,28.589322,77.284664,202.6,2026-04-03 05:40:36
User_001,TRJ_User_001_009,28.587864,77.286048,226.4,2026-04-03 05:41:10
User_001,TRJ_User_001_009,28.586618,77.287914,255.7,2026-04-03 05:42:03
User_001,TRJ_User_001_009,28.585662,77.290019,238.7,2026-04-03 05:42:47
User_001,TRJ_User_001_009,28.584136,77.292643,252.8,2026-04-03 05:43:08
User_001,TRJ_User_001_009,28.583028,77.294927,245.3,2026-04-03 05:43:38
User_001,TRJ_User_001_009,28.58147,77.297191,203.2,2026-04-03 05:44:09
User_001,TRJ_User_001_009,28.580098,77.299725,232.4,2026-04-03 05:44:31
User_001,TRJ_User_001_009,28.57902,77.301861,243.6,2026-04-03 05:45:07
User_001,TRJ_User_001_009,28.577974,77.304246,209.0,2026-04-03 05:46:00
User_001,TRJ_User_001_009,28.577057,77.307097,235.4,2026-04-03 05:46:12
User_001,TRJ_User_001_009,28.576242,77.308563,241.3,2026-04-03 05:47:00
User_001,TRJ_User_001_009,28.575602,77.310816,226.0,2026-04-03 05:47:17
User_001,TRJ_User_001_009,28.574461,77.312978,214.8,2026-04-03 05:47:31
User_001,TRJ_User_001_009,28.573278,77.315393,211.6,2026-04-03 05:48:22
User_001,TRJ_User_001_009,28.57172,77.317994,244.5,2026-04-03 05:49:17
User_001,TRJ_User_001_009,28.570201,77.320343,221.3,2026-04-03 05:49:39
User_001,TRJ_User_001_009,28.569816,77.323563,250.9,2026-04-03 05:50:00
User_001,TRJ_User_001_009,28.568461,77.325993,257.5,2026-04-03 05:50:29
User_001,TRJ_User_001_010,28.56821,77.320695,243.3,2026-04-03 07:35:02
User_001,TRJ_User_001_010,28.567126,77.318445,239.8,2026-04-03 07:35:51
User_001,TRJ_User_001_010,28.566067,77.316173,223.3,2026-04-03 07:36:17
User_001,TRJ_User_001_010,28.564946,77.31509,238.5,2026-04-03 07:36:50
User_001,TRJ_User_001_010,28.563957,77.312856,242.2,2026-04-03 07:37:23
User_001,TRJ_User_001_010,28.563466,77.310986,216.2,2026-04-03 07:37:51
User_001,TRJ_User_001_010,28.562238,77.308878,203.5,2026-04-03 07:38:45
User_001,TRJ_User_001_010,28.561559,77.306574,231.2,2026-04-03 07:39:39
User_001,TRJ_User_001_010,28.560485,77.304113,226.0,2026-04-03 07:40:06
User_001,TRJ_User_001_010,28.559351,77.301938,248.1,2026-04-03 07:41:02
User_001,TRJ_User_001_010,28.558041,77.300572,238.2,2026-04-03 07:41:59
User_001,TRJ_User_001_010,28.557358,77.298088,259.5,2026-04-03 07:42:19
User_001,TRJ_User_001_010,28.556579,77.295431,258.8,2026-04-03 07:42:31
User_001,TRJ_User_001_010,28.555467,77.293633,231.1,2026-04-03 07:43:25
User_001,TRJ_User_001_010,28.554402,77.291737,222.6,2026-04-03 07:44:11
User_001,TRJ_User_001_010,28.552416,77.289311,256.2,2026-04-03 07:44:56
User_001,TRJ_User_001_010,28.551504,77.287913,226.2,2026-04-03 07:45:41
User_001,TRJ_User_001_010,28.550362,77.285994,236.6,2026-04-03 07:46:21
User_001,TRJ_User_001_010,28.54944,77.284212,200.8,2026-04-03 07:46:54
User_001,TRJ_User_001_010,28.548499,77.282024,215.7,2026-04-03 07:47:38
User_001,TRJ_User_001_010,28.547953,77.27964,258.5,2026-04-03 07:48:03
User_001,TRJ_User_001_010,28.546931,77.27816,246.6,2026-04-03 07:48:56
User_001,TRJ_User_001_010,28.546099,77.275986,202.8,2026-04-03 07:49:23
User_001,TRJ_User_001_010,28.544229,77.274233,220.8,2026-04-03 07:49:47
User_001,TRJ_User_001_010,28.543355,77.272332,256.2,2026-04-03 07:50:38
User_001,TRJ_User_001_010,28.542649,77.270448,237.5,2026-04-03 07:51:24
User_001,TRJ_User_001_010,28.541304,77.268568,233.9,2026-04-03 07:51:52
User_001,TRJ_User_001_010,28.540526,77.266408,258.0,2026-04-03 07:52:42
User_001,TRJ_User_001_010,28.539296,77.264236,241.0,2026-04-03 07:53:24
User_001,TRJ_User_001_010,28.537989,77.262154,251.6,2026-04-03 07:54:16
User_001,TRJ_User_001_010,28.537159,77.2599,232.6,2026-04-03 07:54:31
User_001,TRJ_User_001_010,28.536479,77.257619,225.7,2026-04-03 07:54:45
User_001,TRJ_User_001_010,28.535399,77.256317,224.7,2026-04-03 07:55:33
User_001,TRJ_User_001_010,28.534214,77.254239,230.8,2026-04-03 07:55:52
User_001,TRJ_User_001_010,28.53246,77.252118,252.3,2026-04-03 07:56:27
User_001,TRJ_User_001_010,28.532024,77.249704,231.2,2026-04-03 07:57:16
User_001,TRJ_User_001_010,28.530979,77.247802,227.1,2026-04-03 07:57:53
User_001,TRJ_User_001_010,28.530054,77.2454,254.6,2026-04-03 07:58:35
User_001,TRJ_User_001_010,28.529659,77.243108,222.3,2026-04-03 07:59:07
User_001,TRJ_User_001_010,28.528587,77.241461,246.5,2026-04-03 07:59:27
User_001,TRJ_User_001_010,28.527732,77.238779,217.2,2026-04-03 08:00:04
User_001,TRJ_User_001_010,28.526507,77.237046,218.7,2026-04-03 08:00:22
User_001,TRJ_User_001_010,28.525912,77.234862,232.0,2026-04-03 08:01:13
User_001,TRJ_User_001_010,28.525819,77.232023,210.0,2026-04-03 08:01:38
User_001,TRJ_User_001_010,28.524785,77.229755,211.1,2026-04-03 08:02:24
User_001,TRJ_User_001_010,28.524197,77.227875,218.8,2026-04-03 08:03:03
User_001,TRJ_User_001_010,28.523002,77.22585,252.9,2026-04-03 08:03:24
User_001,TRJ_User_001_010,28.521757,77.2242,259.3,2026-04-03 08:04:18
User_001,TRJ_User_001_010,28.520431,77.222265,252.9,2026-04-03 08:04:58
User_001,TRJ_User_001_010,28.519186,77.220304,241.2,2026-04-03 08:05:10
User_002,TRJ_User_002_001,28.494741,77.087432,206.6,2026-04-03 10:00:53
User_002,TRJ_User_002_001,28.495329,77.090162,215.3,2026-04-03 10:01:24
User_002,TRJ_User_002_001,28.496249,77.092857,210.4,2026-04-03 10:01:54
User_002,TRJ_User_002_001,28.497129,77.095811,254.3,2026-04-03 10:02:50
User_002,TRJ_User_002_001,28.498428,77.097623,226.1,2026-04-03 10:03:21
User_002,TRJ_User_002_001,28.499866,77.100167,250.6,2026-04-03 10:03:57
User_002,TRJ_User_002_001,28.500623,77.102595,240.6,2026-04-03 10:04:08
User_002,TRJ_User_002_001,28.501374,77.105094,239.3,2026-04-03 10:04:18
User_002,TRJ_User_002_001,28.502289,77.107702,238.6,2026-04-03 10:04:31
User_002,TRJ_User_002_001,28.503274,77.110173,221.6,2026-04-03 10:05:01
User_002,TRJ_User_002_001,28.504599,77.112542,252.3,2026-04-03 10:05:49
User_002,TRJ_User_002_001,28.505832,77.115138,252.5,2026-04-03 10:06:25
User_002,TRJ_User_002_001,28.506565,77.117495,226.8,2026-04-03 10:07:12
User_002,TRJ_User_002_001,28.507455,77.119264,207.7,2026-04-03 10:07:40
User_002,TRJ_User_002_001,28.508361,77.121526,244.4,2026-04-03 10:08:15
User_002,TRJ_User_002_001,28.509696,77.124177,250.4,2026-04-03 10:09:09
User_002,TRJ_User_002_001,28.511171,77.126264,216.9,2026-04-03 10:10:05
User_002,TRJ_User_002_001,28.511702,77.128456,207.2,2026-04-03 10:10:50
User_002,TRJ_User_002_001,28.512732,77.130614,200.7,2026-04-03 10:11:24
User_002,TRJ_User_002_001,28.51415,77.132557,235.9,2026-04-03 10:11:37
User_002,TRJ_User_002_001,28.51479,77.134345,259.3,2026-04-03 10:12:02
User_002,TRJ_User_002_001,28.516203,77.136383,202.1,2026-04-03 10:12:46
User_002,TRJ_User_002_001,28.517663,77.138407,234.4,2026-04-03 10:13:16
User_002,TRJ_User_002_001,28.518412,77.140799,205.6,2026-04-03 10:13:34
User_002,TRJ_User_002_001,28.519921,77.143297,252.7,2026-04-03 10:13:44
User_002,TRJ_User_002_001,28.520593,77.145551,220.4,2026-04-03 10:14:22
User_002,TRJ_User_002_001,28.522285,77.147739,238.4,2026-04-03 10:14:38
User_002,TRJ_User_002_001,28.523259,77.149836,247.2,2026-04-03 10:14:50
User_002,TRJ_User_002_001,28.524548,77.152191,236.0,2026-04-03 10:15:40
User_002,TRJ_User_002_001,28.526584,77.154531,204.3,2026-04-03 10:16:14
User_002,TRJ_User_002_001,28.528026,77.156911,214.3,2026-04-03 10:17:05
User_002,TRJ_User_002_001,28.528583,77.159175,236.6,2026-04-03 10:17:59
User_002,TRJ_User_002_001,28.530696,77.161191,232.2,2026-04-03 10:18:57
User_002,TRJ_User_002_001,28.53225,77.163258,234.3,2026-04-03 10:19:48
User_002,TRJ_User_002_001,28.53352,77.165483,223.8,2026-04-03 10:20:34
User_002,TRJ_User_002_001,28.534979,77.16755,231.9,2026-04-03 10:21:22
User_002,TRJ_User_002_001,28.535925,77.169875,240.5,2026-04-03 10:22:17
User_002,TRJ_User_002_001,28.536761,77.171567,225.3,2026-04-03 10:22:38
User_002,TRJ_User_002_001,28.538018,77.174172,215.5,2026-04-03 10:23:35
User_002,TRJ_User_002_001,28.539558,77.176078,257.2,2026-04-03 10:23:49
User_002,TRJ_User_002_001,28.540735,77.17813,241.2,2026-04-03 10:24:00
User_002,TRJ_User_002_001,28.542285,77.180664,239.8,2026-04-03 10:24:46
User_002,TRJ_User_002_001,28.54332,77.182567,245.1,2026-04-03 10:25:28
User_002,TRJ_User_002_001,28.54377,77.184505,245.0,2026-04-03 10:25:39
User_002,TRJ_User_002_001,28.54538,77.187266,221.7,2026-04-03 10:25:59
User_002,TRJ_User_002_001,28.546521,77.190582,208.3,2026-04-03 10:26:17
User_002,TRJ_User_002_001,28.548022,77.192994,243.4,2026-04-03 10:26:53
User_002,TRJ_User_002_001,28.549226,77.195966,249.7,2026-04-03 10:27:32
User_002,TRJ_User_002_001,28.549666,77.198005,229.2,2026-04-03 10:28:26
User_002,TRJ_User_002_001,28.551105,77.200225,248.5,2026-04-03 10:29:06
User_002,TRJ_User_002_002,28.554225,77.198859,232.6,2026-04-03 13:31:53
User_002,TRJ_User_002_002,28.556096,77.199264,247.9,2026-04-03 13:32:05
User_002,TRJ_User_002_002,28.55895,77.198545,245.6,2026-04-03 13:32:37
User_002,TRJ_User_002_002,28.561244,77.197678,222.3,2026-04-03 13:33:22
User_002,TRJ_User_002_002,28.563452,77.196553,230.7,2026-04-03 13:33:59
User_002,TRJ_User_002_002,28.564987,77.196299,253.4,2026-04-03 13:34:09
User_002,TRJ_User_002_002,28.566902,77.196304,231.0,2026-04-03 13:34:36
User_002,TRJ_User_002_002,28.568314,77.196621,204.3,2026-04-03 13:34:56
User_002,TRJ_User_002_002,28.570736,77.19598,236.3,2026-04-03 13:35:39
User_002,TRJ_User_002_002,28.572821,77.196275,233.6,2026-04-03 13:36:19
User_002,TRJ_User_002_002,28.574475,77.196277,229.1,2026-04-03 13:36:52
User_002,TRJ_User_002_002,28.57667,77.196112,223.1,2026-04-03 13:37:28
User_002,TRJ_User_002_002,28.577941,77.195363,218.8,2026-04-03 13:37:52
User_002,TRJ_User_002_002,28.579479,77.195181,250.1,2026-04-03 13:38:38
User_002,TRJ_User_002_002,28.581419,77.195105,253.3,2026-04-03 13:38:51
User_002,TRJ_User_002_002,28.583402,77.194999,205.3,2026-04-03 13:39:47
User_002,TRJ_User_002_002,28.585372,77.19499,231.9,2026-04-03 13:40:41
User_002,TRJ_User_002_002,28.587604,77.195023,226.4,2026-04-03 13:41:32
User_002,TRJ_User_002_002,28.589798,77.195194,210.6,2026-04-03 13:42:02
User_002,TRJ_User_002_002,28.591271,77.194681,258.0,2026-04-03 13:42:50
User_002,TRJ_User_002_002,28.592751,77.194579,235.0,2026-04-03 13:43:34
User_002,TRJ_User_002_002,28.594858,77.194268,212.4,2026-04-03 13:44:00
User_002,TRJ_User_002_002,28.596474,77.194525,219.5,2026-04-03 13:44:33
User_002,TRJ_User_002_002,28.59796,77.194555,223.7,2026-04-03 13:45:10
User_002,TRJ_User_002_002,28.600119,77.194692,254.4,2026-04-03 13:45:46
User_002,TRJ_User_002_002,28.602198,77.194711,232.0,2026-04-03 13:46:07
User_002,TRJ_User_002_002,28.603903,77.194573,240.8,2026-04-03 13:46:57
User_002,TRJ_User_002_002,28.605831,77.193936,258.9,2026-04-03 13:47:50
User_002,TRJ_User_002_002,28.607787,77.194425,218.1,2026-04-03 13:48:35
User_002,TRJ_User_002_002,28.609402,77.193996,245.7,2026-04-03 13:48:59
User_002,TRJ_User_002_002,28.611676,77.193903,221.7,2026-04-03 13:49:25
User_002,TRJ_User_002_002,28.61413,77.1936,245.9,2026-04-03 13:49:38
User_002,TRJ_User_002_002,28.616065,77.193989,259.8,2026-04-03 13:49:55
User_002,TRJ_User_002_002,28.617964,77.194274,250.8,2026-04-03 13:50:36
User_002,TRJ_User_002_002,28.619628,77.193674,215.4,2026-04-03 13:50:50
User_002,TRJ_User_002_002,28.622539,77.193583,255.6,2026-04-03 13:51:15
User_002,TRJ_User_002_002,28.625412,77.1936,238.7,2026-04-03 13:51:36
User_002,TRJ_User_002_002,28.627138,77.193777,212.6,2026-04-03 13:52:15
User_002,TRJ_User_002_002,28.629496,77.193814,217.7,2026-04-03 13:52:31
User_002,TRJ_User_002_002,28.631424,77.193504,238.0,2026-04-03 13:52:55
User_002,TRJ_User_002_002,28.63357,77.193098,246.1,2026-04-03 13:53:13
User_002,TRJ_User_002_002,28.635781,77.19311,236.8,2026-04-03 13:54:02
User_002,TRJ_User_002_002,28.638374,77.192664,216.8,2026-04-03 13:54:15
User_002,TRJ_User_002_002,28.640081,77.192438,220.9,2026-04-03 13:54:27
User_002,TRJ_User_002_002,28.642497,77.193022,241.9,2026-04-03 13:55:21
User_002,TRJ_User_002_002,28.644486,77.193098,218.0,2026-04-03 13:56:10
User_002,TRJ_User_002_002,28.646408,77.192283,208.7,2026-04-03 13:56:45
User_002,TRJ_User_002_002,28.647742,77.19181,213.9,2026-04-03 13:57:33
User_002,TRJ_User_002_002,28.649082,77.191339,209.1,2026-04-03 13:58:09
User_002,TRJ_User_002_002,28.651083,77.191035,250.5,2026-04-03 13:58:35
User_002,TRJ_User_002_003,28.496808,77.091514,207.4,2026-04-03 17:06:01
User_002,TRJ_User_002_003,28.498164,77.093882,227.2,2026-04-03 17:06:46
User_002,TRJ_User_002_003,28.498989,77.096163,241.0,2026-04-03 17:07:09
User_002,TRJ_User_002_003,28.499447,77.098281,218.2,2026-04-03 17:07:33
User_002,TRJ_User_002_003,28.500956,77.10159,208.6,2026-04-03 17:08:05
User_002,TRJ_User_002_003,28.501762,77.104419,209.5,2026-04-03 17:08:48
User_002,TRJ_User_002_003,28.502981,77.106245,203.3,2026-04-03 17:09:09
User_002,TRJ_User_002_003,28.503717,77.108365,211.3,2026-04-03 17:09:47
User_002,TRJ_User_002_003,28.50467,77.110632,250.4,2026-04-03 17:10:37
User_002,TRJ_User_002_003,28.505946,77.112768,205.0,2026-04-03 17:11:14
User_002,TRJ_User_002_003,28.506922,77.114662,216.2,2026-04-03 17:11:50
User_002,TRJ_User_002_003,28.508089,77.117292,254.4,2026-04-03 17:12:12
User_002,TRJ_User_002_003,28.508422,77.119022,256.2,2026-04-03 17:12:58
User_002,TRJ_User_002_003,28.509801,77.121271,250.7,2026-04-03 17:13:17
User_002,TRJ_User_002_003,28.51072,77.123233,252.5,2026-04-03 17:14:03
User_002,TRJ_User_002_003,28.51184,77.125517,217.9,2026-04-03 17:14:33
User_002,TRJ_User_002_003,28.513821,77.127559,260.0,2026-04-03 17:14:59
User_002,TRJ_User_002_003,28.515068,77.129714,230.0,2026-04-03 17:15:49
User_002,TRJ_User_002_003,28.515754,77.131895,238.1,2026-04-03 17:16:33
User_002,TRJ_User_002_003,28.516635,77.134041,246.1,2026-04-03 17:17:00
User_002,TRJ_User_002_003,28.516854,77.136782,243.2,2026-04-03 17:17:18
User_002,TRJ_User_002_003,28.51779,77.139829,252.8,2026-04-03 17:18:00
User_002,TRJ_User_002_003,28.519134,77.142336,202.2,2026-04-03 17:18:18
User_002,TRJ_User_002_003,28.520369,77.144181,244.3,2026-04-03 17:18:55
User_002,TRJ_User_002_003,28.521316,77.147172,234.8,2026-04-03 17:19:25
User_002,TRJ_User_002_003,28.522049,77.148813,203.5,2026-04-03 17:19:44
User_002,TRJ_User_002_003,28.522763,77.151058,241.3,2026-04-03 17:20:06
User_002,TRJ_User_002_003,28.523237,77.15281,201.2,2026-04-03 17:20:51
User_002,TRJ_User_002_003,28.523978,77.155494,254.4,2026-04-03 17:21:24
User_002,TRJ_User_002_003,28.525309,77.157846,202.5,2026-04-03 17:21:59
User_002,TRJ_User_002_003,28.525921,77.160497,246.4,2026-04-03 17:22:55
User_002,TRJ_User_002_003,28.526829,77.162568,251.4,2026-04-03 17:23:46
User_002,TRJ_User_002_003,28.528182,77.16501,207.2,2026-04-03 17:24:01
User_002,TRJ_User_002_003,28.528511,77.166925,220.5,2026-04-03 17:24:17
User_002,TRJ_User_002_003,28.5291,77.168544,200.1,2026-04-03 17:25:09
User_002,TRJ_User_002_003,28.530421,77.171546,252.8,2026-04-03 17:25:27
User_002,TRJ_User_002_003,28.53201,77.173823,236.4,2026-04-03 17:25:44
User_002,TRJ_User_002_003,28.532906,77.175869,254.0,2026-04-03 17:26:22
User_002,TRJ_User_002_003,28.533693,77.177756,229.0,2026-04-03 17:26:46
User_002,TRJ_User_002_003,28.534846,77.179784,234.9,2026-04-03 17:27:35
User_002,TRJ_User_002_003,28.535939,77.182082,257.8,2026-04-03 17:28:12
User_002,TRJ_User_002_003,28.536755,77.184539,243.5,2026-04-03 17:28:28
User_002,TRJ_User_002_003,28.537975,77.186347,246.9,2026-04-03 17:29:22
User_002,TRJ_User_002_003,28.539421,77.188576,209.8,2026-04-03 17:29:42
User_002,TRJ_User_002_003,28.540181,77.190279,255.0,2026-04-03 17:30:15
User_002,TRJ_User_002_003,28.541386,77.193182,203.6,2026-04-03 17:31:10
User_002,TRJ_User_002_003,28.542035,77.195325,257.5,2026-04-03 17:31:46
User_002,TRJ_User_002_003,28.54284,77.198031,256.9,2026-04-03 17:32:41
User_002,TRJ_User_002_003,28.543848,77.200094,248.4,2026-04-03 17:33:08
User_002,TRJ_User_002_003,28.544409,77.202376,227.5,2026-04-03 17:33:20
User_002,TRJ_User_002_004,28.551922,77.197294,259.7,2026-04-03 18:09:19
User_002,TRJ_User_002_004,28.551747,77.194696,257.6,2026-04-03 18:09:44
User_002,TRJ_User_002_004,28.551732,77.192774,224.4,2026-04-03 18:10:19
User_002,TRJ_User_002_004,28.551125,77.189989,227.5,2026-04-03 18:10:46
User_002,TRJ_User_002_004,28.550835,77.187218,237.3,2026-04-03 18:11:21
User_002,TRJ_User_002_004,28.550503,77.184912,241.9,2026-04-03 18:12:13
User_002,TRJ_User_002_004,28.55067,77.182086,245.4,2026-04-03 18:12:35
User_002,TRJ_User_002_004,28.55083,77.179464,218.6,2026-04-03 18:13:14
User_002,TRJ_User_002_004,28.551384,77.177101,209.8,2026-04-03 18:13:47
User_002,TRJ_User_002_004,28.551606,77.174435,236.2,2026-04-03 18:14:33
User_002,TRJ_User_002_004,28.551102,77.171843,219.3,2026-04-03 18:14:44
User_002,TRJ_User_002_004,28.551654,77.169036,215.2,2026-04-03 18:15:20
User_002,TRJ_User_002_004,28.551643,77.166008,239.7,2026-04-03 18:15:39
User_002,TRJ_User_002_004,28.553038,77.16259,228.9,2026-04-03 18:15:51
User_002,TRJ_User_002_004,28.553603,77.159516,255.1,2026-04-03 18:16:49
User_002,TRJ_User_002_004,28.552918,77.156514,237.3,2026-04-03 18:17:43
User_002,TRJ_User_002_004,28.553077,77.153049,221.5,2026-04-03 18:17:56
User_002,TRJ_User_002_004,28.552752,77.150514,257.4,2026-04-03 18:18:27
User_002,TRJ_User_002_004,28.552586,77.147955,257.0,2026-04-03 18:18:41
User_002,TRJ_User_002_004,28.55278,77.145803,225.7,2026-04-03 18:19:02
User_002,TRJ_User_002_004,28.552454,77.143352,221.2,2026-04-03 18:19:58
User_002,TRJ_User_002_004,28.553019,77.140305,249.4,2026-04-03 18:20:27
User_002,TRJ_User_002_004,28.552436,77.137467,235.5,2026-04-03 18:21:17
User_002,TRJ_User_002_004,28.552731,77.133984,202.0,2026-04-03 18:22:12
User_002,TRJ_User_002_004,28.552732,77.131434,224.6,2026-04-03 18:22:45
User_002,TRJ_User_002_004,28.553089,77.128899,221.2,2026-04-03 18:22:58
User_002,TRJ_User_002_004,28.552374,77.126193,225.5,2026-04-03 18:23:12
User_002,TRJ_User_002_004,28.552752,77.122477,231.9,2026-04-03 18:23:27
User_002,TRJ_User_002_004,28.552456,77.119234,218.2,2026-04-03 18:23:39
User_002,TRJ_User_002_004,28.552215,77.116015,243.9,2026-04-03 18:24:24
User_002,TRJ_User_002_004,28.552479,77.113367,225.4,2026-04-03 18:25:23
User_002,TRJ_User_002_004,28.552134,77.110164,207.5,2026-04-03 18:26:20
User_002,TRJ_User_002_004,28.552715,77.106642,239.7,2026-04-03 18:27:00
User_002,TRJ_User_002_004,28.552765,77.103109,216.1,2026-04-03 18:27:41
User_002,TRJ_User_002_004,28.552126,77.100593,242.9,2026-04-03 18:28:11
User_002,TRJ_User_002_004,28.552706,77.097885,242.5,2026-04-03 18:28:56
User_002,TRJ_User_002_004,28.552683,77.095231,209.5,2026-04-03 18:29:20
User_002,TRJ_User_002_004,28.552551,77.093116,255.3,2026-04-03 18:29:52
User_002,TRJ_User_002_004,28.552466,77.090255,203.1,2026-04-03 18:30:10
User_002,TRJ_User_002_004,28.551943,77.086933,258.7,2026-04-03 18:30:22
User_002,TRJ_User_002_004,28.552065,77.08392,240.3,2026-04-03 18:31:16
User_002,TRJ_User_002_004,28.552059,77.081354,222.8,2026-04-03 18:31:40
User_002,TRJ_User_002_004,28.551082,77.078579,254.4,2026-04-03 18:32:38
User_002,TRJ_User_002_004,28.551055,77.075927,214.1,2026-04-03 18:33:16
User_002,TRJ_User_002_004,28.551129,77.073622,258.0,2026-04-03 18:33:44
User_002,TRJ_User_002_004,28.550414,77.070526,228.9,2026-04-03 18:34:33
User_002,TRJ_User_002_004,28.550608,77.067483,233.2,2026-04-03 18:34:54
User_002,TRJ_User_002_004,28.550773,77.064528,248.5,2026-04-03 18:35:34
User_002,TRJ_User_002_004,28.550323,77.06129,252.3,2026-04-03 18:36:20
User_002,TRJ_User_002_004,28.550237,77.058269,256.1,2026-04-03 18:37:19
User_002,TRJ_User_002_005,28.495902,77.091323,211.2,2026-04-03 19:22:40
User_002,TRJ_User_002_005,28.496588,77.093098,221.2,2026-04-03 19:23:06
User_002,TRJ_User_002_005,28.497629,77.095595,252.7,2026-04-03 19:23:20
User_002,TRJ_User_002_005,28.498501,77.097128,241.1,2026-04-03 19:23:34
User_002,TRJ_User_002_005,28.499654,77.099328,247.1,2026-04-03 19:23:50
User_002,TRJ_User_002_005,28.500266,77.101752,225.1,2026-04-03 19:24:28
User_002,TRJ_User_002_005,28.501234,77.103757,216.6,2026-04-03 19:24:47
User_002,TRJ_User_002_005,28.502483,77.105956,206.2,2026-04-03 19:25:01
User_002,TRJ_User_002_005,28.503587,77.108323,211.4,2026-04-03 19:25:30
User_002,TRJ_User_002_005,28.503935,77.110167,223.9,2026-04-03 19:25:42
User_002,TRJ_User_002_005,28.504988,77.111803,216.1,2026-04-03 19:26:15
User_002,TRJ_User_002_005,28.506157,77.114047,236.2,2026-04-03 19:27:03
User_002,TRJ_User_002_005,28.507197,77.115973,241.7,2026-04-03 19:27:31
User_002,TRJ_User_002_005,28.508882,77.118688,216.0,2026-04-03 19:28:14
User_002,TRJ_User_002_005,28.509607,77.121486,233.8,2026-04-03 19:28:32
User_002,TRJ_User_002_005,28.511021,77.124317,218.8,2026-04-03 19:29:17
User_002,TRJ_User_002_005,28.512969,77.126142,212.8,2026-04-03 19:30:14
User_002,TRJ_User_002_005,28.513478,77.12893,203.0,2026-04-03 19:30:24
User_002,TRJ_User_002_005,28.514582,77.131044,215.2,2026-04-03 19:31:09
User_002,TRJ_User_002_005,28.515971,77.133843,244.4,2026-04-03 19:31:24
User_002,TRJ_User_002_005,28.517048,77.13599,205.6,2026-04-03 19:31:54
User_002,TRJ_User_002_005,28.518082,77.138536,215.5,2026-04-03 19:32:32
User_002,TRJ_User_002_005,28.51804,77.140985,259.8,2026-04-03 19:33:09
User_002,TRJ_User_002_005,28.519754,77.143717,214.5,2026-04-03 19:33:38
User_002,TRJ_User_002_005,28.521075,77.145481,249.1,2026-04-03 19:34:34
User_002,TRJ_User_002_005,28.521848,77.147421,216.2,2026-04-03 19:35:31
User_002,TRJ_User_002_005,28.522836,77.149916,225.5,2026-04-03 19:36:13
User_002,TRJ_User_002_005,28.52369,77.152228,257.1,2026-04-03 19:36:32
User_002,TRJ_User_002_005,28.524669,77.154801,229.6,2026-04-03 19:36:54
User_002,TRJ_User_002_005,28.525565,77.157547,230.8,2026-04-03 19:37:30
User_002,TRJ_User_002_005,28.526346,77.159778,222.3,2026-04-03 19:37:48
User_002,TRJ_User_002_005,28.527672,77.161759,220.0,2026-04-03 19:38:25
User_002,TRJ_User_002_005,28.529158,77.16388,238.3,2026-04-03 19:39:12
User_002,TRJ_User_002_005,28.529598,77.165282,239.0,2026-04-03 19:39:58
User_002,TRJ_User_002_005,28.530526,77.168057,230.0,2026-04-03 19:40:18
User_002,TRJ_User_002_005,28.531096,77.170443,235.4,2026-04-03 19:40:34
User_002,TRJ_User_002_005,28.532177,77.172383,255.6,2026-04-03 19:40:58
User_002,TRJ_User_002_005,28.533654,77.174197,200.7,2026-04-03 19:41:08
User_002,TRJ_User_002_005,28.535336,77.176447,256.6,2026-04-03 19:42:07
User_002,TRJ_User_002_005,28.536477,77.178729,241.1,2026-04-03 19:42:51
User_002,TRJ_User_002_005,28.537521,77.181256,233.2,2026-04-03 19:43:25
User_002,TRJ_User_002_005,28.538067,77.182943,249.7,2026-04-03 19:43:59
User_002,TRJ_User_002_005,28.538957,77.185387,248.6,2026-04-03 19:44:13
User_002,TRJ_User_002_005,28.539585,77.187057,230.3,2026-04-03 19:45:01
User_002,TRJ_User_002_005,28.540376,77.188837,254.2,2026-04-03 19:45:16
User_002,TRJ_User_002_005,28.541532,77.192246,211.6,2026-04-03 19:45:30
User_002,TRJ_User_002_005,28.542987,77.194655,251.5,2026-04-03 19:45:42
User_002,TRJ_User_002_005,28.543988,77.196856,217.8,2026-04-03 19:46:38
User_002,TRJ_User_002_005,28.54468,77.199286,241.6,2026-04-03 19:47:34
User_002,TRJ_User_002_005,28.544662,77.201335,244.4,2026-04-03 19:48:04
User_002,TRJ_User_002_006,28.549671,77.202563,221.3,2026-04-03 23:31:49
User_002,TRJ_User_002_006,28.549617,77.199488,218.7,2026-04-03 23:32:37
User_002,TRJ_User_002_006,28.549605,77.19631,214.1,2026-04-03 23:33:01
User_002,TRJ_User_002_006,28.549832,77.193991,259.2,2026-04-03 23:33:19
User_002,TRJ_User_002_006,28.549245,77.190299,232.5,2026-04-03 23:33:38
User_002,TRJ_User_002_006,28.549888,77.187151,212.2,2026-04-03 23:34:21
User_002,TRJ_User_002_006,28.550342,77.184114,237.9,2026-04-03 23:35:18
User_002,TRJ_User_002_006,28.550442,77.181294,229.7,2026-04-03 23:35:56
User_002,TRJ_User_002_006,28.550631,77.178335,230.7,2026-04-03 23:36:18
User_002,TRJ_User_002_006,28.551022,77.175301,212.3,2026-04-03 23:37:16
User_002,TRJ_User_002_006,28.55148,77.172488,240.4,2026-04-03 23:37:28
User_002,TRJ_User_002_006,28.552339,77.169931,241.3,2026-04-03 23:37:53
User_002,TRJ_User_002_006,28.552884,77.167043,249.3,2026-04-03 23:38:18
User_002,TRJ_User_002_006,28.552793,77.163992,217.1,2026-04-03 23:38:34
User_002,TRJ_User_002_006,28.552313,77.16097,251.3,2026-04-03 23:39:28
User_002,TRJ_User_002_006,28.55223,77.158025,224.6,2026-04-03 23:40:17
User_002,TRJ_User_002_006,28.551742,77.15505,244.6,2026-04-03 23:40:41
User_002,TRJ_User_002_006,28.551865,77.151885,204.4,2026-04-03 23:40:52
User_002,TRJ_User_002_006,28.55203,77.148948,213.9,2026-04-03 23:41:30
User_002,TRJ_User_002_006,28.551326,77.146255,213.2,2026-04-03 23:41:53
User_002,TRJ_User_002_006,28.551124,77.143241,222.2,2026-04-03 23:42:13
User_002,TRJ_User_002_006,28.551687,77.140687,200.5,2026-04-03 23:43:05
User_002,TRJ_User_002_006,28.551861,77.137869,222.4,2026-04-03 23:43:45
User_002,TRJ_User_002_006,28.552147,77.135195,232.9,2026-04-03 23:44:19
User_002,TRJ_User_002_006,28.55153,77.132982,232.9,2026-04-03 23:45:16
User_002,TRJ_User_002_006,28.551878,77.130291,231.1,2026-04-03 23:45:42
User_002,TRJ_User_002_006,28.551605,77.127953,239.7,2026-04-03 23:46:19
User_002,TRJ_User_002_006,28.551213,77.124872,215.5,2026-04-03 23:46:59
User_002,TRJ_User_002_006,28.55194,77.12236,253.3,2026-04-03 23:47:45
User_002,TRJ_User_002_006,28.552623,77.119522,218.4,2026-04-03 23:48:07
User_002,TRJ_User_002_006,28.552348,77.117183,235.3,2026-04-03 23:48:56
User_002,TRJ_User_002_006,28.552809,77.114357,252.1,2026-04-03 23:49:15
User_002,TRJ_User_002_006,28.552307,77.111428,204.6,2026-04-03 23:49:26
User_002,TRJ_User_002_006,28.552288,77.108055,227.0,2026-04-03 23:50:07
User_002,TRJ_User_002_006,28.552956,77.104248,232.0,2026-04-03 23:50:19
User_002,TRJ_User_002_006,28.553072,77.101528,219.5,2026-04-03 23:51:13
User_002,TRJ_User_002_006,28.553061,77.099104,216.7,2026-04-03 23:51:49
User_002,TRJ_User_002_006,28.552498,77.09641,239.7,2026-04-03 23:52:13
User_002,TRJ_User_002_006,28.552482,77.093993,259.0,2026-04-03 23:52:46
User_002,TRJ_User_002_006,28.552634,77.090837,222.1,2026-04-03 23:53:23
User_002,TRJ_User_002_006,28.552605,77.087301,215.8,2026-04-03 23:53:53
User_002,TRJ_User_002_006,28.553045,77.084503,247.0,2026-04-03 23:54:27
User_002,TRJ_User_002_006,28.55336,77.081445,259.8,2026-04-03 23:55:14
User_002,TRJ_User_002_006,28.553501,77.078351,248.8,2026-04-03 23:56:01
User_002,TRJ_User_002_006,28.554013,77.075086,248.4,2026-04-03 23:56:20
User_002,TRJ_User_002_006,28.554055,77.072069,234.3,2026-04-03 23:56:45
User_002,TRJ_User_002_006,28.553696,77.069031,201.3,2026-04-03 23:57:15
User_002,TRJ_User_002_006,28.553876,77.066663,218.8,2026-04-03 23:58:12
User_002,TRJ_User_002_006,28.553511,77.064168,208.0,2026-04-03 23:59:04
User_002,TRJ_User_002_006,28.552858,77.060616,223.4,2026-04-03 23:59:17
User_002,TRJ_User_002_007,28.49971,77.093735,234.7,2026-04-04 01:30:14
User_002,TRJ_User_002_007,28.500999,77.095973,255.7,2026-04-04 01:30:51
User_002,TRJ_User_002_007,28.501417,77.098203,259.7,2026-04-04 01:31:12
User_002,TRJ_User_002_007,28.502881,77.10037,227.7,2026-04-04 01:31:59
User_002,TRJ_User_002_007,28.503651,77.102593,227.3,2026-04-04 01:32:26
User_002,TRJ_User_002_007,28.505034,77.104625,206.6,2026-04-04 01:32:46
User_002,TRJ_User_002_007,28.506042,77.106289,241.5,2026-04-04 01:33:20
User_002,TRJ_User_002_007,28.506524,77.10881,209.4,2026-04-04 01:33:36
User_002,TRJ_User_002_007,28.507049,77.111133,242.3,2026-04-04 01:34:07
User_002,TRJ_User_002_007,28.507528,77.114202,256.9,2026-04-04 01:35:06
User_002,TRJ_User_002_007,28.509157,77.116717,250.3,2026-04-04 01:35:35
User_002,TRJ_User_002_007,28.510181,77.119115,229.3,2026-04-04 01:36:14
User_002,TRJ_User_002_007,28.511275,77.121676,250.0,2026-04-04 01:36:25
User_002,TRJ_User_002_007,28.512342,77.124156,235.6,2026-04-04 01:37:14
User_002,TRJ_User_002_007,28.514001,77.126633,204.0,2026-04-04 01:37:49
User_002,TRJ_User_002_007,28.515086,77.128504,252.9,2026-04-04 01:38:14
User_002,TRJ_User_002_007,28.516427,77.131335,230.1,2026-04-04 01:39:10
User_002,TRJ_User_002_007,28.517029,77.134106,248.0,2026-04-04 01:39:28
User_002,TRJ_User_002_007,28.518137,77.136608,258.4,2026-04-04 01:39:45
User_002,TRJ_User_002_007,28.519003,77.138437,226.1,2026-04-04 01:40:06
User_002,TRJ_User_002_007,28.520148,77.140734,256.3,2026-04-04 01:40:34
User_002,TRJ_User_002_007,28.521729,77.143011,225.0,2026-04-04 01:41:17
User_002,TRJ_User_002_007,28.522464,77.14517,256.5,2026-04-04 01:41:58
User_002,TRJ_User_002_007,28.523369,77.147247,258.4,2026-04-04 01:42:47
User_002,TRJ_User_002_007,28.524212,77.149228,237.8,2026-04-04 01:43:25
User_002,TRJ_User_002_007,28.525024,77.151261,215.4,2026-04-04 01:44:23
User_002,TRJ_User_002_007,28.52549,77.153034,258.5,2026-04-04 01:44:58
User_002,TRJ_User_002_007,28.526345,77.155341,220.6,2026-04-04 01:45:31
User_002,TRJ_User_002_007,28.526585,77.157455,233.8,2026-04-04 01:46:12
User_002,TRJ_User_002_007,28.527562,77.159142,246.8,2026-04-04 01:47:07
User_002,TRJ_User_002_007,28.528616,77.161275,226.5,2026-04-04 01:47:47
User_002,TRJ_User_002_007,28.529989,77.16323,203.4,2026-04-04 01:48:30
User_002,TRJ_User_002_007,28.531692,77.165275,234.5,2026-04-04 01:48:51
User_002,TRJ_User_002_007,28.532892,77.167597,218.8,2026-04-04 01:49:39
User_002,TRJ_User_002_007,28.534506,77.169914,256.4,2026-04-04 01:50:14
User_002,TRJ_User_002_007,28.535494,77.171526,244.5,2026-04-04 01:50:35
User_002,TRJ_User_002_007,28.537,77.173675,221.7,2026-04-04 01:51:19
User_002,TRJ_User_002_007,28.537885,77.175946,241.9,2026-04-04 01:51:53
User_002,TRJ_User_002_007,28.539263,77.178133,253.4,2026-04-04 01:52:51
User_002,TRJ_User_002_007,28.540375,77.179805,234.8,2026-04-04 01:53:26
User_002,TRJ_User_002_007,28.541276,77.18238,258.2,2026-04-04 01:53:43
User_002,TRJ_User_002_007,28.542874,77.184087,208.5,2026-04-04 01:54:30
User_002,TRJ_User_002_007,28.543795,77.186353,251.3,2026-04-04 01:54:42
User_002,TRJ_User_002_007,28.544979,77.188355,217.1,2026-04-04 01:55:29
User_002,TRJ_User_002_007,28.546013,77.190707,208.6,2026-04-04 01:55:52
User_002,TRJ_User_002_007,28.546898,77.193177,243.8,2026-04-04 01:56:30
User_002,TRJ_User_002_007,28.547693,77.195544,240.4,2026-04-04 01:57:20
User_002,TRJ_User_002_007,28.548755,77.197051,231.3,2026-04-04 01:57:51
User_002,TRJ_User_002_007,28.55003,77.199771,236.0,2026-04-04 01:58:49
User_002,TRJ_User_002_007,28.551579,77.202221,209.1,2026-04-04 01:59:31
User_002,TRJ_User_002_008,28.549626,77.197414,255.5,2026-04-04 04:38:27
User_002,TRJ_User_002_008,28.551676,77.197637,228.0,2026-04-04 04:39:01
User_002,TRJ_User_002_008,28.5541,77.198113,245.6,2026-04-04 04:39:27
User_002,TRJ_User_002_008,28.556323,77.198048,222.5,2026-04-04 04:40:22
User_002,TRJ_User_002_008,28.558247,77.198069,201.8,2026-04-04 04:40:52
User_002,TRJ_User_002_008,28.560377,77.197773,213.6,2026-04-04 04:41:16
User_002,TRJ_User_002_008,28.562464,77.197996,230.1,2026-04-04 04:41:48
User_002,TRJ_User_002_008,28.563972,77.198189,251.2,2026-04-04 04:42:06
User_002,TRJ_User_002_008,28.565935,77.198171,201.5,2026-04-04 04:42:49
User_002,TRJ_User_002_008,28.567754,77.197589,227.9,2026-04-04 04:43:43
User_002,TRJ_User_002_008,28.569932,77.1971,216.9,2026-04-04 04:44:04
User_002,TRJ_User_002_008,28.572499,77.196773,223.5,2026-04-04 04:44:24
User_002,TRJ_User_002_008,28.575342,77.196986,212.6,2026-04-04 04:45:02
User_002,TRJ_User_002_008,28.577501,77.19694,255.6,2026-04-04 04:45:33
User_002,TRJ_User_002_008,28.579618,77.197326,246.5,2026-04-04 04:46:17
User_002,TRJ_User_002_008,28.581027,77.196931,219.9,2026-04-04 04:46:28
User_002,TRJ_User_002_008,28.583308,77.196877,215.9,2026-04-04 04:46:54
User_002,TRJ_User_002_008,28.584948,77.196963,217.7,2026-04-04 04:47:41
User_002,TRJ_User_002_008,28.58667,77.197212,216.9,2026-04-04 04:48:03
User_002,TRJ_User_002_008,28.589099,77.197669,259.4,2026-04-04 04:48:47
User_002,TRJ_User_002_008,28.591005,77.197209,251.0,2026-04-04 04:49:38
User_002,TRJ_User_002_008,28.593482,77.19689,256.1,2026-04-04 04:49:55
User_002,TRJ_User_002_008,28.59553,77.197038,211.9,2026-04-04 04:50:31
User_002,TRJ_User_002_008,28.59717,77.197025,258.1,2026-04-04 04:51:05
User_002,TRJ_User_002_008,28.599354,77.197183,216.4,2026-04-04 04:51:33
User_002,TRJ_User_002_008,28.601053,77.197749,224.1,2026-04-04 04:52:13
User_002,TRJ_User_002_008,28.603639,77.197334,217.7,2026-04-04 04:53:10
User_002,TRJ_User_002_008,28.605276,77.197571,211.4,2026-04-04 04:53:49
User_002,TRJ_User_002_008,28.607412,77.197686,251.8,2026-04-04 04:54:20
User_002,TRJ_User_002_008,28.609468,77.197033,207.0,2026-04-04 04:54:44
User_002,TRJ_User_002_008,28.611856,77.197449,235.0,2026-04-04 04:54:58
User_002,TRJ_User_002_008,28.61377,77.197264,213.1,2026-04-04 04:55:30
User_002,TRJ_User_002_008,28.616066,77.197212,249.3,2026-04-04 04:56:01
User_002,TRJ_User_002_008,28.618902,77.197168,224.7,2026-04-04 04:56:20
User_002,TRJ_User_002_008,28.621167,77.197238,206.3,2026-04-04 04:57:14
User_002,TRJ_User_002_008,28.623162,77.196849,205.5,2026-04-04 04:58:01
User_002,TRJ_User_002_008,28.625846,77.196958,201.9,2026-04-04 04:58:40
User_002,TRJ_User_002_008,28.627779,77.197016,252.4,2026-04-04 04:59:02
User_002,TRJ_User_002_008,28.62916,77.197117,256.3,2026-04-04 04:59:39
User_002,TRJ_User_002_008,28.631211,77.197165,220.9,2026-04-04 05:00:19
User_002,TRJ_User_002_008,28.633341,77.196912,227.5,2026-04-04 05:01:08
User_002,TRJ_User_002_008,28.635431,77.196858,208.3,2026-04-04 05:01:59
User_002,TRJ_User_002_008,28.637943,77.196538,249.2,2026-04-04 05:02:46
User_002,TRJ_User_002_008,28.640077,77.196481,209.5,2026-04-04 05:03:12
User_002,TRJ_User_002_008,28.641724,77.196094,205.1,2026-04-04 05:03:38
User_002,TRJ_User_002_008,28.644081,77.195866,233.9,2026-04-04 05:04:01
User_002,TRJ_User_002_008,28.64664,77.195549,249.4,2026-04-04 05:04:37
User_002,TRJ_User_002_008,28.648432,77.195775,212.3,2026-04-04 05:04:52
User_002,TRJ_User_002_008,28.650297,77.195733,225.2,2026-04-04 05:05:35
User_002,TRJ_User_002_008,28.652364,77.195395,224.5,2026-04-04 05:05:50
User_002,TRJ_User_002_009,28.497249,77.091578,204.1,2026-04-04 06:34:43
User_002,TRJ_User_002_009,28.498435,77.093434,256.3,2026-04-04 06:35:36
User_002,TRJ_User_002_009,28.499926,77.096191,213.9,2026-04-04 06:36:20
User_002,TRJ_User_002_009,28.501468,77.098276,248.9,2026-04-04 06:36:46
User_002,TRJ_User_002_009,28.503184,77.100352,231.9,2026-04-04 06:37:09
User_002,TRJ_User_002_009,28.503901,77.102287,217.3,2026-04-04 06:37:58
User_002,TRJ_User_002_009,28.505107,77.104373,202.5,2026-04-04 06:38:52
User_002,TRJ_User_002_009,28.506225,77.105985,242.6,2026-04-04 06:39:04
User_002,TRJ_User_002_009,28.507309,77.107573,243.9,2026-04-04 06:39:22
User_002,TRJ_User_002_009,28.508745,77.109593,203.0,2026-04-04 06:40:15
User_002,TRJ_User_002_009,28.509913,77.112089,237.8,2026-04-04 06:40:59
User_002,TRJ_User_002_009,28.510883,77.114068,202.6,2026-04-04 06:41:37
User_002,TRJ_User_002_009,28.511495,77.115441,253.6,2026-04-04 06:42:09
User_002,TRJ_User_002_009,28.512634,77.118161,250.7,2026-04-04 06:43:04
User_002,TRJ_User_002_009,28.513814,77.120231,230.0,2026-04-04 06:43:55
User_002,TRJ_User_002_009,28.51487,77.122938,230.8,2026-04-04 06:44:41
User_002,TRJ_User_002_009,28.51589,77.125238,253.1,2026-04-04 06:44:53
User_002,TRJ_User_002_009,28.517184,77.127789,241.8,2026-04-04 06:45:06
User_002,TRJ_User_002_009,28.517974,77.129741,251.4,2026-04-04 06:45:21
User_002,TRJ_User_002_009,28.518623,77.131891,222.9,2026-04-04 06:45:41
User_002,TRJ_User_002_009,28.520296,77.134013,259.9,2026-04-04 06:46:02
User_002,TRJ_User_002_009,28.521887,77.136667,207.2,2026-04-04 06:46:52
User_002,TRJ_User_002_009,28.522887,77.139265,229.8,2026-04-04 06:47:24
User_002,TRJ_User_002_009,28.5235,77.141371,210.3,2026-04-04 06:48:21
User_002,TRJ_User_002_009,28.525135,77.143482,243.5,2026-04-04 06:49:16
User_002,TRJ_User_002_009,28.525877,77.145611,201.0,2026-04-04 06:49:39
User_002,TRJ_User_002_009,28.526771,77.147448,204.6,2026-04-04 06:49:59
User_002,TRJ_User_002_009,28.528046,77.149524,255.6,2026-04-04 06:50:50
User_002,TRJ_User_002_009,28.529061,77.151732,251.5,2026-04-04 06:51:25
User_002,TRJ_User_002_009,28.5297,77.153626,241.9,2026-04-04 06:51:47
User_002,TRJ_User_002_009,28.53073,77.155852,203.7,2026-04-04 06:52:23
User_002,TRJ_User_002_009,28.531401,77.158444,254.3,2026-04-04 06:53:19
User_002,TRJ_User_002_009,28.531919,77.160687,205.6,2026-04-04 06:53:41
User_002,TRJ_User_002_009,28.53317,77.163094,213.5,2026-04-04 06:54:26
User_002,TRJ_User_002_009,28.534204,77.164954,220.2,2026-04-04 06:54:47
User_002,TRJ_User_002_009,28.53488,77.166784,219.9,2026-04-04 06:55:03
User_002,TRJ_User_002_009,28.535954,77.16874,226.5,2026-04-04 06:55:15
User_002,TRJ_User_002_009,28.537807,77.170896,233.2,2026-04-04 06:55:37
User_002,TRJ_User_002_009,28.539417,77.17324,245.6,2026-04-04 06:56:15
User_002,TRJ_User_002_009,28.540311,77.175181,221.7,2026-04-04 06:56:46
User_002,TRJ_User_002_009,28.541359,77.177364,249.6,2026-04-04 06:57:25
User_002,TRJ_User_002_009,28.543064,77.179239,211.6,2026-04-04 06:58:03
User_002,TRJ_User_002_009,28.543625,77.180964,218.7,2026-04-04 06:58:21
User_002,TRJ_User_002_009,28.544516,77.182612,214.4,2026-04-04 06:59:17
User_002,TRJ_User_002_009,28.545418,77.184973,232.7,2026-04-04 07:00:16
User_002,TRJ_User_002_009,28.546055,77.187059,244.3,2026-04-04 07:01:02
User_002,TRJ_User_002_009,28.547232,77.188097,207.0,2026-04-04 07:01:53
User_002,TRJ_User_002_009,28.548553,77.190762,234.7,2026-04-04 07:02:33
User_002,TRJ_User_002_009,28.549519,77.19225,237.2,2026-04-04 07:02:52
User_002,TRJ_User_002_009,28.549863,77.194155,233.9,2026-04-04 07:03:17
User_002,TRJ_User_002_010,28.549106,77.197216,206.0,2026-04-04 07:48:33
User_002,TRJ_User_002_010,28.549511,77.195347,215.2,2026-04-04 07:49:06
User_002,TRJ_User_002_010,28.549363,77.193776,217.3,2026-04-04 07:50:05
User_002,TRJ_User_002_010,28.549862,77.192377,219.5,2026-04-04 07:50:56
User_002,TRJ_User_002_010,28.550275,77.190776,219.4,2026-04-04 07:51:46
User_002,TRJ_User_002_010,28.549913,77.189503,239.0,2026-04-04 07:52:40
User_002,TRJ_User_002_010,28.550482,77.188054,202.7,2026-04-04 07:53:30
User_002,TRJ_User_002_010,28.549984,77.187153,207.6,2026-04-04 07:54:05
User_002,TRJ_User_002_010,28.549695,77.186338,232.9,2026-04-04 07:54:38
User_002,TRJ_User_002_010,28.550752,77.184708,248.3,2026-04-04 07:54:49
User_002,TRJ_User_002_010,28.55154,77.18391,230.0,2026-04-04 07:55:08
User_002,TRJ_User_002_010,28.552166,77.182398,207.6,2026-04-04 07:55:51
User_002,TRJ_User_002_010,28.552236,77.181127,208.6,2026-04-04 07:56:36
User_002,TRJ_User_002_010,28.551739,77.179898,250.3,2026-04-04 07:57:05
User_002,TRJ_User_002_010,28.551832,77.17842,200.1,2026-04-04 07:57:30
User_002,TRJ_User_002_010,28.552232,77.176386,238.0,2026-04-04 07:57:53
User_002,TRJ_User_002_010,28.552146,77.174778,241.1,2026-04-04 07:58:19
User_002,TRJ_User_002_010,28.552552,77.173976,220.6,2026-04-04 07:59:00
User_002,TRJ_User_002_010,28.552658,77.171122,219.1,2026-04-04 07:59:36
User_002,TRJ_User_002_010,28.553411,77.16928,246.8,2026-04-04 08:00:00
User_002,TRJ_User_002_010,28.553784,77.166939,208.9,2026-04-04 08:00:32
User_002,TRJ_User_002_010,28.554456,77.165451,223.0,2026-04-04 08:00:43
User_002,TRJ_User_002_010,28.553971,77.164473,214.4,2026-04-04 08:00:53
User_002,TRJ_User_002_010,28.553859,77.162779,210.6,2026-04-04 08:01:49
User_002,TRJ_User_002_010,28.553973,77.161331,205.3,2026-04-04 08:02:14
User_002,TRJ_User_002_010,28.553887,77.160158,218.3,2026-04-04 08:02:40
User_002,TRJ_User_002_010,28.554485,77.158565,235.5,2026-04-04 08:03:37
User_002,TRJ_User_002_010,28.55476,77.15661,207.7,2026-04-04 08:04:13
User_002,TRJ_User_002_010,28.554975,77.154634,215.4,2026-04-04 08:05:01
User_002,TRJ_User_002_010,28.555115,77.153489,243.8,2026-04-04 08:05:55
User_002,TRJ_User_002_010,28.555526,77.152348,246.0,2026-04-04 08:06:32
User_002,TRJ_User_002_010,28.5565,77.150363,251.0,2026-04-04 08:07:00
User_002,TRJ_User_002_010,28.556751,77.148183,231.4,2026-04-04 08:07:35
User_002,TRJ_User_002_010,28.556468,77.14622,246.3,2026-04-04 08:08:03
User_002,TRJ_User_002_010,28.556307,77.144623,202.9,2026-04-04 08:08:54
User_002,TRJ_User_002_010,28.557235,77.143036,215.1,2026-04-04 08:09:41
User_002,TRJ_User_002_010,28.556988,77.141627,258.6,2026-04-04 08:09:58
User_002,TRJ_User_002_010,28.557763,77.140278,221.9,2026-04-04 08:10:18
User_002,TRJ_User_002_010,28.558307,77.138999,220.2,2026-04-04 08:11:04
User_002,TRJ_User_002_010,28.558036,77.137912,240.5,2026-04-04 08:11:24
User_002,TRJ_User_002_010,28.558256,77.136531,218.4,2026-04-04 08:12:01
User_002,TRJ_User_002_010,28.558483,77.134561,258.2,2026-04-04 08:12:36
User_002,TRJ_User_002_010,28.558566,77.133518,204.6,2026-04-04 08:12:59
User_002,TRJ_User_002_010,28.558888,77.131547,259.9,2026-04-04 08:13:24
User_002,TRJ_User_002_010,28.558973,77.130392,259.1,2026-04-04 08:14:11
User_002,TRJ_User_002_010,28.559746,77.128366,226.5,2026-04-04 08:14:58
User_002,TRJ_User_002_010,28.558975,77.126309,243.8,2026-04-04 08:15:24
User_002,TRJ_User_002_010,28.560093,77.124513,234.9,2026-04-04 08:16:11
User_002,TRJ_User_002_010,28.560071,77.123227,209.8,2026-04-04 08:16:54
User_002,TRJ_User_002_010,28.560254,77.12148,241.9,2026-04-04 08:17:07
User_003,TRJ_User_003_001,28.569727,77.319135,231.8,2026-04-04 11:00:52
User_003,TRJ_User_003_001,28.569705,77.313859,223.8,2026-04-04 11:01:30
User_003,TRJ_User_003_001,28.569309,77.308497,226.0,2026-04-04 11:01:43
User_003,TRJ_User_003_001,28.569137,77.30411,219.1,2026-04-04 11:02:40
User_003,TRJ_User_003_001,28.569252,77.298905,204.8,2026-04-04 11:03:00
User_003,TRJ_User_003_001,28.568328,77.293169,211.7,2026-04-04 11:03:10
User_003,TRJ_User_003_001,28.567568,77.28719,236.2,2026-04-04 11:03:43
User_003,TRJ_User_003_001,28.567376,77.280846,234.8,2026-04-04 11:04:29
User_003,TRJ_User_003_001,28.567169,77.275319,237.1,2026-04-04 11:05:17
User_003,TRJ_User_003_001,28.566566,77.270325,207.9,2026-04-04 11:05:41
User_003,TRJ_User_003_001,28.56608,77.265021,207.0,2026-04-04 11:06:08
User_003,TRJ_User_003_001,28.56605,77.259772,223.0,2026-04-04 11:06:54
User_003,TRJ_User_003_001,28.565577,77.253896,212.0,2026-04-04 11:07:07
User_003,TRJ_User_003_001,28.565667,77.24834,233.3,2026-04-04 11:08:00
User_003,TRJ_User_003_001,28.565278,77.243302,226.7,2026-04-04 11:08:30
User_003,TRJ_User_003_001,28.56512,77.237931,232.5,2026-04-04 11:09:07
User_003,TRJ_User_003_001,28.56466,77.232584,228.7,2026-04-04 11:10:01
User_003,TRJ_User_003_001,28.564467,77.227423,247.3,2026-04-04 11:10:42
User_003,TRJ_User_003_001,28.564163,77.222584,222.4,2026-04-04 11:10:58
User_003,TRJ_User_003_001,28.56331,77.217169,211.1,2026-04-04 11:11:35
User_003,TRJ_User_003_001,28.563165,77.211258,223.1,2026-04-04 11:12:22
User_003,TRJ_User_003_001,28.561626,77.206747,223.0,2026-04-04 11:12:51
User_003,TRJ_User_003_001,28.561167,77.201411,201.5,2026-04-04 11:13:08
User_003,TRJ_User_003_001,28.561479,77.196838,252.7,2026-04-04 11:13:31
User_003,TRJ_User_003_001,28.561182,77.190972,238.7,2026-04-04 11:13:41
User_003,TRJ_User_003_001,28.56118,77.184947,227.3,2026-04-04 11:14:39
User_003,TRJ_User_003_001,28.560158,77.179663,221.5,2026-04-04 11:15:31
User_003,TRJ_User_003_001,28.560234,77.174701,202.8,2026-04-04 11:15:53
User_003,TRJ_User_003_001,28.559762,77.169168,240.3,2026-04-04 11:16:30
User_003,TRJ_User_003_001,28.55895,77.164545,229.4,2026-04-04 11:17:19
User_003,TRJ_User_003_001,28.558964,77.159946,201.3,2026-04-04 11:18:02
User_003,TRJ_User_003_001,28.558809,77.154637,206.9,2026-04-04 11:18:56
User_003,TRJ_User_003_001,28.558312,77.14922,210.7,2026-04-04 11:19:52
User_003,TRJ_User_003_001,28.558107,77.14335,206.7,2026-04-04 11:20:48
User_003,TRJ_User_003_001,28.557381,77.137493,246.9,2026-04-04 11:21:32
User_003,TRJ_User_003_001,28.557492,77.131715,257.7,2026-04-04 11:22:26
User_003,TRJ_User_003_001,28.556924,77.125835,224.6,2026-04-04 11:22:57
User_003,TRJ_User_003_001,28.556758,77.12029,220.1,2026-04-04 11:23:34
User_003,TRJ_User_003_001,28.557076,77.114259,250.0,2026-04-04 11:24:32
User_003,TRJ_User_003_001,28.556489,77.109759,240.5,2026-04-04 11:25:04
User_003,TRJ_User_003_001,28.555855,77.104469,238.0,2026-04-04 11:25:48
User_003,TRJ_User_003_001,28.555088,77.099024,209.5,2026-04-04 11:26:19
User_003,TRJ_User_003_001,28.555269,77.093225,229.0,2026-04-04 11:26:51
User_003,TRJ_User_003_001,28.555163,77.087946,221.0,2026-04-04 11:27:15
User_003,TRJ_User_003_001,28.554755,77.082119,233.2,2026-04-04 11:28:09
User_003,TRJ_User_003_001,28.554173,77.077074,228.4,2026-04-04 11:29:06
User_003,TRJ_User_003_001,28.553158,77.071916,241.7,2026-04-04 11:30:00
User_003,TRJ_User_003_001,28.552271,77.066435,230.8,2026-04-04 11:30:54
User_003,TRJ_User_003_001,28.55146,77.061089,215.7,2026-04-04 11:31:31
User_003,TRJ_User_003_001,28.551232,77.056762,217.3,2026-04-04 11:32:30
User_003,TRJ_User_003_002,28.55148,77.06023,206.3,2026-04-04 12:42:42
User_003,TRJ_User_003_002,28.551529,77.060925,205.5,2026-04-04 12:43:09
User_003,TRJ_User_003_002,28.551267,77.062691,207.5,2026-04-04 12:43:53
User_003,TRJ_User_003_002,28.551346,77.063926,201.4,2026-04-04 12:44:45
User_003,TRJ_User_003_002,28.550757,77.065468,237.6,2026-04-04 12:45:17
User_003,TRJ_User_003_002,28.551475,77.066507,254.8,2026-04-04 12:45:27
User_003,TRJ_User_003_002,28.551191,77.067528,210.9,2026-04-04 12:46:16
User_003,TRJ_User_003_002,28.550959,77.068316,233.3,2026-04-04 12:46:31
User_003,TRJ_User_003_002,28.550778,77.069588,249.9,2026-04-04 12:47:23
User_003,TRJ_User_003_002,28.550276,77.07084,217.0,2026-04-04 12:47:41
User_003,TRJ_User_003_002,28.549735,77.072647,251.8,2026-04-04 12:48:35
User_003,TRJ_User_003_002,28.549786,77.074262,233.9,2026-04-04 12:49:02
User_003,TRJ_User_003_002,28.549904,77.075507,201.1,2026-04-04 12:49:56
User_003,TRJ_User_003_002,28.549609,77.077124,252.8,2026-04-04 12:50:53
User_003,TRJ_User_003_002,28.549547,77.078275,208.3,2026-04-04 12:51:13
User_003,TRJ_User_003_002,28.549451,77.079344,251.5,2026-04-04 12:51:35
User_003,TRJ_User_003_002,28.549092,77.080862,245.5,2026-04-04 12:51:51
User_003,TRJ_User_003_002,28.548864,77.0814,212.6,2026-04-04 12:52:40
User_003,TRJ_User_003_002,28.548342,77.082057,253.2,2026-04-04 12:53:20
User_003,TRJ_User_003_002,28.548041,77.083158,240.3,2026-04-04 12:53:42
User_003,TRJ_User_003_002,28.548906,77.083954,243.6,2026-04-04 12:53:54
User_003,TRJ_User_003_002,28.548725,77.084457,238.7,2026-04-04 12:54:08
User_003,TRJ_User_003_002,28.548619,77.085105,216.1,2026-04-04 12:55:04
User_003,TRJ_User_003_002,28.548907,77.086533,219.4,2026-04-04 12:55:48
User_003,TRJ_User_003_002,28.548865,77.087896,257.4,2026-04-04 12:56:04
User_003,TRJ_User_003_002,28.548852,77.089296,248.7,2026-04-04 12:56:31
User_003,TRJ_User_003_002,28.549343,77.090276,252.5,2026-04-04 12:57:25
User_003,TRJ_User_003_002,28.549211,77.09166,241.4,2026-04-04 12:57:57
User_003,TRJ_User_003_002,28.549133,77.093228,203.2,2026-04-04 12:58:52
User_003,TRJ_User_003_002,28.549291,77.095328,207.2,2026-04-04 12:59:35
User_003,TRJ_User_003_002,28.54938,77.096491,205.1,2026-04-04 13:00:23
User_003,TRJ_User_003_002,28.549766,77.097942,256.7,2026-04-04 13:01:04
User_003,TRJ_User_003_002,28.550113,77.099392,259.2,2026-04-04 13:01:42
User_003,TRJ_User_003_002,28.550545,77.101068,215.1,2026-04-04 13:01:54
User_003,TRJ_User_003_002,28.550558,77.103005,250.9,2026-04-04 13:02:47
User_003,TRJ_User_003_002,28.550854,77.104027,240.6,2026-04-04 13:03:29
User_003,TRJ_User_003_002,28.551189,77.104902,230.7,2026-04-04 13:03:55
User_003,TRJ_User_003_002,28.551794,77.106056,249.8,2026-04-04 13:04:51
User_003,TRJ_User_003_002,28.552375,77.107694,221.8,2026-04-04 13:05:17
User_003,TRJ_User_003_002,28.552157,77.108739,236.7,2026-04-04 13:05:40
User_003,TRJ_User_003_002,28.552045,77.109871,221.0,2026-04-04 13:06:39
User_003,TRJ_User_003_002,28.551585,77.111403,214.9,2026-04-04 13:07:35
User_003,TRJ_User_003_002,28.551703,77.112757,259.7,2026-04-04 13:08:33
User_003,TRJ_User_003_002,28.551873,77.113302,210.3,2026-04-04 13:09:00
User_003,TRJ_User_003_002,28.552372,77.114453,230.3,2026-04-04 13:09:34
User_003,TRJ_User_003_002,28.552394,77.115626,239.8,2026-04-04 13:10:13
User_003,TRJ_User_003_002,28.551832,77.116126,247.1,2026-04-04 13:10:57
User_003,TRJ_User_003_002,28.55159,77.117502,216.6,2026-04-04 13:11:08
User_003,TRJ_User_003_002,28.551765,77.118933,244.8,2026-04-04 13:11:34
User_003,TRJ_User_003_002,28.551858,77.120157,255.2,2026-04-04 13:11:59
User_003,TRJ_User_003_003,28.566475,77.319814,210.1,2026-04-04 14:32:46
User_003,TRJ_User_003_003,28.566423,77.31463,243.4,2026-04-04 14:33:28
User_003,TRJ_User_003_003,28.56572,77.309742,214.5,2026-04-04 14:34:04
User_003,TRJ_User_003_003,28.566002,77.30382,243.1,2026-04-04 14:34:54
User_003,TRJ_User_003_003,28.565825,77.298557,206.5,2026-04-04 14:35:37
User_003,TRJ_User_003_003,28.565493,77.293044,248.1,2026-04-04 14:35:59
User_003,TRJ_User_003_003,28.565552,77.288158,248.9,2026-04-04 14:36:25
User_003,TRJ_User_003_003,28.565373,77.282818,229.0,2026-04-04 14:37:16
User_003,TRJ_User_003_003,28.564404,77.277679,247.0,2026-04-04 14:37:29
User_003,TRJ_User_003_003,28.56423,77.272122,220.7,2026-04-04 14:38:25
User_003,TRJ_User_003_003,28.563372,77.266584,249.1,2026-04-04 14:38:54
User_003,TRJ_User_003_003,28.562657,77.260936,214.0,2026-04-04 14:39:50
User_003,TRJ_User_003_003,28.56225,77.25509,203.7,2026-04-04 14:40:34
User_003,TRJ_User_003_003,28.561601,77.248957,258.6,2026-04-04 14:41:12
User_003,TRJ_User_003_003,28.561417,77.244302,250.4,2026-04-04 14:41:51
User_003,TRJ_User_003_003,28.561068,77.23884,217.9,2026-04-04 14:42:14
User_003,TRJ_User_003_003,28.561142,77.233692,254.9,2026-04-04 14:42:26
User_003,TRJ_User_003_003,28.560496,77.228489,204.2,2026-04-04 14:43:10
User_003,TRJ_User_003_003,28.56017,77.222641,244.3,2026-04-04 14:43:35
User_003,TRJ_User_003_003,28.559983,77.217213,200.8,2026-04-04 14:44:00
User_003,TRJ_User_003_003,28.559557,77.211882,248.2,2026-04-04 14:44:16
User_003,TRJ_User_003_003,28.559012,77.206194,217.3,2026-04-04 14:45:11
User_003,TRJ_User_003_003,28.559577,77.200357,242.1,2026-04-04 14:46:10
User_003,TRJ_User_003_003,28.559301,77.194239,247.8,2026-04-04 14:46:51
User_003,TRJ_User_003_003,28.559711,77.188527,207.1,2026-04-04 14:47:06
User_003,TRJ_User_003_003,28.559168,77.183461,211.2,2026-04-04 14:47:38
User_003,TRJ_User_003_003,28.558825,77.178295,202.6,2026-04-04 14:48:32
User_003,TRJ_User_003_003,28.558549,77.173716,249.7,2026-04-04 14:48:57
User_003,TRJ_User_003_003,28.558242,77.168458,246.5,2026-04-04 14:49:32
User_003,TRJ_User_003_003,28.558202,77.163647,238.0,2026-04-04 14:50:14
User_003,TRJ_User_003_003,28.558024,77.15866,248.5,2026-04-04 14:50:30
User_003,TRJ_User_003_003,28.557834,77.153842,240.3,2026-04-04 14:50:45
User_003,TRJ_User_003_003,28.557156,77.148351,235.8,2026-04-04 14:51:30
User_003,TRJ_User_003_003,28.556239,77.143146,225.6,2026-04-04 14:52:26
User_003,TRJ_User_003_003,28.556341,77.137266,236.1,2026-04-04 14:53:16
User_003,TRJ_User_003_003,28.556694,77.131999,242.8,2026-04-04 14:54:11
User_003,TRJ_User_003_003,28.555524,77.125748,222.7,2026-04-04 14:55:10
User_003,TRJ_User_003_003,28.555103,77.120737,241.0,2026-04-04 14:55:41
User_003,TRJ_User_003_003,28.554866,77.11511,251.2,2026-04-04 14:56:15
User_003,TRJ_User_003_003,28.554018,77.110015,223.2,2026-04-04 14:57:09
User_003,TRJ_User_003_003,28.553157,77.104773,232.6,2026-04-04 14:57:42
User_003,TRJ_User_003_003,28.552443,77.099423,218.5,2026-04-04 14:58:08
User_003,TRJ_User_003_003,28.552223,77.093709,234.9,2026-04-04 14:58:28
User_003,TRJ_User_003_003,28.551799,77.087756,216.9,2026-04-04 14:58:47
User_003,TRJ_User_003_003,28.550953,77.082487,210.0,2026-04-04 14:59:33
User_003,TRJ_User_003_003,28.550148,77.077328,253.4,2026-04-04 15:00:11
User_003,TRJ_User_003_003,28.550011,77.071942,244.3,2026-04-04 15:01:07
User_003,TRJ_User_003_003,28.549625,77.065942,213.6,2026-04-04 15:01:35
User_003,TRJ_User_003_003,28.549325,77.060262,241.5,2026-04-04 15:02:30
User_003,TRJ_User_003_003,28.54901,77.055145,229.3,2026-04-04 15:02:41
User_003,TRJ_User_003_004,28.556707,77.065253,226.0,2026-04-04 16:14:16
User_003,TRJ_User_003_004,28.557467,77.070363,256.5,2026-04-04 16:14:32
User_003,TRJ_User_003_004,28.557975,77.074887,202.5,2026-04-04 16:14:42
User_003,TRJ_User_003_004,28.558208,77.079992,240.4,2026-04-04 16:14:59
User_003,TRJ_User_003_004,28.558194,77.085841,238.1,2026-04-04 16:15:24
User_003,TRJ_User_003_004,28.558021,77.091436,206.8,2026-04-04 16:15:47
User_003,TRJ_User_003_004,28.558708,77.09643,229.0,2026-04-04 16:15:59
User_003,TRJ_User_003_004,28.558956,77.101981,228.5,2026-04-04 16:16:20
User_003,TRJ_User_003_004,28.559256,77.107533,237.1,2026-04-04 16:17:03
User_003,TRJ_User_003_004,28.559595,77.113701,225.7,2026-04-04 16:17:52
User_003,TRJ_User_003_004,28.560179,77.118558,250.3,2026-04-04 16:18:03
User_003,TRJ_User_003_004,28.560652,77.123602,236.0,2026-04-04 16:18:24
User_003,TRJ_User_003_004,28.561248,77.129111,225.1,2026-04-04 16:18:52
User_003,TRJ_User_003_004,28.562031,77.13391,204.1,2026-04-04 16:19:37
User_003,TRJ_User_003_004,28.562175,77.138933,248.9,2026-04-04 16:20:16
User_003,TRJ_User_003_004,28.562049,77.144034,233.3,2026-04-04 16:20:44
User_003,TRJ_User_003_004,28.562673,77.149218,205.3,2026-04-04 16:21:41
User_003,TRJ_User_003_004,28.563506,77.154112,216.4,2026-04-04 16:21:53
User_003,TRJ_User_003_004,28.563996,77.15911,232.1,2026-04-04 16:22:17
User_003,TRJ_User_003_004,28.564106,77.164151,231.1,2026-04-04 16:22:34
User_003,TRJ_User_003_004,28.564641,77.168733,251.5,2026-04-04 16:23:07
User_003,TRJ_User_003_004,28.564573,77.174498,215.9,2026-04-04 16:23:26
User_003,TRJ_User_003_004,28.564876,77.180138,215.5,2026-04-04 16:24:16
User_003,TRJ_User_003_004,28.565391,77.185687,228.9,2026-04-04 16:25:04
User_003,TRJ_User_003_004,28.565214,77.191158,222.8,2026-04-04 16:25:35
User_003,TRJ_User_003_004,28.565571,77.196846,207.4,2026-04-04 16:25:56
User_003,TRJ_User_003_004,28.566057,77.202757,211.5,2026-04-04 16:26:16
User_003,TRJ_User_003_004,28.566885,77.208745,229.4,2026-04-04 16:26:33
User_003,TRJ_User_003_004,28.566893,77.213911,243.7,2026-04-04 16:27:03
User_003,TRJ_User_003_004,28.566968,77.219445,205.1,2026-04-04 16:27:24
User_003,TRJ_User_003_004,28.567717,77.224786,245.0,2026-04-04 16:27:55
User_003,TRJ_User_003_004,28.56721,77.230419,256.0,2026-04-04 16:28:28
User_003,TRJ_User_003_004,28.566887,77.235431,243.5,2026-04-04 16:29:15
User_003,TRJ_User_003_004,28.567158,77.240544,220.2,2026-04-04 16:29:30
User_003,TRJ_User_003_004,28.568099,77.246021,229.1,2026-04-04 16:29:49
User_003,TRJ_User_003_004,28.567909,77.251855,210.8,2026-04-04 16:30:37
User_003,TRJ_User_003_004,28.56711,77.256936,204.5,2026-04-04 16:31:18
User_003,TRJ_User_003_004,28.56768,77.262053,222.7,2026-04-04 16:32:09
User_003,TRJ_User_003_004,28.56757,77.267465,202.2,2026-04-04 16:32:58
User_003,TRJ_User_003_004,28.567821,77.272566,250.6,2026-04-04 16:33:25
User_003,TRJ_User_003_004,28.568014,77.277561,237.0,2026-04-04 16:34:24
User_003,TRJ_User_003_004,28.568814,77.282377,221.0,2026-04-04 16:34:41
User_003,TRJ_User_003_004,28.568986,77.287382,206.0,2026-04-04 16:35:39
User_003,TRJ_User_003_004,28.569382,77.293121,242.1,2026-04-04 16:35:52
User_003,TRJ_User_003_004,28.569848,77.298797,217.4,2026-04-04 16:36:24
User_003,TRJ_User_003_004,28.569832,77.303917,205.7,2026-04-04 16:37:07
User_003,TRJ_User_003_004,28.570106,77.308973,254.8,2026-04-04 16:37:21
User_003,TRJ_User_003_004,28.569964,77.314028,230.9,2026-04-04 16:37:42
User_003,TRJ_User_003_004,28.570343,77.31952,232.0,2026-04-04 16:38:28
User_003,TRJ_User_003_004,28.570331,77.324924,241.0,2026-04-04 16:39:03
User_003,TRJ_User_003_005,28.56993,77.320729,209.6,2026-04-04 18:36:25
User_003,TRJ_User_003_005,28.569872,77.31549,237.4,2026-04-04 18:37:20
User_003,TRJ_User_003_005,28.569118,77.309887,254.5,2026-04-04 18:38:09
User_003,TRJ_User_003_005,28.568115,77.304224,237.5,2026-04-04 18:38:54
User_003,TRJ_User_003_005,28.567693,77.299522,213.5,2026-04-04 18:39:29
User_003,TRJ_User_003_005,28.566687,77.294041,226.6,2026-04-04 18:40:17
User_003,TRJ_User_003_005,28.566174,77.288568,212.2,2026-04-04 18:40:30
User_003,TRJ_User_003_005,28.565975,77.283392,219.1,2026-04-04 18:41:23
User_003,TRJ_User_003_005,28.566142,77.277952,253.1,2026-04-04 18:42:00
User_003,TRJ_User_003_005,28.564762,77.272658,238.1,2026-04-04 18:42:37
User_003,TRJ_User_003_005,28.564333,77.267372,256.1,2026-04-04 18:42:59
User_003,TRJ_User_003_005,28.563724,77.260865,248.8,2026-04-04 18:43:19
User_003,TRJ_User_003_005,28.563321,77.255603,219.9,2026-04-04 18:44:09
User_003,TRJ_User_003_005,28.563202,77.250017,244.3,2026-04-04 18:44:23
User_003,TRJ_User_003_005,28.562271,77.244442,212.2,2026-04-04 18:44:36
User_003,TRJ_User_003_005,28.561512,77.238408,214.3,2026-04-04 18:45:22
User_003,TRJ_User_003_005,28.561576,77.232982,210.8,2026-04-04 18:46:06
User_003,TRJ_User_003_005,28.562043,77.22786,216.4,2026-04-04 18:46:29
User_003,TRJ_User_003_005,28.562309,77.221898,226.7,2026-04-04 18:46:53
User_003,TRJ_User_003_005,28.562121,77.216463,213.8,2026-04-04 18:47:36
User_003,TRJ_User_003_005,28.561255,77.211074,221.3,2026-04-04 18:48:33
User_003,TRJ_User_003_005,28.561616,77.206042,201.0,2026-04-04 18:49:20
User_003,TRJ_User_003_005,28.561513,77.200042,215.4,2026-04-04 18:50:18
User_003,TRJ_User_003_005,28.561584,77.1952,202.3,2026-04-04 18:50:58
User_003,TRJ_User_003_005,28.560897,77.190285,230.9,2026-04-04 18:51:31
User_003,TRJ_User_003_005,28.559671,77.184729,232.2,2026-04-04 18:51:53
User_003,TRJ_User_003_005,28.559261,77.179821,228.5,2026-04-04 18:52:46
User_003,TRJ_User_003_005,28.559551,77.174408,241.3,2026-04-04 18:53:45
User_003,TRJ_User_003_005,28.559169,77.169509,204.1,2026-04-04 18:54:15
User_003,TRJ_User_003_005,28.559208,77.164072,212.2,2026-04-04 18:54:47
User_003,TRJ_User_003_005,28.558633,77.159094,224.1,2026-04-04 18:55:13
User_003,TRJ_User_003_005,28.558734,77.153704,218.3,2026-04-04 18:55:40
User_003,TRJ_User_003_005,28.558397,77.147828,242.9,2026-04-04 18:56:08
User_003,TRJ_User_003_005,28.557423,77.142413,210.0,2026-04-04 18:56:21
User_003,TRJ_User_003_005,28.557522,77.136886,200.4,2026-04-04 18:57:02
User_003,TRJ_User_003_005,28.556633,77.131511,253.5,2026-04-04 18:57:21
User_003,TRJ_User_003_005,28.555966,77.125649,242.3,2026-04-04 18:57:51
User_003,TRJ_User_003_005,28.55572,77.120095,216.9,2026-04-04 18:58:21
User_003,TRJ_User_003_005,28.555317,77.114773,202.8,2026-04-04 18:59:01
User_003,TRJ_User_003_005,28.55523,77.10937,227.4,2026-04-04 18:59:29
User_003,TRJ_User_003_005,28.555031,77.104124,226.0,2026-04-04 19:00:27
User_003,TRJ_User_003_005,28.555032,77.098782,247.1,2026-04-04 19:01:03
User_003,TRJ_User_003_005,28.554945,77.093505,257.7,2026-04-04 19:01:35
User_003,TRJ_User_003_005,28.554614,77.087901,253.4,2026-04-04 19:01:49
User_003,TRJ_User_003_005,28.554354,77.082115,217.0,2026-04-04 19:02:27
User_003,TRJ_User_003_005,28.554218,77.077107,235.3,2026-04-04 19:03:18
User_003,TRJ_User_003_005,28.553543,77.071817,209.3,2026-04-04 19:04:12
User_003,TRJ_User_003_005,28.552503,77.066496,219.0,2026-04-04 19:05:06
User_003,TRJ_User_003_005,28.552113,77.061581,242.8,2026-04-04 19:05:21
User_003,TRJ_User_003_005,28.552075,77.055487,254.6,2026-04-04 19:05:47
User_003,TRJ_User_003_006,28.551396,77.063072,241.6,2026-04-04 20:41:13
User_003,TRJ_User_003_006,28.551957,77.068295,257.4,2026-04-04 20:41:29
User_003,TRJ_User_003_006,28.551393,77.073988,210.1,2026-04-04 20:42:16
User_003,TRJ_User_003_006,28.551579,77.079223,217.7,2026-04-04 20:43:07
User_003,TRJ_User_003_006,28.552487,77.084334,210.2,2026-04-04 20:43:33
User_003,TRJ_User_003_006,28.552951,77.088848,247.8,2026-04-04 20:44:27
User_003,TRJ_User_003_006,28.553109,77.094482,213.5,2026-04-04 20:44:37
User_003,TRJ_User_003_006,28.55328,77.099672,211.1,2026-04-04 20:45:25
User_003,TRJ_User_003_006,28.552511,77.105263,258.0,2026-04-04 20:46:01
User_003,TRJ_User_003_006,28.553293,77.111139,252.4,2026-04-04 20:46:28
User_003,TRJ_User_003_006,28.55378,77.116908,243.1,2026-04-04 20:46:44
User_003,TRJ_User_003_006,28.553781,77.122144,215.7,2026-04-04 20:47:02
User_003,TRJ_User_003_006,28.554022,77.127717,258.0,2026-04-04 20:47:46
User_003,TRJ_User_003_006,28.554737,77.13423,241.4,2026-04-04 20:48:34
User_003,TRJ_User_003_006,28.555106,77.139782,219.3,2026-04-04 20:49:26
User_003,TRJ_User_003_006,28.555282,77.144832,207.2,2026-04-04 20:50:13
User_003,TRJ_User_003_006,28.55584,77.149945,202.9,2026-04-04 20:51:04
User_003,TRJ_User_003_006,28.555831,77.155065,218.6,2026-04-04 20:51:25
User_003,TRJ_User_003_006,28.556833,77.16045,231.3,2026-04-04 20:52:18
User_003,TRJ_User_003_006,28.55769,77.166194,236.4,2026-04-04 20:53:06
User_003,TRJ_User_003_006,28.5579,77.171623,235.8,2026-04-04 20:53:49
User_003,TRJ_User_003_006,28.558238,77.17746,213.1,2026-04-04 20:54:20
User_003,TRJ_User_003_006,28.558328,77.182955,204.1,2026-04-04 20:54:58
User_003,TRJ_User_003_006,28.559204,77.187698,232.7,2026-04-04 20:55:11
User_003,TRJ_User_003_006,28.5597,77.192858,216.3,2026-04-04 20:55:39
User_003,TRJ_User_003_006,28.560753,77.197925,213.0,2026-04-04 20:56:07
User_003,TRJ_User_003_006,28.561056,77.203688,226.7,2026-04-04 20:56:53
User_003,TRJ_User_003_006,28.561371,77.208857,216.0,2026-04-04 20:57:46
User_003,TRJ_User_003_006,28.561421,77.214154,244.8,2026-04-04 20:58:08
User_003,TRJ_User_003_006,28.562372,77.219091,218.8,2026-04-04 20:58:52
User_003,TRJ_User_003_006,28.562486,77.224729,210.6,2026-04-04 20:59:27
User_003,TRJ_User_003_006,28.56244,77.230016,251.7,2026-04-04 20:59:48
User_003,TRJ_User_003_006,28.563206,77.235809,259.2,2026-04-04 21:00:38
User_003,TRJ_User_003_006,28.563663,77.240794,231.9,2026-04-04 21:00:57
User_003,TRJ_User_003_006,28.564246,77.245891,234.1,2026-04-04 21:01:51
User_003,TRJ_User_003_006,28.565355,77.251304,210.4,2026-04-04 21:02:10
User_003,TRJ_User_003_006,28.565878,77.25757,203.1,2026-04-04 21:02:30
User_003,TRJ_User_003_006,28.565548,77.262744,255.8,2026-04-04 21:03:11
User_003,TRJ_User_003_006,28.565761,77.26816,226.8,2026-04-04 21:03:32
User_003,TRJ_User_003_006,28.566316,77.273801,206.4,2026-04-04 21:03:47
User_003,TRJ_User_003_006,28.566952,77.279035,237.7,2026-04-04 21:04:11
User_003,TRJ_User_003_006,28.567759,77.284568,234.6,2026-04-04 21:04:53
User_003,TRJ_User_003_006,28.568839,77.288926,202.1,2026-04-04 21:05:40
User_003,TRJ_User_003_006,28.568474,77.294277,215.9,2026-04-04 21:06:37
User_003,TRJ_User_003_006,28.568944,77.299274,229.3,2026-04-04 21:06:48
User_003,TRJ_User_003_006,28.568388,77.305446,206.4,2026-04-04 21:07:25
User_003,TRJ_User_003_006,28.568845,77.310871,237.6,2026-04-04 21:08:01
User_003,TRJ_User_003_006,28.569636,77.315621,213.2,2026-04-04 21:08:17
User_003,TRJ_User_003_006,28.569867,77.320729,223.1,2026-04-04 21:08:49
User_003,TRJ_User_003_006,28.570445,77.324865,234.3,2026-04-04 21:09:27
User_003,TRJ_User_003_007,28.566447,77.324271,201.5,2026-04-05 00:40:47
User_003,TRJ_User_003_007,28.566462,77.319046,258.5,2026-04-05 00:41:42
User_003,TRJ_User_003_007,28.566473,77.31376,230.9,2026-04-05 00:42:26
User_003,TRJ_User_003_007,28.566132,77.30867,202.4,2026-04-05 00:42:37
User_003,TRJ_User_003_007,28.566059,77.303591,227.6,2026-04-05 00:42:51
User_003,TRJ_User_003_007,28.565722,77.298618,247.1,2026-04-05 00:43:31
User_003,TRJ_User_003_007,28.564876,77.293605,231.5,2026-04-05 00:44:29
User_003,TRJ_User_003_007,28.564842,77.288075,258.9,2026-04-05 00:44:43
User_003,TRJ_User_003_007,28.5651,77.282212,239.7,2026-04-05 00:45:30
User_003,TRJ_User_003_007,28.564674,77.276723,220.6,2026-04-05 00:45:54
User_003,TRJ_User_003_007,28.564255,77.271337,235.9,2026-04-05 00:46:50
User_003,TRJ_User_003_007,28.563914,77.266295,227.6,2026-04-05 00:47:20
User_003,TRJ_User_003_007,28.56378,77.261109,230.1,2026-04-05 00:48:07
User_003,TRJ_User_003_007,28.563614,77.255048,211.5,2026-04-05 00:48:37
User_003,TRJ_User_003_007,28.563612,77.249079,201.5,2026-04-05 00:49:06
User_003,TRJ_User_003_007,28.564307,77.24378,237.9,2026-04-05 00:49:44
User_003,TRJ_User_003_007,28.563666,77.238391,245.4,2026-04-05 00:50:22
User_003,TRJ_User_003_007,28.563632,77.233119,211.4,2026-04-05 00:51:08
User_003,TRJ_User_003_007,28.563392,77.22744,250.4,2026-04-05 00:51:33
User_003,TRJ_User_003_007,28.562706,77.222036,212.2,2026-04-05 00:52:15
User_003,TRJ_User_003_007,28.561704,77.216743,259.7,2026-04-05 00:52:37
User_003,TRJ_User_003_007,28.561889,77.212054,244.5,2026-04-05 00:52:51
User_003,TRJ_User_003_007,28.561727,77.20689,217.0,2026-04-05 00:53:46
User_003,TRJ_User_003_007,28.561859,77.201145,237.2,2026-04-05 00:54:18
User_003,TRJ_User_003_007,28.56111,77.195902,206.3,2026-04-05 00:54:30
User_003,TRJ_User_003_007,28.560165,77.190849,246.6,2026-04-05 00:54:57
User_003,TRJ_User_003_007,28.56013,77.1856,217.2,2026-04-05 00:55:07
User_003,TRJ_User_003_007,28.559821,77.180035,202.0,2026-04-05 00:56:01
User_003,TRJ_User_003_007,28.559053,77.17472,242.7,2026-04-05 00:56:21
User_003,TRJ_User_003_007,28.558983,77.168778,202.9,2026-04-05 00:56:43
User_003,TRJ_User_003_007,28.558509,77.163199,245.5,2026-04-05 00:57:20
User_003,TRJ_User_003_007,28.557949,77.157514,245.2,2026-04-05 00:57:44
User_003,TRJ_User_003_007,28.557848,77.151731,235.6,2026-04-05 00:58:08
User_003,TRJ_User_003_007,28.55791,77.146296,255.7,2026-04-05 00:58:30
User_003,TRJ_User_003_007,28.557236,77.140326,233.9,2026-04-05 00:59:18
User_003,TRJ_User_003_007,28.556861,77.135048,253.7,2026-04-05 01:00:04
User_003,TRJ_User_003_007,28.55604,77.129837,232.7,2026-04-05 01:00:49
User_003,TRJ_User_003_007,28.555787,77.123856,228.1,2026-04-05 01:01:33
User_003,TRJ_User_003_007,28.555268,77.118316,208.6,2026-04-05 01:02:07
User_003,TRJ_User_003_007,28.555937,77.113957,206.4,2026-04-05 01:02:38
User_003,TRJ_User_003_007,28.556321,77.10839,250.4,2026-04-05 01:03:23
User_003,TRJ_User_003_007,28.555836,77.10339,239.3,2026-04-05 01:03:54
User_003,TRJ_User_003_007,28.555259,77.097685,203.3,2026-04-05 01:04:50
User_003,TRJ_User_003_007,28.555358,77.092212,234.2,2026-04-05 01:05:08
User_003,TRJ_User_003_007,28.554328,77.086431,211.0,2026-04-05 01:06:05
User_003,TRJ_User_003_007,28.554335,77.080747,206.4,2026-04-05 01:06:33
User_003,TRJ_User_003_007,28.554159,77.075445,226.9,2026-04-05 01:07:11
User_003,TRJ_User_003_007,28.553179,77.069243,218.6,2026-04-05 01:07:37
User_003,TRJ_User_003_007,28.552843,77.063449,256.4,2026-04-05 01:07:51
User_003,TRJ_User_003_007,28.552701,77.058253,215.2,2026-04-05 01:08:36
User_003,TRJ_User_003_008,28.552783,77.058253,240.8,2026-04-05 04:03:49
User_003,TRJ_User_003_008,28.553996,77.061626,249.4,2026-04-05 04:04:14
User_003,TRJ_User_003_008,28.555544,77.06493,202.8,2026-04-05 04:05:05
User_003,TRJ_User_003_008,28.557061,77.068332,249.2,2026-04-05 04:05:39
User_003,TRJ_User_003_008,28.559368,77.071226,214.2,2026-04-05 04:05:56
User_003,TRJ_User_003_008,28.561564,77.07446,208.1,2026-04-05 04:06:36
User_003,TRJ_User_003_008,28.562976,77.077616,244.1,2026-04-05 04:06:48
User_003,TRJ_User_003_008,28.564477,77.080645,249.0,2026-04-05 04:07:27
User_003,TRJ_User_003_008,28.566011,77.083548,225.1,2026-04-05 04:07:40
User_003,TRJ_User_003_008,28.567151,77.086657,259.2,2026-04-05 04:08:12
User_003,TRJ_User_003_008,28.568631,77.089817,203.4,2026-04-05 04:08:52
User_003,TRJ_User_003_008,28.570536,77.0931,229.8,2026-04-05 04:09:47
User_003,TRJ_User_003_008,28.571858,77.096317,236.7,2026-04-05 04:10:39
User_003,TRJ_User_003_008,28.573992,77.099259,230.0,2026-04-05 04:10:54
User_003,TRJ_User_003_008,28.57493,77.102766,202.1,2026-04-05 04:11:27
User_003,TRJ_User_003_008,28.577095,77.105868,235.7,2026-04-05 04:12:18
User_003,TRJ_User_003_008,28.578946,77.109441,214.9,2026-04-05 04:13:01
User_003,TRJ_User_003_008,28.580124,77.112568,205.6,2026-04-05 04:13:56
User_003,TRJ_User_003_008,28.581204,77.116142,227.0,2026-04-05 04:14:48
User_003,TRJ_User_003_008,28.582468,77.119829,230.4,2026-04-05 04:15:44
User_003,TRJ_User_003_008,28.583977,77.123472,245.7,2026-04-05 04:16:01
User_003,TRJ_User_003_008,28.585724,77.126757,237.9,2026-04-05 04:16:37
User_003,TRJ_User_003_008,28.587797,77.12885,200.4,2026-04-05 04:17:25
User_003,TRJ_User_003_008,28.58916,77.132253,252.7,2026-04-05 04:18:07
User_003,TRJ_User_003_008,28.591044,77.135252,235.3,2026-04-05 04:18:28
User_003,TRJ_User_003_008,28.592339,77.137689,204.2,2026-04-05 04:19:26
User_003,TRJ_User_003_008,28.593336,77.140701,252.0,2026-04-05 04:20:08
User_003,TRJ_User_003_008,28.594689,77.143954,242.1,2026-04-05 04:20:47
User_003,TRJ_User_003_008,28.596408,77.147393,230.4,2026-04-05 04:21:44
User_003,TRJ_User_003_008,28.59913,77.150384,255.0,2026-04-05 04:22:39
User_003,TRJ_User_003_008,28.601377,77.153883,237.1,2026-04-05 04:23:05
User_003,TRJ_User_003_008,28.602346,77.15702,254.9,2026-04-05 04:23:36
User_003,TRJ_User_003_008,28.60353,77.159046,256.1,2026-04-05 04:23:59
User_003,TRJ_User_003_008,28.604715,77.162324,222.5,2026-04-05 04:24:58
User_003,TRJ_User_003_008,28.606301,77.165857,210.9,2026-04-05 04:25:16
User_003,TRJ_User_003_008,28.607786,77.168622,255.6,2026-04-05 04:25:59
User_003,TRJ_User_003_008,28.609283,77.171475,201.7,2026-04-05 04:26:14
User_003,TRJ_User_003_008,28.611429,77.174131,242.9,2026-04-05 04:26:41
User_003,TRJ_User_003_008,28.612541,77.177652,243.1,2026-04-05 04:26:55
User_003,TRJ_User_003_008,28.613806,77.180804,230.5,2026-04-05 04:27:41
User_003,TRJ_User_003_008,28.616009,77.183752,241.1,2026-04-05 04:28:36
User_003,TRJ_User_003_008,28.617783,77.187387,202.5,2026-04-05 04:29:16
User_003,TRJ_User_003_008,28.618889,77.190116,200.4,2026-04-05 04:30:03
User_003,TRJ_User_003_008,28.620395,77.19377,258.8,2026-04-05 04:30:26
User_003,TRJ_User_003_008,28.622134,77.196644,253.9,2026-04-05 04:31:13
User_003,TRJ_User_003_008,28.624016,77.200104,224.0,2026-04-05 04:32:04
User_003,TRJ_User_003_008,28.625656,77.202877,202.2,2026-04-05 04:32:41
User_003,TRJ_User_003_008,28.627467,77.206324,212.1,2026-04-05 04:33:12
User_003,TRJ_User_003_008,28.628291,77.209986,257.9,2026-04-05 04:34:00
User_003,TRJ_User_003_008,28.630195,77.213259,240.0,2026-04-05 04:34:30
User_003,TRJ_User_003_009,28.570471,77.318583,204.3,2026-04-05 06:02:29
User_003,TRJ_User_003_009,28.57023,77.313055,212.6,2026-04-05 06:03:19
User_003,TRJ_User_003_009,28.570018,77.307332,210.3,2026-04-05 06:03:41
User_003,TRJ_User_003_009,28.569839,77.301471,205.0,2026-04-05 06:04:25
User_003,TRJ_User_003_009,28.569147,77.296146,237.6,2026-04-05 06:04:47
User_003,TRJ_User_003_009,28.569018,77.290878,212.4,2026-04-05 06:05:36
User_003,TRJ_User_003_009,28.568421,77.285693,232.8,2026-04-05 06:06:01
User_003,TRJ_User_003_009,28.567979,77.280025,251.2,2026-04-05 06:06:49
User_003,TRJ_User_003_009,28.567552,77.274719,226.9,2026-04-05 06:07:38
User_003,TRJ_User_003_009,28.566963,77.269499,237.4,2026-04-05 06:08:19
User_003,TRJ_User_003_009,28.566321,77.26445,238.4,2026-04-05 06:08:50
User_003,TRJ_User_003_009,28.566388,77.258809,248.1,2026-04-05 06:09:17
User_003,TRJ_User_003_009,28.566117,77.253881,207.6,2026-04-05 06:09:42
User_003,TRJ_User_003_009,28.565338,77.248492,227.2,2026-04-05 06:10:05
User_003,TRJ_User_003_009,28.564655,77.243213,211.5,2026-04-05 06:10:37
User_003,TRJ_User_003_009,28.564538,77.237883,232.1,2026-04-05 06:11:06
User_003,TRJ_User_003_009,28.564697,77.232698,220.5,2026-04-05 06:11:33
User_003,TRJ_User_003_009,28.564805,77.227346,249.9,2026-04-05 06:12:00
User_003,TRJ_User_003_009,28.564701,77.222064,243.6,2026-04-05 06:12:28
User_003,TRJ_User_003_009,28.564618,77.216465,229.2,2026-04-05 06:12:57
User_003,TRJ_User_003_009,28.564395,77.211146,246.4,2026-04-05 06:13:17
User_003,TRJ_User_003_009,28.563666,77.2056,227.6,2026-04-05 06:14:15
User_003,TRJ_User_003_009,28.563269,77.200208,232.6,2026-04-05 06:15:04
User_003,TRJ_User_003_009,28.562799,77.194673,240.3,2026-04-05 06:15:56
User_003,TRJ_User_003_009,28.561865,77.189052,214.6,2026-04-05 06:16:29
User_003,TRJ_User_003_009,28.561871,77.183345,204.6,2026-04-05 06:17:16
User_003,TRJ_User_003_009,28.562066,77.177839,220.3,2026-04-05 06:17:26
User_003,TRJ_User_003_009,28.561264,77.173453,249.1,2026-04-05 06:17:42
User_003,TRJ_User_003_009,28.561417,77.167765,219.2,2026-04-05 06:18:22
User_003,TRJ_User_003_009,28.56065,77.16206,231.2,2026-04-05 06:19:07
User_003,TRJ_User_003_009,28.560546,77.156643,232.7,2026-04-05 06:19:34
User_003,TRJ_User_003_009,28.560165,77.151651,227.2,2026-04-05 06:19:51
User_003,TRJ_User_003_009,28.560137,77.145839,203.1,2026-04-05 06:20:28
User_003,TRJ_User_003_009,28.559997,77.140749,230.6,2026-04-05 06:21:00
User_003,TRJ_User_003_009,28.559708,77.135032,240.0,2026-04-05 06:21:46
User_003,TRJ_User_003_009,28.559432,77.130335,204.6,2026-04-05 06:21:57
User_003,TRJ_User_003_009,28.55966,77.125523,242.0,2026-04-05 06:22:44
User_003,TRJ_User_003_009,28.559751,77.120398,228.0,2026-04-05 06:22:55
User_003,TRJ_User_003_009,28.559151,77.115252,230.7,2026-04-05 06:23:14
User_003,TRJ_User_003_009,28.558988,77.109973,234.8,2026-04-05 06:23:35
User_003,TRJ_User_003_009,28.55883,77.104318,230.3,2026-04-05 06:23:55
User_003,TRJ_User_003_009,28.558184,77.099147,250.2,2026-04-05 06:24:48
User_003,TRJ_User_003_009,28.557244,77.093713,234.0,2026-04-05 06:25:18
User_003,TRJ_User_003_009,28.556654,77.088436,250.2,2026-04-05 06:26:01
User_003,TRJ_User_003_009,28.556353,77.083492,219.9,2026-04-05 06:26:25
User_003,TRJ_User_003_009,28.555441,77.078327,207.0,2026-04-05 06:27:02
User_003,TRJ_User_003_009,28.554508,77.072751,200.9,2026-04-05 06:27:17
User_003,TRJ_User_003_009,28.553834,77.067248,208.7,2026-04-05 06:28:03
User_003,TRJ_User_003_009,28.55345,77.061899,260.0,2026-04-05 06:28:27
User_003,TRJ_User_003_009,28.552734,77.056751,214.6,2026-04-05 06:29:20
User_003,TRJ_User_003_010,28.553358,77.062991,246.0,2026-04-05 08:15:11
User_003,TRJ_User_003_010,28.55461,77.065641,224.1,2026-04-05 08:15:44
User_003,TRJ_User_003_010,28.556474,77.068912,241.6,2026-04-05 08:15:57
User_003,TRJ_User_003_010,28.558538,77.071785,248.2,2026-04-05 08:16:36
User_003,TRJ_User_003_010,28.561196,77.075255,200.9,2026-04-05 08:17:22
User_003,TRJ_User_003_010,28.563035,77.078764,211.4,2026-04-05 08:18:10
User_003,TRJ_User_003_010,28.564723,77.081573,207.3,2026-04-05 08:18:23
User_003,TRJ_User_003_010,28.566223,77.084474,230.2,2026-04-05 08:19:10
User_003,TRJ_User_003_010,28.567849,77.087955,210.5,2026-04-05 08:20:01
User_003,TRJ_User_003_010,28.569024,77.090359,223.4,2026-04-05 08:20:33
User_003,TRJ_User_003_010,28.571271,77.093619,245.4,2026-04-05 08:21:00
User_003,TRJ_User_003_010,28.572683,77.096579,200.6,2026-04-05 08:21:23
User_003,TRJ_User_003_010,28.574234,77.099374,210.4,2026-04-05 08:21:48
User_003,TRJ_User_003_010,28.575512,77.102377,223.3,2026-04-05 08:22:16
User_003,TRJ_User_003_010,28.577707,77.105964,250.2,2026-04-05 08:22:58
User_003,TRJ_User_003_010,28.579258,77.109513,231.2,2026-04-05 08:23:44
User_003,TRJ_User_003_010,28.580995,77.112651,205.8,2026-04-05 08:24:33
User_003,TRJ_User_003_010,28.583055,77.116287,227.2,2026-04-05 08:24:52
User_003,TRJ_User_003_010,28.585335,77.119841,215.3,2026-04-05 08:25:34
User_003,TRJ_User_003_010,28.586761,77.123153,249.6,2026-04-05 08:26:02
User_003,TRJ_User_003_010,28.58805,77.126298,223.0,2026-04-05 08:26:51
User_003,TRJ_User_003_010,28.58929,77.129465,218.2,2026-04-05 08:27:23
User_003,TRJ_User_003_010,28.59108,77.132552,219.2,2026-04-05 08:27:52
User_003,TRJ_User_003_010,28.592229,77.136104,240.3,2026-04-05 08:28:47
User_003,TRJ_User_003_010,28.593434,77.13969,247.0,2026-04-05 08:29:04
User_003,TRJ_User_003_010,28.595034,77.142759,209.8,2026-04-05 08:29:21
User_003,TRJ_User_003_010,28.595786,77.145517,222.0,2026-04-05 08:30:02
User_003,TRJ_User_003_010,28.597802,77.148781,253.3,2026-04-05 08:30:57
User_003,TRJ_User_003_010,28.598903,77.152274,216.7,2026-04-05 08:31:55
User_003,TRJ_User_003_010,28.60071,77.156066,238.9,2026-04-05 08:32:14
User_003,TRJ_User_003_010,28.602748,77.159612,221.6,2026-04-05 08:32:43
User_003,TRJ_User_003_010,28.604061,77.16266,211.6,2026-04-05 08:33:41
User_003,TRJ_User_003_010,28.606097,77.165338,252.3,2026-04-05 08:34:39
User_003,TRJ_User_003_010,28.607963,77.169722,214.6,2026-04-05 08:35:27
User_003,TRJ_User_003_010,28.609452,77.172459,245.7,2026-04-05 08:36:06
User_003,TRJ_User_003_010,28.610741,77.175719,240.3,2026-04-05 08:36:53
User_003,TRJ_User_003_010,28.612197,77.179348,204.4,2026-04-05 08:37:24
User_003,TRJ_User_003_010,28.614451,77.182194,216.1,2026-04-05 08:38:12
User_003,TRJ_User_003_010,28.61581,77.185341,234.2,2026-04-05 08:39:03
User_003,TRJ_User_003_010,28.616616,77.187694,257.3,2026-04-05 08:39:46
User_003,TRJ_User_003_010,28.618259,77.190992,203.9,2026-04-05 08:40:19
User_003,TRJ_User_003_010,28.619876,77.194489,237.8,2026-04-05 08:41:18
User_003,TRJ_User_003_010,28.620726,77.198046,209.9,2026-04-05 08:41:42
User_003,TRJ_User_003_010,28.621821,77.201367,236.4,2026-04-05 08:42:05
User_003,TRJ_User_003_010,28.623694,77.20472,258.1,2026-04-05 08:42:57
User_003,TRJ_User_003_010,28.625692,77.208403,253.5,2026-04-05 08:43:13
User_003,TRJ_User_003_010,28.62764,77.212364,244.6,2026-04-05 08:43:59
User_003,TRJ_User_003_010,28.629114,77.215986,238.9,2026-04-05 08:44:35
User_003,TRJ_User_003_010,28.630309,77.219268,226.6,2026-04-05 08:45:30
User_003,TRJ_User_003_010,28.63106,77.222397,226.4,2026-04-05 08:46:21
User_004,TRJ_User_004_001,28.551816,77.199422,203.6,2026-04-05 12:00:28
User_004,TRJ_User_004_001,28.551735,77.197807,224.8,2026-04-05 12:01:06
User_004,TRJ_User_004_001,28.552203,77.196028,223.8,2026-04-05 12:01:24
User_004,TRJ_User_004_001,28.552575,77.194268,246.5,2026-04-05 12:02:12
User_004,TRJ_User_004_001,28.55268,77.193288,259.3,2026-04-05 12:03:04
User_004,TRJ_User_004_001,28.552615,77.191317,235.2,2026-04-05 12:03:18
User_004,TRJ_User_004_001,28.552951,77.189071,243.3,2026-04-05 12:04:10
User_004,TRJ_User_004_001,28.553018,77.186779,204.5,2026-04-05 12:04:25
User_004,TRJ_User_004_001,28.553807,77.185978,206.9,2026-04-05 12:05:03
User_004,TRJ_User_004_001,28.553206,77.184443,201.3,2026-04-05 12:05:32
User_004,TRJ_User_004_001,28.553333,77.18265,232.4,2026-04-05 12:05:52
User_004,TRJ_User_004_001,28.552983,77.181813,217.3,2026-04-05 12:06:45
User_004,TRJ_User_004_001,28.552347,77.179907,254.4,2026-04-05 12:07:01
User_004,TRJ_User_004_001,28.552489,77.178184,213.8,2026-04-05 12:07:30
User_004,TRJ_User_004_001,28.552071,77.176229,241.2,2026-04-05 12:07:56
User_004,TRJ_User_004_001,28.552156,77.17487,242.1,2026-04-05 12:08:50
User_004,TRJ_User_004_001,28.551941,77.173274,256.0,2026-04-05 12:09:35
User_004,TRJ_User_004_001,28.551677,77.171938,226.9,2026-04-05 12:09:50
User_004,TRJ_User_004_001,28.551782,77.170638,207.0,2026-04-05 12:10:11
User_004,TRJ_User_004_001,28.551973,77.168616,228.9,2026-04-05 12:10:39
User_004,TRJ_User_004_001,28.552042,77.166292,250.2,2026-04-05 12:11:37
User_004,TRJ_User_004_001,28.552024,77.164612,242.4,2026-04-05 12:11:47
User_004,TRJ_User_004_001,28.551691,77.162148,253.5,2026-04-05 12:12:21
User_004,TRJ_User_004_001,28.551816,77.160059,257.8,2026-04-05 12:12:37
User_004,TRJ_User_004_001,28.551888,77.158104,200.6,2026-04-05 12:12:58
User_004,TRJ_User_004_001,28.551469,77.156861,233.6,2026-04-05 12:13:20
User_004,TRJ_User_004_001,28.551736,77.155575,203.1,2026-04-05 12:13:45
User_004,TRJ_User_004_001,28.552367,77.154237,212.6,2026-04-05 12:14:05
User_004,TRJ_User_004_001,28.552757,77.153168,228.3,2026-04-05 12:14:30
User_004,TRJ_User_004_001,28.553102,77.151654,243.8,2026-04-05 12:14:58
User_004,TRJ_User_004_001,28.553106,77.149767,251.5,2026-04-05 12:15:48
User_004,TRJ_User_004_001,28.553518,77.147673,253.3,2026-04-05 12:16:36
User_004,TRJ_User_004_001,28.553944,77.146632,258.2,2026-04-05 12:17:22
User_004,TRJ_User_004_001,28.554134,77.144171,258.8,2026-04-05 12:18:04
User_004,TRJ_User_004_001,28.554281,77.143715,208.7,2026-04-05 12:18:41
User_004,TRJ_User_004_001,28.554047,77.142539,229.0,2026-04-05 12:18:51
User_004,TRJ_User_004_001,28.553787,77.141478,203.2,2026-04-05 12:19:29
User_004,TRJ_User_004_001,28.55413,77.139712,235.6,2026-04-05 12:20:03
User_004,TRJ_User_004_001,28.554892,77.137722,211.4,2026-04-05 12:20:18
User_004,TRJ_User_004_001,28.555204,77.13682,223.2,2026-04-05 12:20:52
User_004,TRJ_User_004_001,28.555427,77.135845,227.1,2026-04-05 12:21:37
User_004,TRJ_User_004_001,28.555603,77.134246,249.5,2026-04-05 12:22:06
User_004,TRJ_User_004_001,28.555962,77.132545,230.2,2026-04-05 12:22:34
User_004,TRJ_User_004_001,28.556156,77.130674,224.6,2026-04-05 12:23:10
User_004,TRJ_User_004_001,28.555857,77.129453,215.0,2026-04-05 12:23:33
User_004,TRJ_User_004_001,28.555593,77.127221,251.3,2026-04-05 12:24:12
User_004,TRJ_User_004_001,28.556,77.125514,201.7,2026-04-05 12:25:05
User_004,TRJ_User_004_001,28.556152,77.124199,232.0,2026-04-05 12:25:37
User_004,TRJ_User_004_001,28.556708,77.122373,231.4,2026-04-05 12:25:56
User_004,TRJ_User_004_001,28.557102,77.120522,254.0,2026-04-05 12:26:17
User_004,TRJ_User_004_002,28.55928,77.122694,212.0,2026-04-05 13:38:41
User_004,TRJ_User_004_002,28.561876,77.124083,206.8,2026-04-05 13:38:56
User_004,TRJ_User_004_002,28.564933,77.125037,249.1,2026-04-05 13:39:41
User_004,TRJ_User_004_002,28.566668,77.126348,220.7,2026-04-05 13:40:40
User_004,TRJ_User_004_002,28.568257,77.128398,208.3,2026-04-05 13:41:22
User_004,TRJ_User_004_002,28.570109,77.12948,236.6,2026-04-05 13:42:12
User_004,TRJ_User_004_002,28.572669,77.130509,213.6,2026-04-05 13:43:04
User_004,TRJ_User_004_002,28.57494,77.131888,216.1,2026-04-05 13:43:28
User_004,TRJ_User_004_002,28.577181,77.132892,211.4,2026-04-05 13:44:27
User_004,TRJ_User_004_002,28.578524,77.134152,226.3,2026-04-05 13:45:17
User_004,TRJ_User_004_002,28.580188,77.135266,225.1,2026-04-05 13:45:52
User_004,TRJ_User_004_002,28.582244,77.137319,221.5,2026-04-05 13:46:20
User_004,TRJ_User_004_002,28.584628,77.138391,253.6,2026-04-05 13:46:53
User_004,TRJ_User_004_002,28.587029,77.139588,216.7,2026-04-05 13:47:26
User_004,TRJ_User_004_002,28.588669,77.141265,203.8,2026-04-05 13:48:06
User_004,TRJ_User_004_002,28.591327,77.143164,231.4,2026-04-05 13:48:41
User_004,TRJ_User_004_002,28.59335,77.144757,201.1,2026-04-05 13:49:19
User_004,TRJ_User_004_002,28.594644,77.145636,232.6,2026-04-05 13:49:38
User_004,TRJ_User_004_002,28.59627,77.147283,240.6,2026-04-05 13:50:17
User_004,TRJ_User_004_002,28.598093,77.147938,243.2,2026-04-05 13:50:27
User_004,TRJ_User_004_002,28.600424,77.149112,217.7,2026-04-05 13:51:06
User_004,TRJ_User_004_002,28.602113,77.149934,251.1,2026-04-05 13:51:16
User_004,TRJ_User_004_002,28.604028,77.151622,239.7,2026-04-05 13:52:05
User_004,TRJ_User_004_002,28.605901,77.152153,226.3,2026-04-05 13:52:32
User_004,TRJ_User_004_002,28.607897,77.15364,224.9,2026-04-05 13:53:00
User_004,TRJ_User_004_002,28.609374,77.155348,228.1,2026-04-05 13:53:25
User_004,TRJ_User_004_002,28.611148,77.157225,235.8,2026-04-05 13:54:00
User_004,TRJ_User_004_002,28.613482,77.158672,228.4,2026-04-05 13:54:27
User_004,TRJ_User_004_002,28.615352,77.159985,209.3,2026-04-05 13:55:13
User_004,TRJ_User_004_002,28.617496,77.161406,200.2,2026-04-05 13:55:46
User_004,TRJ_User_004_002,28.619449,77.162404,251.7,2026-04-05 13:56:05
User_004,TRJ_User_004_002,28.620687,77.163509,233.5,2026-04-05 13:56:55
User_004,TRJ_User_004_002,28.622085,77.165022,257.8,2026-04-05 13:57:31
User_004,TRJ_User_004_002,28.62407,77.166883,260.0,2026-04-05 13:58:29
User_004,TRJ_User_004_002,28.626599,77.168891,203.9,2026-04-05 13:59:12
User_004,TRJ_User_004_002,28.628343,77.170583,206.8,2026-04-05 13:59:49
User_004,TRJ_User_004_002,28.630725,77.172135,209.4,2026-04-05 14:00:35
User_004,TRJ_User_004_002,28.632712,77.173509,203.3,2026-04-05 14:01:02
User_004,TRJ_User_004_002,28.635199,77.17404,235.9,2026-04-05 14:01:31
User_004,TRJ_User_004_002,28.637244,77.175565,233.0,2026-04-05 14:01:50
User_004,TRJ_User_004_002,28.638795,77.176307,219.0,2026-04-05 14:02:15
User_004,TRJ_User_004_002,28.640327,77.177348,259.9,2026-04-05 14:03:09
User_004,TRJ_User_004_002,28.642234,77.178361,203.4,2026-04-05 14:03:29
User_004,TRJ_User_004_002,28.643539,77.180292,232.1,2026-04-05 14:04:09
User_004,TRJ_User_004_002,28.645522,77.18218,210.8,2026-04-05 14:04:24
User_004,TRJ_User_004_002,28.64736,77.184141,207.9,2026-04-05 14:04:37
User_004,TRJ_User_004_002,28.649534,77.185548,235.9,2026-04-05 14:05:08
User_004,TRJ_User_004_002,28.652445,77.186032,258.5,2026-04-05 14:05:47
User_004,TRJ_User_004_002,28.653997,77.187724,203.6,2026-04-05 14:06:28
User_004,TRJ_User_004_002,28.656143,77.188678,224.3,2026-04-05 14:07:25
User_004,TRJ_User_004_003,28.549449,77.195486,237.1,2026-04-05 15:27:17
User_004,TRJ_User_004_003,28.549441,77.193417,226.9,2026-04-05 15:27:32
User_004,TRJ_User_004_003,28.550013,77.191278,216.5,2026-04-05 15:28:21
User_004,TRJ_User_004_003,28.549579,77.190295,213.6,2026-04-05 15:28:55
User_004,TRJ_User_004_003,28.548956,77.18887,223.6,2026-04-05 15:29:06
User_004,TRJ_User_004_003,28.548757,77.187136,215.8,2026-04-05 15:29:56
User_004,TRJ_User_004_003,28.548975,77.185297,220.4,2026-04-05 15:30:13
User_004,TRJ_User_004_003,28.549036,77.18302,210.8,2026-04-05 15:31:02
User_004,TRJ_User_004_003,28.549634,77.181517,200.3,2026-04-05 15:31:25
User_004,TRJ_User_004_003,28.54954,77.179497,209.0,2026-04-05 15:31:36
User_004,TRJ_User_004_003,28.549732,77.1788,228.6,2026-04-05 15:32:05
User_004,TRJ_User_004_003,28.549798,77.176289,253.8,2026-04-05 15:32:54
User_004,TRJ_User_004_003,28.54935,77.174571,212.0,2026-04-05 15:33:31
User_004,TRJ_User_004_003,28.55001,77.17328,245.9,2026-04-05 15:34:02
User_004,TRJ_User_004_003,28.550419,77.171486,251.1,2026-04-05 15:34:41
User_004,TRJ_User_004_003,28.550691,77.169913,212.0,2026-04-05 15:35:25
User_004,TRJ_User_004_003,28.550331,77.168973,245.3,2026-04-05 15:35:38
User_004,TRJ_User_004_003,28.550552,77.167731,224.7,2026-04-05 15:36:31
User_004,TRJ_User_004_003,28.550616,77.166261,251.0,2026-04-05 15:36:44
User_004,TRJ_User_004_003,28.551556,77.164967,222.9,2026-04-05 15:37:02
User_004,TRJ_User_004_003,28.552081,77.163978,219.2,2026-04-05 15:37:24
User_004,TRJ_User_004_003,28.551721,77.162445,203.2,2026-04-05 15:38:22
User_004,TRJ_User_004_003,28.551064,77.160789,246.0,2026-04-05 15:38:41
User_004,TRJ_User_004_003,28.550879,77.159663,235.6,2026-04-05 15:39:04
User_004,TRJ_User_004_003,28.550883,77.158164,234.0,2026-04-05 15:39:30
User_004,TRJ_User_004_003,28.55075,77.156917,254.5,2026-04-05 15:39:42
User_004,TRJ_User_004_003,28.551285,77.155335,238.5,2026-04-05 15:40:40
User_004,TRJ_User_004_003,28.551452,77.153801,231.9,2026-04-05 15:41:22
User_004,TRJ_User_004_003,28.5515,77.152664,241.5,2026-04-05 15:42:01
User_004,TRJ_User_004_003,28.552197,77.150632,228.2,2026-04-05 15:42:52
User_004,TRJ_User_004_003,28.552081,77.149141,224.8,2026-04-05 15:43:45
User_004,TRJ_User_004_003,28.552848,77.147429,249.7,2026-04-05 15:44:18
User_004,TRJ_User_004_003,28.553277,77.145905,250.1,2026-04-05 15:45:01
User_004,TRJ_User_004_003,28.553833,77.144325,202.4,2026-04-05 15:45:18
User_004,TRJ_User_004_003,28.553876,77.14272,255.7,2026-04-05 15:45:45
User_004,TRJ_User_004_003,28.55359,77.140265,242.3,2026-04-05 15:46:33
User_004,TRJ_User_004_003,28.553557,77.138761,211.2,2026-04-05 15:47:31
User_004,TRJ_User_004_003,28.554269,77.136812,223.2,2026-04-05 15:47:55
User_004,TRJ_User_004_003,28.554106,77.134999,215.0,2026-04-05 15:48:45
User_004,TRJ_User_004_003,28.553898,77.133205,230.3,2026-04-05 15:49:15
User_004,TRJ_User_004_003,28.554332,77.131316,218.6,2026-04-05 15:49:33
User_004,TRJ_User_004_003,28.554151,77.130412,204.6,2026-04-05 15:50:26
User_004,TRJ_User_004_003,28.554274,77.128911,209.1,2026-04-05 15:51:16
User_004,TRJ_User_004_003,28.554667,77.126711,235.2,2026-04-05 15:52:09
User_004,TRJ_User_004_003,28.554636,77.125419,235.4,2026-04-05 15:52:29
User_004,TRJ_User_004_003,28.554381,77.124033,256.0,2026-04-05 15:53:03
User_004,TRJ_User_004_003,28.554928,77.122756,247.7,2026-04-05 15:53:29
User_004,TRJ_User_004_003,28.555484,77.121193,231.6,2026-04-05 15:54:13
User_004,TRJ_User_004_003,28.55492,77.119545,227.8,2026-04-05 15:54:38
User_004,TRJ_User_004_003,28.554804,77.118295,254.0,2026-04-05 15:55:12
User_004,TRJ_User_004_004,28.563858,77.122227,236.1,2026-04-05 18:48:40
User_004,TRJ_User_004_004,28.565084,77.123385,255.5,2026-04-05 18:49:12
User_004,TRJ_User_004_004,28.566475,77.124002,237.4,2026-04-05 18:50:03
User_004,TRJ_User_004_004,28.568188,77.125412,215.5,2026-04-05 18:50:27
User_004,TRJ_User_004_004,28.569232,77.126667,202.0,2026-04-05 18:51:21
User_004,TRJ_User_004_004,28.57149,77.128683,218.6,2026-04-05 18:52:11
User_004,TRJ_User_004_004,28.57327,77.130164,245.4,2026-04-05 18:52:21
User_004,TRJ_User_004_004,28.574917,77.13121,235.5,2026-04-05 18:52:59
User_004,TRJ_User_004_004,28.576122,77.132885,204.0,2026-04-05 18:53:49
User_004,TRJ_User_004_004,28.5781,77.134155,225.0,2026-04-05 18:54:28
User_004,TRJ_User_004_004,28.579785,77.135484,241.3,2026-04-05 18:54:58
User_004,TRJ_User_004_004,28.581927,77.1369,248.3,2026-04-05 18:55:16
User_004,TRJ_User_004_004,28.583818,77.138147,229.5,2026-04-05 18:55:47
User_004,TRJ_User_004_004,28.585509,77.139935,228.9,2026-04-05 18:56:12
User_004,TRJ_User_004_004,28.587277,77.141027,210.3,2026-04-05 18:56:39
User_004,TRJ_User_004_004,28.588932,77.141715,240.3,2026-04-05 18:57:27
User_004,TRJ_User_004_004,28.590983,77.143587,228.3,2026-04-05 18:58:07
User_004,TRJ_User_004_004,28.592848,77.144942,243.2,2026-04-05 18:58:48
User_004,TRJ_User_004_004,28.594512,77.145758,237.1,2026-04-05 18:59:16
User_004,TRJ_User_004_004,28.596167,77.147375,249.4,2026-04-05 19:00:08
User_004,TRJ_User_004_004,28.598409,77.148415,217.3,2026-04-05 19:00:37
User_004,TRJ_User_004_004,28.599949,77.150442,237.8,2026-04-05 19:00:55
User_004,TRJ_User_004_004,28.602357,77.152401,207.9,2026-04-05 19:01:18
User_004,TRJ_User_004_004,28.60379,77.153479,229.0,2026-04-05 19:01:39
User_004,TRJ_User_004_004,28.60601,77.154661,221.4,2026-04-05 19:02:12
User_004,TRJ_User_004_004,28.607893,77.156056,246.2,2026-04-05 19:03:05
User_004,TRJ_User_004_004,28.609019,77.157073,258.9,2026-04-05 19:03:59
User_004,TRJ_User_004_004,28.61108,77.15876,213.7,2026-04-05 19:04:39
User_004,TRJ_User_004_004,28.612341,77.160114,208.7,2026-04-05 19:04:54
User_004,TRJ_User_004_004,28.614596,77.162343,229.2,2026-04-05 19:05:04
User_004,TRJ_User_004_004,28.616559,77.163556,232.5,2026-04-05 19:05:54
User_004,TRJ_User_004_004,28.618266,77.164347,215.9,2026-04-05 19:06:22
User_004,TRJ_User_004_004,28.619668,77.165611,231.1,2026-04-05 19:06:45
User_004,TRJ_User_004_004,28.621353,77.167207,229.4,2026-04-05 19:07:25
User_004,TRJ_User_004_004,28.622449,77.168059,247.7,2026-04-05 19:07:58
User_004,TRJ_User_004_004,28.624124,77.169536,206.4,2026-04-05 19:08:24
User_004,TRJ_User_004_004,28.625747,77.170638,253.7,2026-04-05 19:08:57
User_004,TRJ_User_004_004,28.627588,77.17249,234.2,2026-04-05 19:09:24
User_004,TRJ_User_004_004,28.629067,77.173935,245.9,2026-04-05 19:09:43
User_004,TRJ_User_004_004,28.630042,77.175554,228.4,2026-04-05 19:09:55
User_004,TRJ_User_004_004,28.631477,77.177157,245.2,2026-04-05 19:10:06
User_004,TRJ_User_004_004,28.633295,77.178143,217.1,2026-04-05 19:10:53
User_004,TRJ_User_004_004,28.635066,77.179269,232.1,2026-04-05 19:11:03
User_004,TRJ_User_004_004,28.636993,77.180797,254.9,2026-04-05 19:12:02
User_004,TRJ_User_004_004,28.638852,77.18245,223.7,2026-04-05 19:12:28
User_004,TRJ_User_004_004,28.640462,77.18454,215.4,2026-04-05 19:12:43
User_004,TRJ_User_004_004,28.642102,77.186436,219.6,2026-04-05 19:13:23
User_004,TRJ_User_004_004,28.643757,77.186874,221.3,2026-04-05 19:13:37
User_004,TRJ_User_004_004,28.645623,77.188049,225.9,2026-04-05 19:13:59
User_004,TRJ_User_004_004,28.647638,77.190014,234.2,2026-04-05 19:14:34
User_004,TRJ_User_004_005,28.550539,77.194994,232.7,2026-04-05 23:08:51
User_004,TRJ_User_004_005,28.550685,77.1937,220.5,2026-04-05 23:09:24
User_004,TRJ_User_004_005,28.550303,77.192147,258.7,2026-04-05 23:10:22
User_004,TRJ_User_004_005,28.549903,77.191128,258.0,2026-04-05 23:10:40
User_004,TRJ_User_004_005,28.54994,77.189169,216.5,2026-04-05 23:11:06
User_004,TRJ_User_004_005,28.549843,77.187711,215.4,2026-04-05 23:11:58
User_004,TRJ_User_004_005,28.550345,77.185898,201.9,2026-04-05 23:12:53
User_004,TRJ_User_004_005,28.551062,77.184226,215.8,2026-04-05 23:13:22
User_004,TRJ_User_004_005,28.551221,77.182556,226.6,2026-04-05 23:13:55
User_004,TRJ_User_004_005,28.551191,77.181213,236.5,2026-04-05 23:14:32
User_004,TRJ_User_004_005,28.551151,77.179744,211.6,2026-04-05 23:14:51
User_004,TRJ_User_004_005,28.550793,77.178492,205.9,2026-04-05 23:15:31
User_004,TRJ_User_004_005,28.55109,77.176807,256.5,2026-04-05 23:16:26
User_004,TRJ_User_004_005,28.551721,77.175279,221.0,2026-04-05 23:16:52
User_004,TRJ_User_004_005,28.551138,77.173774,227.3,2026-04-05 23:17:23
User_004,TRJ_User_004_005,28.551693,77.172509,233.4,2026-04-05 23:18:18
User_004,TRJ_User_004_005,28.551806,77.170729,232.7,2026-04-05 23:18:53
User_004,TRJ_User_004_005,28.552012,77.168974,210.6,2026-04-05 23:19:28
User_004,TRJ_User_004_005,28.552245,77.167337,242.3,2026-04-05 23:19:38
User_004,TRJ_User_004_005,28.551905,77.166436,211.7,2026-04-05 23:20:27
User_004,TRJ_User_004_005,28.551971,77.163958,234.7,2026-04-05 23:20:52
User_004,TRJ_User_004_005,28.552204,77.162685,238.0,2026-04-05 23:21:44
User_004,TRJ_User_004_005,28.551635,77.16088,215.8,2026-04-05 23:22:17
User_004,TRJ_User_004_005,28.550777,77.159611,235.3,2026-04-05 23:22:35
User_004,TRJ_User_004_005,28.550901,77.158869,246.7,2026-04-05 23:23:07
User_004,TRJ_User_004_005,28.551759,77.157824,217.0,2026-04-05 23:23:30
User_004,TRJ_User_004_005,28.552619,77.155903,201.5,2026-04-05 23:24:25
User_004,TRJ_User_004_005,28.552029,77.154477,203.7,2026-04-05 23:24:53
User_004,TRJ_User_004_005,28.551697,77.153363,237.6,2026-04-05 23:25:14
User_004,TRJ_User_004_005,28.551051,77.152398,221.8,2026-04-05 23:25:59
User_004,TRJ_User_004_005,28.550695,77.152295,220.0,2026-04-05 23:26:25
User_004,TRJ_User_004_005,28.550756,77.150414,221.3,2026-04-05 23:26:35
User_004,TRJ_User_004_005,28.550848,77.149395,232.6,2026-04-05 23:26:47
User_004,TRJ_User_004_005,28.550608,77.148103,241.4,2026-04-05 23:27:24
User_004,TRJ_User_004_005,28.550363,77.145576,222.1,2026-04-05 23:27:50
User_004,TRJ_User_004_005,28.550614,77.144292,213.0,2026-04-05 23:28:30
User_004,TRJ_User_004_005,28.550882,77.142891,231.2,2026-04-05 23:28:58
User_004,TRJ_User_004_005,28.550698,77.140978,207.6,2026-04-05 23:29:33
User_004,TRJ_User_004_005,28.55027,77.139926,242.5,2026-04-05 23:30:03
User_004,TRJ_User_004_005,28.550126,77.138588,250.0,2026-04-05 23:30:43
User_004,TRJ_User_004_005,28.54928,77.137602,216.1,2026-04-05 23:31:16
User_004,TRJ_User_004_005,28.549031,77.136057,217.4,2026-04-05 23:31:28
User_004,TRJ_User_004_005,28.54859,77.134322,215.4,2026-04-05 23:32:26
User_004,TRJ_User_004_005,28.548845,77.13321,202.4,2026-04-05 23:33:19
User_004,TRJ_User_004_005,28.548401,77.13106,250.2,2026-04-05 23:34:06
User_004,TRJ_User_004_005,28.548085,77.129927,220.2,2026-04-05 23:34:46
User_004,TRJ_User_004_005,28.548216,77.128821,223.9,2026-04-05 23:35:08
User_004,TRJ_User_004_005,28.548244,77.127287,205.7,2026-04-05 23:35:51
User_004,TRJ_User_004_005,28.548203,77.125829,243.0,2026-04-05 23:36:13
User_004,TRJ_User_004_005,28.548004,77.124995,257.7,2026-04-05 23:36:25
User_004,TRJ_User_004_006,28.553087,77.122866,236.2,2026-04-06 01:07:07
User_004,TRJ_User_004_006,28.552846,77.124631,240.1,2026-04-06 01:07:20
User_004,TRJ_User_004_006,28.552829,77.125777,256.8,2026-04-06 01:07:33
User_004,TRJ_User_004_006,28.55295,77.127216,233.7,2026-04-06 01:07:50
User_004,TRJ_User_004_006,28.55334,77.128948,217.1,2026-04-06 01:08:11
User_004,TRJ_User_004_006,28.553578,77.130798,219.5,2026-04-06 01:08:46
User_004,TRJ_User_004_006,28.554652,77.13248,243.7,2026-04-06 01:09:09
User_004,TRJ_User_004_006,28.554843,77.134405,216.4,2026-04-06 01:09:27
User_004,TRJ_User_004_006,28.554233,77.136284,205.1,2026-04-06 01:09:55
User_004,TRJ_User_004_006,28.554053,77.137948,227.4,2026-04-06 01:10:25
User_004,TRJ_User_004_006,28.55373,77.139985,224.3,2026-04-06 01:10:43
User_004,TRJ_User_004_006,28.553923,77.141403,246.3,2026-04-06 01:11:12
User_004,TRJ_User_004_006,28.554122,77.142762,242.2,2026-04-06 01:11:39
User_004,TRJ_User_004_006,28.554733,77.143943,227.9,2026-04-06 01:12:19
User_004,TRJ_User_004_006,28.554983,77.145051,232.6,2026-04-06 01:12:32
User_004,TRJ_User_004_006,28.555448,77.146672,244.1,2026-04-06 01:13:16
User_004,TRJ_User_004_006,28.554786,77.148746,217.6,2026-04-06 01:13:37
User_004,TRJ_User_004_006,28.555104,77.150126,216.5,2026-04-06 01:14:08
User_004,TRJ_User_004_006,28.555611,77.152045,217.9,2026-04-06 01:14:21
User_004,TRJ_User_004_006,28.55619,77.153865,255.0,2026-04-06 01:15:03
User_004,TRJ_User_004_006,28.555709,77.156085,200.1,2026-04-06 01:15:21
User_004,TRJ_User_004_006,28.555587,77.158408,223.0,2026-04-06 01:15:46
User_004,TRJ_User_004_006,28.555571,77.160677,204.5,2026-04-06 01:16:01
User_004,TRJ_User_004_006,28.555533,77.162303,222.5,2026-04-06 01:16:35
User_004,TRJ_User_004_006,28.555091,77.164305,210.6,2026-04-06 01:17:34
User_004,TRJ_User_004_006,28.555354,77.165944,219.2,2026-04-06 01:18:22
User_004,TRJ_User_004_006,28.555459,77.167046,220.2,2026-04-06 01:18:38
User_004,TRJ_User_004_006,28.554744,77.168935,253.3,2026-04-06 01:19:19
User_004,TRJ_User_004_006,28.554088,77.170273,226.9,2026-04-06 01:19:44
User_004,TRJ_User_004_006,28.553753,77.171953,243.8,2026-04-06 01:20:26
User_004,TRJ_User_004_006,28.554542,77.173602,253.4,2026-04-06 01:21:16
User_004,TRJ_User_004_006,28.554089,77.175082,234.6,2026-04-06 01:22:10
User_004,TRJ_User_004_006,28.553353,77.17704,259.0,2026-04-06 01:22:33
User_004,TRJ_User_004_006,28.553648,77.178665,258.5,2026-04-06 01:23:23
User_004,TRJ_User_004_006,28.552912,77.180066,209.9,2026-04-06 01:23:49
User_004,TRJ_User_004_006,28.552259,77.181664,219.2,2026-04-06 01:24:00
User_004,TRJ_User_004_006,28.552244,77.183614,248.7,2026-04-06 01:24:10
User_004,TRJ_User_004_006,28.552493,77.185572,240.2,2026-04-06 01:25:00
User_004,TRJ_User_004_006,28.552269,77.187186,237.3,2026-04-06 01:25:14
User_004,TRJ_User_004_006,28.551766,77.188296,240.3,2026-04-06 01:25:42
User_004,TRJ_User_004_006,28.552234,77.190275,252.3,2026-04-06 01:26:06
User_004,TRJ_User_004_006,28.551892,77.192057,219.3,2026-04-06 01:26:23
User_004,TRJ_User_004_006,28.552516,77.194742,234.7,2026-04-06 01:27:03
User_004,TRJ_User_004_006,28.551692,77.196393,216.0,2026-04-06 01:27:52
User_004,TRJ_User_004_006,28.55163,77.198253,236.9,2026-04-06 01:28:41
User_004,TRJ_User_004_006,28.551545,77.200509,216.3,2026-04-06 01:29:33
User_004,TRJ_User_004_006,28.551013,77.201642,250.3,2026-04-06 01:29:52
User_004,TRJ_User_004_006,28.550672,77.203384,252.9,2026-04-06 01:30:44
User_004,TRJ_User_004_006,28.550664,77.205136,224.9,2026-04-06 01:31:19
User_004,TRJ_User_004_006,28.550467,77.2069,242.7,2026-04-06 01:31:33
User_004,TRJ_User_004_007,28.546226,77.202556,232.2,2026-04-06 03:19:13
User_004,TRJ_User_004_007,28.546334,77.200618,226.2,2026-04-06 03:20:08
User_004,TRJ_User_004_007,28.546244,77.198898,257.2,2026-04-06 03:20:44
User_004,TRJ_User_004_007,28.546142,77.197389,238.4,2026-04-06 03:21:43
User_004,TRJ_User_004_007,28.545873,77.195568,206.6,2026-04-06 03:22:40
User_004,TRJ_User_004_007,28.546024,77.193537,256.0,2026-04-06 03:23:32
User_004,TRJ_User_004_007,28.54604,77.192046,257.6,2026-04-06 03:23:50
User_004,TRJ_User_004_007,28.546539,77.190455,212.5,2026-04-06 03:24:27
User_004,TRJ_User_004_007,28.546284,77.188885,240.5,2026-04-06 03:25:02
User_004,TRJ_User_004_007,28.546124,77.186367,202.8,2026-04-06 03:25:13
User_004,TRJ_User_004_007,28.546867,77.184594,253.4,2026-04-06 03:26:00
User_004,TRJ_User_004_007,28.547412,77.182577,215.7,2026-04-06 03:26:27
User_004,TRJ_User_004_007,28.547582,77.180954,236.8,2026-04-06 03:26:44
User_004,TRJ_User_004_007,28.548072,77.17932,252.0,2026-04-06 03:27:00
User_004,TRJ_User_004_007,28.547712,77.177969,222.7,2026-04-06 03:27:22
User_004,TRJ_User_004_007,28.547941,77.177013,242.5,2026-04-06 03:27:32
User_004,TRJ_User_004_007,28.548339,77.175244,213.8,2026-04-06 03:27:51
User_004,TRJ_User_004_007,28.548991,77.173333,253.8,2026-04-06 03:28:13
User_004,TRJ_User_004_007,28.549282,77.171893,217.3,2026-04-06 03:29:06
User_004,TRJ_User_004_007,28.548642,77.170152,255.5,2026-04-06 03:29:36
User_004,TRJ_User_004_007,28.549389,77.169354,213.2,2026-04-06 03:29:49
User_004,TRJ_User_004_007,28.549868,77.167734,212.2,2026-04-06 03:30:26
User_004,TRJ_User_004_007,28.549775,77.165704,202.3,2026-04-06 03:30:59
User_004,TRJ_User_004_007,28.550779,77.163809,219.1,2026-04-06 03:31:13
User_004,TRJ_User_004_007,28.551122,77.1619,251.3,2026-04-06 03:32:06
User_004,TRJ_User_004_007,28.551153,77.160462,224.9,2026-04-06 03:32:33
User_004,TRJ_User_004_007,28.550777,77.158629,231.0,2026-04-06 03:32:44
User_004,TRJ_User_004_007,28.550217,77.157303,222.9,2026-04-06 03:33:32
User_004,TRJ_User_004_007,28.550617,77.156317,251.3,2026-04-06 03:33:53
User_004,TRJ_User_004_007,28.550768,77.15481,233.6,2026-04-06 03:34:27
User_004,TRJ_User_004_007,28.55059,77.153028,248.8,2026-04-06 03:35:14
User_004,TRJ_User_004_007,28.551638,77.151491,212.4,2026-04-06 03:35:45
User_004,TRJ_User_004_007,28.551482,77.150419,252.1,2026-04-06 03:36:29
User_004,TRJ_User_004_007,28.551407,77.148697,227.9,2026-04-06 03:37:25
User_004,TRJ_User_004_007,28.551441,77.147244,252.0,2026-04-06 03:37:52
User_004,TRJ_User_004_007,28.55209,77.145132,247.4,2026-04-06 03:38:41
User_004,TRJ_User_004_007,28.551858,77.143465,234.3,2026-04-06 03:39:03
User_004,TRJ_User_004_007,28.552393,77.141917,224.6,2026-04-06 03:39:43
User_004,TRJ_User_004_007,28.552019,77.140644,258.4,2026-04-06 03:40:02
User_004,TRJ_User_004_007,28.552351,77.138945,217.9,2026-04-06 03:41:01
User_004,TRJ_User_004_007,28.553484,77.13801,239.2,2026-04-06 03:41:32
User_004,TRJ_User_004_007,28.55354,77.136379,203.2,2026-04-06 03:41:52
User_004,TRJ_User_004_007,28.553768,77.134333,233.9,2026-04-06 03:42:14
User_004,TRJ_User_004_007,28.553782,77.132875,223.6,2026-04-06 03:43:10
User_004,TRJ_User_004_007,28.555072,77.130919,249.5,2026-04-06 03:43:46
User_004,TRJ_User_004_007,28.555182,77.129784,229.4,2026-04-06 03:44:23
User_004,TRJ_User_004_007,28.554804,77.127394,224.5,2026-04-06 03:45:05
User_004,TRJ_User_004_007,28.55473,77.125362,248.2,2026-04-06 03:45:58
User_004,TRJ_User_004_007,28.554911,77.123595,217.5,2026-04-06 03:46:30
User_004,TRJ_User_004_007,28.555609,77.122263,225.9,2026-04-06 03:46:46
User_004,TRJ_User_004_008,28.56074,77.118219,242.7,2026-04-06 04:17:27
User_004,TRJ_User_004_008,28.562179,77.12017,218.8,2026-04-06 04:17:39
User_004,TRJ_User_004_008,28.563395,77.12237,249.3,2026-04-06 04:17:53
User_004,TRJ_User_004_008,28.564829,77.12416,206.8,2026-04-06 04:18:15
User_004,TRJ_User_004_008,28.565566,77.126598,228.5,2026-04-06 04:18:47
User_004,TRJ_User_004_008,28.567808,77.128935,212.6,2026-04-06 04:19:13
User_004,TRJ_User_004_008,28.568865,77.130803,237.5,2026-04-06 04:20:08
User_004,TRJ_User_004_008,28.570574,77.133249,220.7,2026-04-06 04:20:36
User_004,TRJ_User_004_008,28.572093,77.134994,203.4,2026-04-06 04:20:48
User_004,TRJ_User_004_008,28.57387,77.136685,235.2,2026-04-06 04:21:21
User_004,TRJ_User_004_008,28.575292,77.138254,235.9,2026-04-06 04:21:35
User_004,TRJ_User_004_008,28.577008,77.140317,214.0,2026-04-06 04:22:14
User_004,TRJ_User_004_008,28.578051,77.142486,254.4,2026-04-06 04:23:06
User_004,TRJ_User_004_008,28.579414,77.144756,224.6,2026-04-06 04:23:56
User_004,TRJ_User_004_008,28.58124,77.147164,212.0,2026-04-06 04:24:34
User_004,TRJ_User_004_008,28.582567,77.1498,218.6,2026-04-06 04:24:53
User_004,TRJ_User_004_008,28.584392,77.15161,217.9,2026-04-06 04:25:10
User_004,TRJ_User_004_008,28.586032,77.154006,213.7,2026-04-06 04:25:31
User_004,TRJ_User_004_008,28.587946,77.156834,257.7,2026-04-06 04:25:43
User_004,TRJ_User_004_008,28.589316,77.158259,254.5,2026-04-06 04:26:12
User_004,TRJ_User_004_008,28.590416,77.16069,220.7,2026-04-06 04:26:38
User_004,TRJ_User_004_008,28.591925,77.163002,221.8,2026-04-06 04:27:35
User_004,TRJ_User_004_008,28.59322,77.165067,240.4,2026-04-06 04:28:33
User_004,TRJ_User_004_008,28.594182,77.167311,240.6,2026-04-06 04:28:50
User_004,TRJ_User_004_008,28.596571,77.169101,227.4,2026-04-06 04:29:20
User_004,TRJ_User_004_008,28.597765,77.170792,220.2,2026-04-06 04:29:39
User_004,TRJ_User_004_008,28.598653,77.172604,224.4,2026-04-06 04:30:25
User_004,TRJ_User_004_008,28.599489,77.175173,247.6,2026-04-06 04:30:59
User_004,TRJ_User_004_008,28.600901,77.177208,216.3,2026-04-06 04:31:55
User_004,TRJ_User_004_008,28.602418,77.179752,203.2,2026-04-06 04:32:05
User_004,TRJ_User_004_008,28.603704,77.182476,206.0,2026-04-06 04:33:01
User_004,TRJ_User_004_008,28.605075,77.183778,242.7,2026-04-06 04:33:29
User_004,TRJ_User_004_008,28.606923,77.186029,223.9,2026-04-06 04:33:44
User_004,TRJ_User_004_008,28.60858,77.18759,219.7,2026-04-06 04:34:32
User_004,TRJ_User_004_008,28.609497,77.189885,256.9,2026-04-06 04:35:02
User_004,TRJ_User_004_008,28.610125,77.191792,226.9,2026-04-06 04:35:34
User_004,TRJ_User_004_008,28.61079,77.193193,244.0,2026-04-06 04:36:06
User_004,TRJ_User_004_008,28.612425,77.1945,243.8,2026-04-06 04:36:25
User_004,TRJ_User_004_008,28.613785,77.195581,218.8,2026-04-06 04:36:51
User_004,TRJ_User_004_008,28.615535,77.197921,253.6,2026-04-06 04:37:36
User_004,TRJ_User_004_008,28.617151,77.199978,243.8,2026-04-06 04:37:55
User_004,TRJ_User_004_008,28.618313,77.20167,222.4,2026-04-06 04:38:33
User_004,TRJ_User_004_008,28.619783,77.203844,254.3,2026-04-06 04:38:52
User_004,TRJ_User_004_008,28.621139,77.20531,235.1,2026-04-06 04:39:44
User_004,TRJ_User_004_008,28.622837,77.207591,223.2,2026-04-06 04:40:36
User_004,TRJ_User_004_008,28.624471,77.2101,211.9,2026-04-06 04:41:21
User_004,TRJ_User_004_008,28.626266,77.212403,230.0,2026-04-06 04:41:46
User_004,TRJ_User_004_008,28.626898,77.214319,244.4,2026-04-06 04:42:04
User_004,TRJ_User_004_008,28.628089,77.216111,231.8,2026-04-06 04:42:31
User_004,TRJ_User_004_008,28.629248,77.217988,215.7,2026-04-06 04:43:16
User_004,TRJ_User_004_009,28.557002,77.201927,247.4,2026-04-06 06:03:47
User_004,TRJ_User_004_009,28.556916,77.20002,257.8,2026-04-06 06:04:18
User_004,TRJ_User_004_009,28.557283,77.19827,224.9,2026-04-06 06:04:37
User_004,TRJ_User_004_009,28.557455,77.196564,201.3,2026-04-06 06:05:33
User_004,TRJ_User_004_009,28.557521,77.194254,249.4,2026-04-06 06:06:22
User_004,TRJ_User_004_009,28.557494,77.193356,252.2,2026-04-06 06:06:37
User_004,TRJ_User_004_009,28.558011,77.191519,257.8,2026-04-06 06:07:20
User_004,TRJ_User_004_009,28.558705,77.18984,256.3,2026-04-06 06:07:59
User_004,TRJ_User_004_009,28.558484,77.18813,241.1,2026-04-06 06:08:43
User_004,TRJ_User_004_009,28.558009,77.186705,214.4,2026-04-06 06:08:58
User_004,TRJ_User_004_009,28.557824,77.185343,200.1,2026-04-06 06:09:36
User_004,TRJ_User_004_009,28.557623,77.183454,256.2,2026-04-06 06:09:55
User_004,TRJ_User_004_009,28.557315,77.181949,213.8,2026-04-06 06:10:20
User_004,TRJ_User_004_009,28.557481,77.180896,241.3,2026-04-06 06:10:45
User_004,TRJ_User_004_009,28.557718,77.17919,222.6,2026-04-06 06:11:31
User_004,TRJ_User_004_009,28.557551,77.178134,256.8,2026-04-06 06:12:05
User_004,TRJ_User_004_009,28.557186,77.176291,210.4,2026-04-06 06:12:30
User_004,TRJ_User_004_009,28.557176,77.174514,222.8,2026-04-06 06:12:59
User_004,TRJ_User_004_009,28.557278,77.172599,258.7,2026-04-06 06:13:29
User_004,TRJ_User_004_009,28.557498,77.171102,211.6,2026-04-06 06:13:45
User_004,TRJ_User_004_009,28.557165,77.168963,210.1,2026-04-06 06:14:19
User_004,TRJ_User_004_009,28.556785,77.167179,235.4,2026-04-06 06:14:34
User_004,TRJ_User_004_009,28.555956,77.165651,206.7,2026-04-06 06:15:15
User_004,TRJ_User_004_009,28.556659,77.164173,247.6,2026-04-06 06:15:28
User_004,TRJ_User_004_009,28.557108,77.162015,243.8,2026-04-06 06:15:52
User_004,TRJ_User_004_009,28.556641,77.160628,235.5,2026-04-06 06:16:36
User_004,TRJ_User_004_009,28.556109,77.159692,251.6,2026-04-06 06:17:25
User_004,TRJ_User_004_009,28.555992,77.157963,219.7,2026-04-06 06:18:05
User_004,TRJ_User_004_009,28.55634,77.15629,202.1,2026-04-06 06:18:33
User_004,TRJ_User_004_009,28.556837,77.154008,241.8,2026-04-06 06:18:56
User_004,TRJ_User_004_009,28.556365,77.152351,253.1,2026-04-06 06:19:41
User_004,TRJ_User_004_009,28.556368,77.151381,225.3,2026-04-06 06:19:59
User_004,TRJ_User_004_009,28.55587,77.149891,213.5,2026-04-06 06:20:15
User_004,TRJ_User_004_009,28.555697,77.148563,235.3,2026-04-06 06:20:35
User_004,TRJ_User_004_009,28.55595,77.147033,226.8,2026-04-06 06:21:04
User_004,TRJ_User_004_009,28.555745,77.145464,211.4,2026-04-06 06:21:25
User_004,TRJ_User_004_009,28.55533,77.144078,201.2,2026-04-06 06:22:16
User_004,TRJ_User_004_009,28.555656,77.142022,212.9,2026-04-06 06:22:37
User_004,TRJ_User_004_009,28.556214,77.140562,259.6,2026-04-06 06:23:02
User_004,TRJ_User_004_009,28.556301,77.137841,228.6,2026-04-06 06:23:29
User_004,TRJ_User_004_009,28.556654,77.136338,256.7,2026-04-06 06:24:01
User_004,TRJ_User_004_009,28.556348,77.134608,210.3,2026-04-06 06:24:37
User_004,TRJ_User_004_009,28.556546,77.132145,242.7,2026-04-06 06:25:05
User_004,TRJ_User_004_009,28.557004,77.130903,233.5,2026-04-06 06:25:54
User_004,TRJ_User_004_009,28.557644,77.129156,237.2,2026-04-06 06:26:17
User_004,TRJ_User_004_009,28.557693,77.127092,223.9,2026-04-06 06:26:30
User_004,TRJ_User_004_009,28.557659,77.125724,227.8,2026-04-06 06:27:05
User_004,TRJ_User_004_009,28.557721,77.124589,210.8,2026-04-06 06:27:40
User_004,TRJ_User_004_009,28.558553,77.122751,249.8,2026-04-06 06:28:32
User_004,TRJ_User_004_009,28.558513,77.121608,245.8,2026-04-06 06:28:47
User_004,TRJ_User_004_010,28.556112,77.127402,200.6,2026-04-06 09:25:33
User_004,TRJ_User_004_010,28.557046,77.131507,226.8,2026-04-06 09:26:10
User_004,TRJ_User_004_010,28.55728,77.136012,203.8,2026-04-06 09:26:48
User_004,TRJ_User_004_010,28.556763,77.139578,244.6,2026-04-06 09:27:32
User_004,TRJ_User_004_010,28.55632,77.14353,216.6,2026-04-06 09:28:05
User_004,TRJ_User_004_010,28.55591,77.14829,230.9,2026-04-06 09:28:59
User_004,TRJ_User_004_010,28.555931,77.152408,249.8,2026-04-06 09:29:39
User_004,TRJ_User_004_010,28.556406,77.156468,220.0,2026-04-06 09:30:13
User_004,TRJ_User_004_010,28.556941,77.160516,246.0,2026-04-06 09:30:46
User_004,TRJ_User_004_010,28.55751,77.164965,235.4,2026-04-06 09:31:24
User_004,TRJ_User_004_010,28.558114,77.169027,235.0,2026-04-06 09:31:59
User_004,TRJ_User_004_010,28.558827,77.172911,251.0,2026-04-06 09:32:45
User_004,TRJ_User_004_010,28.559148,77.176325,222.8,2026-04-06 09:32:55
User_004,TRJ_User_004_010,28.559738,77.180694,257.3,2026-04-06 09:33:12
User_004,TRJ_User_004_010,28.56064,77.184922,209.0,2026-04-06 09:33:26
User_004,TRJ_User_004_010,28.561838,77.1888,254.5,2026-04-06 09:33:41
User_004,TRJ_User_004_010,28.561977,77.192558,207.0,2026-04-06 09:33:55
User_004,TRJ_User_004_010,28.561192,77.196584,211.5,2026-04-06 09:34:40
User_004,TRJ_User_004_010,28.561502,77.200601,224.8,2026-04-06 09:35:16
User_004,TRJ_User_004_010,28.562037,77.204209,225.0,2026-04-06 09:36:09
User_004,TRJ_User_004_010,28.562583,77.208997,251.5,2026-04-06 09:36:32
User_004,TRJ_User_004_010,28.562556,77.212683,253.8,2026-04-06 09:37:30
User_004,TRJ_User_004_010,28.562634,77.217474,256.7,2026-04-06 09:37:54
User_004,TRJ_User_004_010,28.562423,77.222151,257.4,2026-04-06 09:38:11
User_004,TRJ_User_004_010,28.56306,77.226661,245.5,2026-04-06 09:38:34
User_004,TRJ_User_004_010,28.563702,77.229641,217.7,2026-04-06 09:38:49
User_004,TRJ_User_004_010,28.564103,77.233897,240.6,2026-04-06 09:39:20
User_004,TRJ_User_004_010,28.564925,77.238474,257.4,2026-04-06 09:39:51
User_004,TRJ_User_004_010,28.564822,77.242527,225.2,2026-04-06 09:40:36
User_004,TRJ_User_004_010,28.565493,77.246901,205.5,2026-04-06 09:41:22
User_004,TRJ_User_004_010,28.565628,77.251245,220.0,2026-04-06 09:41:55
User_004,TRJ_User_004_010,28.565424,77.255392,219.0,2026-04-06 09:42:48
User_004,TRJ_User_004_010,28.566572,77.25988,255.6,2026-04-06 09:43:26
User_004,TRJ_User_004_010,28.567275,77.264213,207.0,2026-04-06 09:43:57
User_004,TRJ_User_004_010,28.567521,77.268679,251.4,2026-04-06 09:44:45
User_004,TRJ_User_004_010,28.567366,77.272412,257.4,2026-04-06 09:45:12
User_004,TRJ_User_004_010,28.567343,77.27595,209.8,2026-04-06 09:45:33
User_004,TRJ_User_004_010,28.567175,77.279911,225.6,2026-04-06 09:46:08
User_004,TRJ_User_004_010,28.56824,77.283926,231.8,2026-04-06 09:46:38
User_004,TRJ_User_004_010,28.568966,77.288561,254.6,2026-04-06 09:47:22
User_004,TRJ_User_004_010,28.569836,77.292738,232.5,2026-04-06 09:48:18
User_004,TRJ_User_004_010,28.56991,77.296466,257.4,2026-04-06 09:49:01
User_004,TRJ_User_004_010,28.570295,77.300923,240.5,2026-04-06 09:49:40
User_004,TRJ_User_004_010,28.570703,77.305407,220.1,2026-04-06 09:50:05
User_004,TRJ_User_004_010,28.5708,77.30995,223.3,2026-04-06 09:50:58
User_004,TRJ_User_004_010,28.570868,77.313938,210.0,2026-04-06 09:51:49
User_004,TRJ_User_004_010,28.570976,77.318079,235.6,2026-04-06 09:52:25
User_004,TRJ_User_004_010,28.5716,77.321658,225.2,2026-04-06 09:52:43
User_004,TRJ_User_004_010,28.572221,77.325855,229.1,2026-04-06 09:52:59
User_004,TRJ_User_004_010,28.572508,77.329586,218.9,2026-04-06 09:53:49
User_005,TRJ_User_005_001,28.550097,77.059954,260.0,2026-04-01 13:00:15
User_005,TRJ_User_005_001,28.551777,77.062823,220.7,2026-04-01 13:00:44
User_005,TRJ_User_005_001,28.553628,77.065308,218.8,2026-04-01 13:01:29
User_005,TRJ_User_005_001,28.555611,77.067366,228.2,2026-04-01 13:02:01
User_005,TRJ_User_005_001,28.557941,77.070276,232.3,2026-04-01 13:02:13
User_005,TRJ_User_005_001,28.560331,77.072859,244.4,2026-04-01 13:02:33
User_005,TRJ_User_005_001,28.561544,77.075686,231.2,2026-04-01 13:02:45
User_005,TRJ_User_005_001,28.563606,77.078305,245.2,2026-04-01 13:03:24
User_005,TRJ_User_005_001,28.565601,77.080491,224.5,2026-04-01 13:03:48
User_005,TRJ_User_005_001,28.567654,77.082819,209.3,2026-04-01 13:04:38
User_005,TRJ_User_005_001,28.570046,77.085415,259.6,2026-04-01 13:05:06
User_005,TRJ_User_005_001,28.572589,77.088079,201.2,2026-04-01 13:05:49
User_005,TRJ_User_005_001,28.574421,77.091187,215.6,2026-04-01 13:06:06
User_005,TRJ_User_005_001,28.576931,77.094327,213.3,2026-04-01 13:06:48
User_005,TRJ_User_005_001,28.579152,77.097003,248.6,2026-04-01 13:07:00
User_005,TRJ_User_005_001,28.581217,77.099931,253.2,2026-04-01 13:07:35
User_005,TRJ_User_005_001,28.583167,77.103085,216.5,2026-04-01 13:07:57
User_005,TRJ_User_005_001,28.585149,77.106939,218.4,2026-04-01 13:08:54
User_005,TRJ_User_005_001,28.587315,77.109406,212.8,2026-04-01 13:09:14
User_005,TRJ_User_005_001,28.588974,77.112067,226.4,2026-04-01 13:09:27
User_005,TRJ_User_005_001,28.590466,77.114799,209.3,2026-04-01 13:10:21
User_005,TRJ_User_005_001,28.592713,77.117454,200.5,2026-04-01 13:10:38
User_005,TRJ_User_005_001,28.594968,77.119705,201.5,2026-04-01 13:11:06
User_005,TRJ_User_005_001,28.596432,77.122361,203.6,2026-04-01 13:11:31
User_005,TRJ_User_005_001,28.599529,77.125019,208.9,2026-04-01 13:11:59
User_005,TRJ_User_005_001,28.601397,77.127865,236.4,2026-04-01 13:12:58
User_005,TRJ_User_005_001,28.60277,77.130845,205.2,2026-04-01 13:13:44
User_005,TRJ_User_005_001,28.605048,77.13447,201.5,2026-04-01 13:14:26
User_005,TRJ_User_005_001,28.608087,77.137306,257.8,2026-04-01 13:15:19
User_005,TRJ_User_005_001,28.610083,77.14029,227.6,2026-04-01 13:16:09
User_005,TRJ_User_005_001,28.61194,77.143332,214.2,2026-04-01 13:16:40
User_005,TRJ_User_005_001,28.614154,77.146086,251.8,2026-04-01 13:17:11
User_005,TRJ_User_005_001,28.616277,77.14863,248.4,2026-04-01 13:17:54
User_005,TRJ_User_005_001,28.618009,77.15203,253.3,2026-04-01 13:18:11
User_005,TRJ_User_005_001,28.620248,77.154585,249.4,2026-04-01 13:18:44
User_005,TRJ_User_005_001,28.621996,77.15753,223.3,2026-04-01 13:19:05
User_005,TRJ_User_005_001,28.624222,77.160631,239.9,2026-04-01 13:19:38
User_005,TRJ_User_005_001,28.625745,77.162933,210.6,2026-04-01 13:19:55
User_005,TRJ_User_005_001,28.627826,77.166153,258.6,2026-04-01 13:20:13
User_005,TRJ_User_005_001,28.629869,77.168898,204.8,2026-04-01 13:20:30
User_005,TRJ_User_005_001,28.631256,77.171325,209.6,2026-04-01 13:21:25
User_005,TRJ_User_005_001,28.633065,77.173947,231.0,2026-04-01 13:22:10
User_005,TRJ_User_005_001,28.635219,77.176273,211.8,2026-04-01 13:22:36
User_005,TRJ_User_005_001,28.637117,77.17915,219.7,2026-04-01 13:23:10
User_005,TRJ_User_005_001,28.639807,77.181593,206.8,2026-04-01 13:23:49
User_005,TRJ_User_005_001,28.642248,77.184276,209.9,2026-04-01 13:24:20
User_005,TRJ_User_005_001,28.644418,77.186264,254.5,2026-04-01 13:25:00
User_005,TRJ_User_005_001,28.646637,77.188265,224.7,2026-04-01 13:25:15
User_005,TRJ_User_005_001,28.648992,77.190636,220.3,2026-04-01 13:26:06
User_005,TRJ_User_005_001,28.650825,77.193694,209.8,2026-04-01 13:26:44
User_005,TRJ_User_005_002,28.649779,77.18095,240.1,2026-04-01 14:14:58
User_005,TRJ_User_005_002,28.649814,77.181368,237.7,2026-04-01 14:15:27
User_005,TRJ_User_005_002,28.64943,77.181459,230.4,2026-04-01 14:15:37
User_005,TRJ_User_005_002,28.649646,77.181418,229.6,2026-04-01 14:15:52
User_005,TRJ_User_005_002,28.649775,77.181615,241.2,2026-04-01 14:16:25
User_005,TRJ_User_005_002,28.649436,77.18153,231.3,2026-04-01 14:17:08
User_005,TRJ_User_005_002,28.649365,77.181604,224.1,2026-04-01 14:17:44
User_005,TRJ_User_005_002,28.649437,77.181644,217.7,2026-04-01 14:18:13
User_005,TRJ_User_005_002,28.648749,77.182278,234.6,2026-04-01 14:18:25
User_005,TRJ_User_005_002,28.649034,77.181951,218.1,2026-04-01 14:18:58
User_005,TRJ_User_005_002,28.649467,77.181619,219.7,2026-04-01 14:19:13
User_005,TRJ_User_005_002,28.64961,77.182281,203.7,2026-04-01 14:19:49
User_005,TRJ_User_005_002,28.649142,77.182915,217.5,2026-04-01 14:20:38
User_005,TRJ_User_005_002,28.649619,77.183208,214.5,2026-04-01 14:21:12
User_005,TRJ_User_005_002,28.649669,77.182865,259.5,2026-04-01 14:21:53
User_005,TRJ_User_005_002,28.649507,77.183054,241.4,2026-04-01 14:22:46
User_005,TRJ_User_005_002,28.649586,77.183249,225.2,2026-04-01 14:23:23
User_005,TRJ_User_005_002,28.649572,77.18307,214.3,2026-04-01 14:23:58
User_005,TRJ_User_005_002,28.64973,77.183672,200.8,2026-04-01 14:24:21
User_005,TRJ_User_005_002,28.649581,77.184071,227.1,2026-04-01 14:24:59
User_005,TRJ_User_005_002,28.649872,77.184178,208.0,2026-04-01 14:25:55
User_005,TRJ_User_005_002,28.649434,77.18446,247.6,2026-04-01 14:26:51
User_005,TRJ_User_005_002,28.648962,77.184439,235.1,2026-04-01 14:27:42
User_005,TRJ_User_005_002,28.648159,77.184909,200.4,2026-04-01 14:27:57
User_005,TRJ_User_005_002,28.64776,77.185559,206.0,2026-04-01 14:28:10
User_005,TRJ_User_005_002,28.64732,77.185609,250.9,2026-04-01 14:29:03
User_005,TRJ_User_005_002,28.647664,77.185098,204.5,2026-04-01 14:29:24
User_005,TRJ_User_005_002,28.64798,77.185206,246.8,2026-04-01 14:29:53
User_005,TRJ_User_005_002,28.648212,77.184527,252.3,2026-04-01 14:30:31
User_005,TRJ_User_005_002,28.64859,77.185562,259.2,2026-04-01 14:30:42
User_005,TRJ_User_005_002,28.64852,77.185855,258.5,2026-04-01 14:31:03
User_005,TRJ_User_005_002,28.64937,77.185406,231.6,2026-04-01 14:31:43
User_005,TRJ_User_005_002,28.649578,77.186003,230.1,2026-04-01 14:32:35
User_005,TRJ_User_005_002,28.650257,77.186858,209.9,2026-04-01 14:33:07
User_005,TRJ_User_005_002,28.649966,77.186942,225.3,2026-04-01 14:33:55
User_005,TRJ_User_005_002,28.650196,77.18675,236.6,2026-04-01 14:34:44
User_005,TRJ_User_005_002,28.650297,77.186785,222.0,2026-04-01 14:35:37
User_005,TRJ_User_005_002,28.649412,77.186673,251.8,2026-04-01 14:36:08
User_005,TRJ_User_005_002,28.6492,77.187194,212.9,2026-04-01 14:36:22
User_005,TRJ_User_005_002,28.648578,77.187618,249.4,2026-04-01 14:36:55
User_005,TRJ_User_005_002,28.648912,77.18811,252.5,2026-04-01 14:37:38
User_005,TRJ_User_005_002,28.649329,77.188471,236.6,2026-04-01 14:38:10
User_005,TRJ_User_005_002,28.649113,77.188899,238.3,2026-04-01 14:39:02
User_005,TRJ_User_005_002,28.649154,77.188997,239.7,2026-04-01 14:39:32
User_005,TRJ_User_005_002,28.648643,77.189252,225.5,2026-04-01 14:40:04
User_005,TRJ_User_005_002,28.648767,77.189078,216.5,2026-04-01 14:40:43
User_005,TRJ_User_005_002,28.648499,77.189068,241.6,2026-04-01 14:41:14
User_005,TRJ_User_005_002,28.648129,77.189857,215.7,2026-04-01 14:41:32
User_005,TRJ_User_005_002,28.648675,77.190617,233.2,2026-04-01 14:41:53
User_005,TRJ_User_005_002,28.648331,77.19141,256.6,2026-04-01 14:42:52
User_005,TRJ_User_005_003,28.549403,77.062078,228.6,2026-04-01 17:09:17
User_005,TRJ_User_005_003,28.551264,77.065189,233.8,2026-04-01 17:09:58
User_005,TRJ_User_005_003,28.553362,77.068151,243.5,2026-04-01 17:10:22
User_005,TRJ_User_005_003,28.554855,77.071244,218.1,2026-04-01 17:10:51
User_005,TRJ_User_005_003,28.557747,77.073646,254.9,2026-04-01 17:11:46
User_005,TRJ_User_005_003,28.55932,77.076614,252.3,2026-04-01 17:12:18
User_005,TRJ_User_005_003,28.561021,77.079261,252.4,2026-04-01 17:13:01
User_005,TRJ_User_005_003,28.562706,77.081943,259.8,2026-04-01 17:13:17
User_005,TRJ_User_005_003,28.565308,77.084179,221.8,2026-04-01 17:13:35
User_005,TRJ_User_005_003,28.567392,77.086628,223.5,2026-04-01 17:14:01
User_005,TRJ_User_005_003,28.569844,77.089811,259.1,2026-04-01 17:14:40
User_005,TRJ_User_005_003,28.571802,77.091766,201.8,2026-04-01 17:15:15
User_005,TRJ_User_005_003,28.572792,77.094662,259.5,2026-04-01 17:15:32
User_005,TRJ_User_005_003,28.574946,77.097802,202.4,2026-04-01 17:15:55
User_005,TRJ_User_005_003,28.577231,77.10035,242.7,2026-04-01 17:16:50
User_005,TRJ_User_005_003,28.579472,77.103177,223.6,2026-04-01 17:17:15
User_005,TRJ_User_005_003,28.581718,77.105625,216.6,2026-04-01 17:18:08
User_005,TRJ_User_005_003,28.583919,77.108431,225.4,2026-04-01 17:18:39
User_005,TRJ_User_005_003,28.586388,77.111234,243.1,2026-04-01 17:19:00
User_005,TRJ_User_005_003,28.588779,77.114222,212.3,2026-04-01 17:19:32
User_005,TRJ_User_005_003,28.591172,77.117102,244.9,2026-04-01 17:20:28
User_005,TRJ_User_005_003,28.592907,77.119556,223.9,2026-04-01 17:20:42
User_005,TRJ_User_005_003,28.59483,77.122132,206.1,2026-04-01 17:21:01
User_005,TRJ_User_005_003,28.596957,77.125507,252.3,2026-04-01 17:21:33
User_005,TRJ_User_005_003,28.599656,77.128168,231.4,2026-04-01 17:22:13
User_005,TRJ_User_005_003,28.602207,77.130398,208.1,2026-04-01 17:22:24
User_005,TRJ_User_005_003,28.604168,77.131888,215.9,2026-04-01 17:23:23
User_005,TRJ_User_005_003,28.607247,77.1352,227.7,2026-04-01 17:23:33
User_005,TRJ_User_005_003,28.609732,77.138624,224.1,2026-04-01 17:23:50
User_005,TRJ_User_005_003,28.611165,77.141371,223.9,2026-04-01 17:24:29
User_005,TRJ_User_005_003,28.61354,77.144106,223.6,2026-04-01 17:24:51
User_005,TRJ_User_005_003,28.615868,77.14737,241.4,2026-04-01 17:25:20
User_005,TRJ_User_005_003,28.618037,77.149331,241.4,2026-04-01 17:26:15
User_005,TRJ_User_005_003,28.620464,77.151653,233.1,2026-04-01 17:26:50
User_005,TRJ_User_005_003,28.623121,77.15422,221.6,2026-04-01 17:27:39
User_005,TRJ_User_005_003,28.624682,77.156673,257.7,2026-04-01 17:28:38
User_005,TRJ_User_005_003,28.626933,77.158856,225.2,2026-04-01 17:29:28
User_005,TRJ_User_005_003,28.628769,77.161689,238.1,2026-04-01 17:29:57
User_005,TRJ_User_005_003,28.630332,77.164299,207.6,2026-04-01 17:30:48
User_005,TRJ_User_005_003,28.632146,77.166497,214.4,2026-04-01 17:31:31
User_005,TRJ_User_005_003,28.634321,77.169404,246.2,2026-04-01 17:32:20
User_005,TRJ_User_005_003,28.63639,77.171412,216.6,2026-04-01 17:33:12
User_005,TRJ_User_005_003,28.638114,77.173883,216.0,2026-04-01 17:34:07
User_005,TRJ_User_005_003,28.640115,77.176357,212.0,2026-04-01 17:34:42
User_005,TRJ_User_005_003,28.642462,77.17903,200.5,2026-04-01 17:34:54
User_005,TRJ_User_005_003,28.643772,77.181057,206.8,2026-04-01 17:35:20
User_005,TRJ_User_005_003,28.645661,77.184467,259.5,2026-04-01 17:35:42
User_005,TRJ_User_005_003,28.647913,77.187243,205.6,2026-04-01 17:36:03
User_005,TRJ_User_005_003,28.649512,77.189911,230.3,2026-04-01 17:36:22
User_005,TRJ_User_005_003,28.651556,77.192787,236.0,2026-04-01 17:37:19
User_005,TRJ_User_005_004,28.646601,77.192539,222.5,2026-04-01 21:32:33
User_005,TRJ_User_005_004,28.645618,77.19537,200.2,2026-04-01 21:33:14
User_005,TRJ_User_005_004,28.643409,77.198451,227.1,2026-04-01 21:33:29
User_005,TRJ_User_005_004,28.641939,77.200845,231.9,2026-04-01 21:34:14
User_005,TRJ_User_005_004,28.640757,77.203482,223.0,2026-04-01 21:35:04
User_005,TRJ_User_005_004,28.638904,77.206498,203.3,2026-04-01 21:35:37
User_005,TRJ_User_005_004,28.637328,77.209216,206.0,2026-04-01 21:36:13
User_005,TRJ_User_005_004,28.63535,77.212444,241.7,2026-04-01 21:36:57
User_005,TRJ_User_005_004,28.63335,77.215188,214.2,2026-04-01 21:37:37
User_005,TRJ_User_005_004,28.630625,77.217659,212.0,2026-04-01 21:38:11
User_005,TRJ_User_005_004,28.628945,77.22085,243.0,2026-04-01 21:39:07
User_005,TRJ_User_005_004,28.627813,77.22328,219.6,2026-04-01 21:39:36
User_005,TRJ_User_005_004,28.625914,77.225664,246.3,2026-04-01 21:39:48
User_005,TRJ_User_005_004,28.623971,77.22818,245.9,2026-04-01 21:40:16
User_005,TRJ_User_005_004,28.622007,77.230519,208.8,2026-04-01 21:40:39
User_005,TRJ_User_005_004,28.620738,77.232813,245.5,2026-04-01 21:41:04
User_005,TRJ_User_005_004,28.619781,77.235223,220.2,2026-04-01 21:41:49
User_005,TRJ_User_005_004,28.617703,77.238298,259.8,2026-04-01 21:42:14
User_005,TRJ_User_005_004,28.616414,77.240979,243.3,2026-04-01 21:43:11
User_005,TRJ_User_005_004,28.61506,77.243989,236.7,2026-04-01 21:44:04
User_005,TRJ_User_005_004,28.614414,77.246485,247.7,2026-04-01 21:44:26
User_005,TRJ_User_005_004,28.613584,77.250121,233.9,2026-04-01 21:44:50
User_005,TRJ_User_005_004,28.612493,77.253434,201.1,2026-04-01 21:45:02
User_005,TRJ_User_005_004,28.610935,77.255467,250.8,2026-04-01 21:45:19
User_005,TRJ_User_005_004,28.609376,77.25883,252.8,2026-04-01 21:45:35
User_005,TRJ_User_005_004,28.607314,77.26123,221.0,2026-04-01 21:45:55
User_005,TRJ_User_005_004,28.606129,77.264006,236.1,2026-04-01 21:46:47
User_005,TRJ_User_005_004,28.604384,77.267205,238.9,2026-04-01 21:47:23
User_005,TRJ_User_005_004,28.603101,77.269373,229.9,2026-04-01 21:47:37
User_005,TRJ_User_005_004,28.601046,77.271986,256.5,2026-04-01 21:47:52
User_005,TRJ_User_005_004,28.599368,77.274857,254.3,2026-04-01 21:48:16
User_005,TRJ_User_005_004,28.59824,77.27789,226.5,2026-04-01 21:48:54
User_005,TRJ_User_005_004,28.596558,77.280233,243.3,2026-04-01 21:49:09
User_005,TRJ_User_005_004,28.594857,77.282197,240.4,2026-04-01 21:49:47
User_005,TRJ_User_005_004,28.593284,77.285331,223.0,2026-04-01 21:50:44
User_005,TRJ_User_005_004,28.59189,77.288419,251.4,2026-04-01 21:51:41
User_005,TRJ_User_005_004,28.589749,77.291281,249.3,2026-04-01 21:52:16
User_005,TRJ_User_005_004,28.58808,77.294134,251.3,2026-04-01 21:53:14
User_005,TRJ_User_005_004,28.586483,77.296818,232.8,2026-04-01 21:53:44
User_005,TRJ_User_005_004,28.584692,77.299193,230.3,2026-04-01 21:54:40
User_005,TRJ_User_005_004,28.582909,77.302211,236.9,2026-04-01 21:55:17
User_005,TRJ_User_005_004,28.581113,77.305168,203.0,2026-04-01 21:55:39
User_005,TRJ_User_005_004,28.579554,77.308508,233.8,2026-04-01 21:56:34
User_005,TRJ_User_005_004,28.577809,77.311287,252.7,2026-04-01 21:56:59
User_005,TRJ_User_005_004,28.576155,77.313332,232.9,2026-04-01 21:57:45
User_005,TRJ_User_005_004,28.574412,77.316167,238.0,2026-04-01 21:58:33
User_005,TRJ_User_005_004,28.57251,77.317682,201.4,2026-04-01 21:59:24
User_005,TRJ_User_005_004,28.571118,77.320269,200.7,2026-04-01 22:00:04
User_005,TRJ_User_005_004,28.569444,77.322528,213.9,2026-04-01 22:00:34
User_005,TRJ_User_005_004,28.567952,77.325018,205.2,2026-04-01 22:01:03
User_005,TRJ_User_005_005,28.55374,77.060224,246.2,2026-04-02 00:23:42
User_005,TRJ_User_005_005,28.556441,77.06401,255.5,2026-04-02 00:23:58
User_005,TRJ_User_005_005,28.557829,77.067245,259.1,2026-04-02 00:24:32
User_005,TRJ_User_005_005,28.559532,77.070291,250.7,2026-04-02 00:25:01
User_005,TRJ_User_005_005,28.561688,77.073123,211.3,2026-04-02 00:25:21
User_005,TRJ_User_005_005,28.564377,77.076061,209.9,2026-04-02 00:26:18
User_005,TRJ_User_005_005,28.565485,77.078391,242.9,2026-04-02 00:27:15
User_005,TRJ_User_005_005,28.567294,77.08013,202.7,2026-04-02 00:28:05
User_005,TRJ_User_005_005,28.568858,77.082873,209.1,2026-04-02 00:28:50
User_005,TRJ_User_005_005,28.570719,77.085782,226.3,2026-04-02 00:29:09
User_005,TRJ_User_005_005,28.573093,77.088329,239.8,2026-04-02 00:29:49
User_005,TRJ_User_005_005,28.575177,77.090766,226.9,2026-04-02 00:30:02
User_005,TRJ_User_005_005,28.577719,77.093412,257.3,2026-04-02 00:30:56
User_005,TRJ_User_005_005,28.579725,77.096439,221.6,2026-04-02 00:31:27
User_005,TRJ_User_005_005,28.581476,77.099253,210.1,2026-04-02 00:32:14
User_005,TRJ_User_005_005,28.584164,77.102369,223.8,2026-04-02 00:32:24
User_005,TRJ_User_005_005,28.585935,77.104913,206.7,2026-04-02 00:32:57
User_005,TRJ_User_005_005,28.587757,77.107694,204.9,2026-04-02 00:33:52
User_005,TRJ_User_005_005,28.589762,77.109452,202.6,2026-04-02 00:34:06
User_005,TRJ_User_005_005,28.591902,77.111977,234.3,2026-04-02 00:35:04
User_005,TRJ_User_005_005,28.592787,77.114574,257.4,2026-04-02 00:35:34
User_005,TRJ_User_005_005,28.594464,77.117334,257.0,2026-04-02 00:36:29
User_005,TRJ_User_005_005,28.596385,77.120264,227.8,2026-04-02 00:36:45
User_005,TRJ_User_005_005,28.598118,77.122985,257.5,2026-04-02 00:37:42
User_005,TRJ_User_005_005,28.6002,77.125468,237.4,2026-04-02 00:38:02
User_005,TRJ_User_005_005,28.602478,77.127627,216.6,2026-04-02 00:38:53
User_005,TRJ_User_005_005,28.604685,77.130292,249.9,2026-04-02 00:39:28
User_005,TRJ_User_005_005,28.607072,77.132922,205.7,2026-04-02 00:40:14
User_005,TRJ_User_005_005,28.6096,77.13526,257.8,2026-04-02 00:41:08
User_005,TRJ_User_005_005,28.611308,77.137643,201.3,2026-04-02 00:41:28
User_005,TRJ_User_005_005,28.613808,77.140559,202.0,2026-04-02 00:41:40
User_005,TRJ_User_005_005,28.616181,77.142952,209.6,2026-04-02 00:41:54
User_005,TRJ_User_005_005,28.61842,77.145605,206.9,2026-04-02 00:42:06
User_005,TRJ_User_005_005,28.619908,77.147842,256.0,2026-04-02 00:42:20
User_005,TRJ_User_005_005,28.622675,77.150529,235.2,2026-04-02 00:42:44
User_005,TRJ_User_005_005,28.624784,77.153666,214.9,2026-04-02 00:43:23
User_005,TRJ_User_005_005,28.626169,77.155873,237.2,2026-04-02 00:43:58
User_005,TRJ_User_005_005,28.628149,77.159032,218.7,2026-04-02 00:44:08
User_005,TRJ_User_005_005,28.630089,77.161491,220.2,2026-04-02 00:44:35
User_005,TRJ_User_005_005,28.631892,77.163895,209.4,2026-04-02 00:45:05
User_005,TRJ_User_005_005,28.633203,77.166166,200.9,2026-04-02 00:45:27
User_005,TRJ_User_005_005,28.635055,77.168346,221.3,2026-04-02 00:46:16
User_005,TRJ_User_005_005,28.636783,77.171805,213.5,2026-04-02 00:46:43
User_005,TRJ_User_005_005,28.638183,77.174215,222.5,2026-04-02 00:47:13
User_005,TRJ_User_005_005,28.639693,77.176589,223.9,2026-04-02 00:47:31
User_005,TRJ_User_005_005,28.64228,77.179299,213.7,2026-04-02 00:48:19
User_005,TRJ_User_005_005,28.644751,77.182235,248.8,2026-04-02 00:49:07
User_005,TRJ_User_005_005,28.647102,77.185327,214.8,2026-04-02 00:49:44
User_005,TRJ_User_005_005,28.649279,77.187977,251.0,2026-04-02 00:50:30
User_005,TRJ_User_005_005,28.651433,77.190714,243.3,2026-04-02 00:51:18
User_005,TRJ_User_005_006,28.648646,77.183109,233.8,2026-04-02 03:24:46
User_005,TRJ_User_005_006,28.647072,77.18067,202.9,2026-04-02 03:25:40
User_005,TRJ_User_005_006,28.64465,77.178542,254.8,2026-04-02 03:25:59
User_005,TRJ_User_005_006,28.64266,77.175865,201.3,2026-04-02 03:26:32
User_005,TRJ_User_005_006,28.640918,77.172904,205.6,2026-04-02 03:27:04
User_005,TRJ_User_005_006,28.639548,77.169931,246.9,2026-04-02 03:28:02
User_005,TRJ_User_005_006,28.638013,77.168628,257.3,2026-04-02 03:28:59
User_005,TRJ_User_005_006,28.636085,77.165471,233.8,2026-04-02 03:29:50
User_005,TRJ_User_005_006,28.634054,77.16304,224.0,2026-04-02 03:30:35
User_005,TRJ_User_005_006,28.632511,77.160157,202.9,2026-04-02 03:31:11
User_005,TRJ_User_005_006,28.629798,77.158161,234.7,2026-04-02 03:31:26
User_005,TRJ_User_005_006,28.627477,77.156238,209.6,2026-04-02 03:31:56
User_005,TRJ_User_005_006,28.625069,77.153606,230.8,2026-04-02 03:32:32
User_005,TRJ_User_005_006,28.62227,77.1511,230.5,2026-04-02 03:32:58
User_005,TRJ_User_005_006,28.619352,77.148151,215.4,2026-04-02 03:33:08
User_005,TRJ_User_005_006,28.616559,77.145138,250.8,2026-04-02 03:33:38
User_005,TRJ_User_005_006,28.614644,77.142555,231.4,2026-04-02 03:34:30
User_005,TRJ_User_005_006,28.612147,77.139836,212.0,2026-04-02 03:34:50
User_005,TRJ_User_005_006,28.610177,77.137648,258.0,2026-04-02 03:35:11
User_005,TRJ_User_005_006,28.607385,77.134834,233.3,2026-04-02 03:35:38
User_005,TRJ_User_005_006,28.605662,77.131817,225.3,2026-04-02 03:36:00
User_005,TRJ_User_005_006,28.603542,77.129269,244.0,2026-04-02 03:36:16
User_005,TRJ_User_005_006,28.601783,77.126406,246.2,2026-04-02 03:36:54
User_005,TRJ_User_005_006,28.600419,77.123905,215.6,2026-04-02 03:37:08
User_005,TRJ_User_005_006,28.598223,77.121153,207.5,2026-04-02 03:37:29
User_005,TRJ_User_005_006,28.59654,77.118416,218.8,2026-04-02 03:38:15
User_005,TRJ_User_005_006,28.594816,77.116457,241.2,2026-04-02 03:39:01
User_005,TRJ_User_005_006,28.592289,77.114562,246.1,2026-04-02 03:39:48
User_005,TRJ_User_005_006,28.589864,77.112376,241.3,2026-04-02 03:40:11
User_005,TRJ_User_005_006,28.587814,77.110054,206.4,2026-04-02 03:40:55
User_005,TRJ_User_005_006,28.585996,77.108084,259.1,2026-04-02 03:41:23
User_005,TRJ_User_005_006,28.584157,77.105009,255.5,2026-04-02 03:41:41
User_005,TRJ_User_005_006,28.582086,77.102601,238.0,2026-04-02 03:41:56
User_005,TRJ_User_005_006,28.579787,77.100419,228.6,2026-04-02 03:42:54
User_005,TRJ_User_005_006,28.577408,77.097676,225.3,2026-04-02 03:43:22
User_005,TRJ_User_005_006,28.575949,77.096324,215.4,2026-04-02 03:44:07
User_005,TRJ_User_005_006,28.573463,77.093137,241.7,2026-04-02 03:45:01
User_005,TRJ_User_005_006,28.571988,77.091132,202.0,2026-04-02 03:45:11
User_005,TRJ_User_005_006,28.569878,77.088596,215.9,2026-04-02 03:45:50
User_005,TRJ_User_005_006,28.568185,77.086215,256.0,2026-04-02 03:46:04
User_005,TRJ_User_005_006,28.566497,77.083618,247.1,2026-04-02 03:46:43
User_005,TRJ_User_005_006,28.564511,77.081266,218.3,2026-04-02 03:47:17
User_005,TRJ_User_005_006,28.562812,77.079055,237.5,2026-04-02 03:47:30
User_005,TRJ_User_005_006,28.560764,77.07654,205.0,2026-04-02 03:48:21
User_005,TRJ_User_005_006,28.558922,77.074185,201.3,2026-04-02 03:48:56
User_005,TRJ_User_005_006,28.556387,77.071124,238.2,2026-04-02 03:49:15
User_005,TRJ_User_005_006,28.554385,77.069034,259.7,2026-04-02 03:49:53
User_005,TRJ_User_005_006,28.552364,77.067076,232.2,2026-04-02 03:50:18
User_005,TRJ_User_005_006,28.550727,77.06415,236.2,2026-04-02 03:50:49
User_005,TRJ_User_005_006,28.548639,77.061787,243.8,2026-04-02 03:51:30
User_005,TRJ_User_005_007,28.557053,77.057577,250.9,2026-04-02 05:41:29
User_005,TRJ_User_005_007,28.559662,77.060366,250.3,2026-04-02 05:41:53
User_005,TRJ_User_005_007,28.561256,77.06306,233.6,2026-04-02 05:42:47
User_005,TRJ_User_005_007,28.563052,77.065328,222.0,2026-04-02 05:43:37
User_005,TRJ_User_005_007,28.565311,77.068569,220.1,2026-04-02 05:44:25
User_005,TRJ_User_005_007,28.567292,77.070545,215.8,2026-04-02 05:45:06
User_005,TRJ_User_005_007,28.569,77.072958,229.8,2026-04-02 05:45:43
User_005,TRJ_User_005_007,28.571492,77.075338,233.3,2026-04-02 05:46:09
User_005,TRJ_User_005_007,28.573515,77.078556,257.9,2026-04-02 05:47:06
User_005,TRJ_User_005_007,28.5755,77.081106,253.5,2026-04-02 05:47:54
User_005,TRJ_User_005_007,28.577192,77.083457,243.0,2026-04-02 05:48:17
User_005,TRJ_User_005_007,28.579429,77.08643,258.1,2026-04-02 05:48:55
User_005,TRJ_User_005_007,28.581727,77.089342,202.5,2026-04-02 05:49:40
User_005,TRJ_User_005_007,28.583341,77.091049,224.7,2026-04-02 05:50:21
User_005,TRJ_User_005_007,28.585699,77.093622,200.0,2026-04-02 05:50:46
User_005,TRJ_User_005_007,28.58688,77.096787,201.1,2026-04-02 05:51:11
User_005,TRJ_User_005_007,28.588891,77.099167,227.1,2026-04-02 05:51:54
User_005,TRJ_User_005_007,28.591112,77.101779,218.3,2026-04-02 05:52:16
User_005,TRJ_User_005_007,28.593148,77.104882,236.8,2026-04-02 05:52:52
User_005,TRJ_User_005_007,28.595024,77.107242,260.0,2026-04-02 05:53:42
User_005,TRJ_User_005_007,28.596662,77.11037,234.1,2026-04-02 05:54:30
User_005,TRJ_User_005_007,28.598325,77.112948,228.4,2026-04-02 05:55:24
User_005,TRJ_User_005_007,28.599836,77.1159,204.8,2026-04-02 05:55:57
User_005,TRJ_User_005_007,28.601254,77.118997,215.2,2026-04-02 05:56:10
User_005,TRJ_User_005_007,28.603213,77.121003,226.4,2026-04-02 05:57:06
User_005,TRJ_User_005_007,28.605158,77.124024,221.2,2026-04-02 05:57:57
User_005,TRJ_User_005_007,28.606898,77.126326,244.5,2026-04-02 05:58:29
User_005,TRJ_User_005_007,28.60836,77.129325,235.3,2026-04-02 05:59:27
User_005,TRJ_User_005_007,28.610495,77.132194,200.0,2026-04-02 06:00:04
User_005,TRJ_User_005_007,28.613102,77.135111,206.6,2026-04-02 06:00:59
User_005,TRJ_User_005_007,28.61499,77.137544,211.2,2026-04-02 06:01:43
User_005,TRJ_User_005_007,28.616308,77.139631,237.0,2026-04-02 06:02:11
User_005,TRJ_User_005_007,28.6187,77.141678,218.7,2026-04-02 06:02:59
User_005,TRJ_User_005_007,28.620673,77.144594,213.2,2026-04-02 06:03:55
User_005,TRJ_User_005_007,28.622513,77.147832,219.5,2026-04-02 06:04:46
User_005,TRJ_User_005_007,28.624801,77.150528,250.1,2026-04-02 06:05:09
User_005,TRJ_User_005_007,28.626189,77.153042,222.4,2026-04-02 06:05:54
User_005,TRJ_User_005_007,28.628276,77.155683,222.1,2026-04-02 06:06:07
User_005,TRJ_User_005_007,28.630378,77.158512,243.7,2026-04-02 06:06:24
User_005,TRJ_User_005_007,28.632096,77.161217,237.5,2026-04-02 06:07:11
User_005,TRJ_User_005_007,28.634212,77.163897,236.2,2026-04-02 06:07:47
User_005,TRJ_User_005_007,28.636256,77.166913,240.3,2026-04-02 06:08:45
User_005,TRJ_User_005_007,28.638207,77.169735,256.2,2026-04-02 06:09:20
User_005,TRJ_User_005_007,28.640434,77.172324,217.5,2026-04-02 06:09:59
User_005,TRJ_User_005_007,28.642381,77.175477,259.6,2026-04-02 06:10:09
User_005,TRJ_User_005_007,28.64443,77.177592,245.8,2026-04-02 06:11:04
User_005,TRJ_User_005_007,28.646284,77.180846,254.2,2026-04-02 06:11:50
User_005,TRJ_User_005_007,28.647756,77.18357,220.5,2026-04-02 06:12:47
User_005,TRJ_User_005_007,28.650374,77.186391,207.3,2026-04-02 06:13:46
User_005,TRJ_User_005_007,28.652078,77.188932,239.2,2026-04-02 06:14:17
User_005,TRJ_User_005_008,28.651663,77.191305,259.0,2026-04-02 06:57:05
User_005,TRJ_User_005_008,28.649456,77.190937,203.4,2026-04-02 06:57:47
User_005,TRJ_User_005_008,28.647879,77.190762,246.0,2026-04-02 06:58:10
User_005,TRJ_User_005_008,28.645794,77.190893,203.8,2026-04-02 06:58:36
User_005,TRJ_User_005_008,28.643161,77.191508,220.9,2026-04-02 06:59:29
User_005,TRJ_User_005_008,28.641181,77.191821,223.0,2026-04-02 06:59:48
User_005,TRJ_User_005_008,28.638722,77.19158,216.1,2026-04-02 07:00:15
User_005,TRJ_User_005_008,28.636655,77.191896,258.9,2026-04-02 07:00:44
User_005,TRJ_User_005_008,28.634265,77.191745,230.7,2026-04-02 07:00:56
User_005,TRJ_User_005_008,28.631921,77.192805,233.4,2026-04-02 07:01:35
User_005,TRJ_User_005_008,28.629793,77.193748,205.7,2026-04-02 07:02:23
User_005,TRJ_User_005_008,28.628168,77.194259,255.0,2026-04-02 07:02:53
User_005,TRJ_User_005_008,28.626253,77.194329,243.1,2026-04-02 07:03:49
User_005,TRJ_User_005_008,28.624143,77.195048,250.8,2026-04-02 07:04:36
User_005,TRJ_User_005_008,28.621696,77.196016,212.0,2026-04-02 07:05:26
User_005,TRJ_User_005_008,28.619186,77.196138,229.2,2026-04-02 07:06:05
User_005,TRJ_User_005_008,28.617295,77.196706,203.9,2026-04-02 07:06:21
User_005,TRJ_User_005_008,28.615184,77.196692,255.5,2026-04-02 07:07:14
User_005,TRJ_User_005_008,28.612831,77.196802,253.6,2026-04-02 07:08:13
User_005,TRJ_User_005_008,28.611194,77.197015,223.5,2026-04-02 07:08:40
User_005,TRJ_User_005_008,28.609058,77.196675,229.7,2026-04-02 07:09:13
User_005,TRJ_User_005_008,28.606809,77.197401,213.7,2026-04-02 07:09:38
User_005,TRJ_User_005_008,28.604287,77.197513,227.3,2026-04-02 07:10:16
User_005,TRJ_User_005_008,28.601982,77.198636,223.5,2026-04-02 07:11:14
User_005,TRJ_User_005_008,28.599158,77.198443,229.9,2026-04-02 07:11:45
User_005,TRJ_User_005_008,28.5969,77.198618,213.6,2026-04-02 07:12:07
User_005,TRJ_User_005_008,28.594521,77.198577,203.9,2026-04-02 07:13:06
User_005,TRJ_User_005_008,28.592298,77.199537,226.4,2026-04-02 07:13:17
User_005,TRJ_User_005_008,28.590068,77.200518,223.3,2026-04-02 07:13:33
User_005,TRJ_User_005_008,28.587843,77.201002,208.9,2026-04-02 07:14:29
User_005,TRJ_User_005_008,28.58572,77.201217,208.2,2026-04-02 07:14:56
User_005,TRJ_User_005_008,28.583629,77.201238,240.8,2026-04-02 07:15:53
User_005,TRJ_User_005_008,28.582194,77.201319,259.1,2026-04-02 07:16:29
User_005,TRJ_User_005_008,28.579844,77.201224,231.3,2026-04-02 07:17:13
User_005,TRJ_User_005_008,28.577937,77.201254,225.6,2026-04-02 07:18:03
User_005,TRJ_User_005_008,28.576184,77.201975,243.7,2026-04-02 07:18:33
User_005,TRJ_User_005_008,28.574561,77.20217,240.9,2026-04-02 07:18:49
User_005,TRJ_User_005_008,28.572809,77.202417,247.0,2026-04-02 07:19:36
User_005,TRJ_User_005_008,28.570201,77.202608,242.3,2026-04-02 07:20:00
User_005,TRJ_User_005_008,28.568569,77.203166,257.9,2026-04-02 07:20:54
User_005,TRJ_User_005_008,28.566603,77.203728,228.4,2026-04-02 07:21:52
User_005,TRJ_User_005_008,28.564266,77.204142,215.7,2026-04-02 07:22:22
User_005,TRJ_User_005_008,28.562513,77.204167,228.4,2026-04-02 07:22:37
User_005,TRJ_User_005_008,28.560029,77.203626,201.0,2026-04-02 07:22:53
User_005,TRJ_User_005_008,28.557347,77.203908,228.5,2026-04-02 07:23:38
User_005,TRJ_User_005_008,28.555279,77.204807,207.8,2026-04-02 07:23:57
User_005,TRJ_User_005_008,28.553445,77.204935,200.7,2026-04-02 07:24:36
User_005,TRJ_User_005_008,28.551779,77.205125,205.0,2026-04-02 07:25:21
User_005,TRJ_User_005_008,28.549737,77.204541,242.8,2026-04-02 07:25:41
User_005,TRJ_User_005_008,28.54668,77.204456,218.6,2026-04-02 07:26:20
User_005,TRJ_User_005_009,28.555978,77.063656,235.1,2026-04-02 08:38:18
User_005,TRJ_User_005_009,28.557741,77.066674,225.8,2026-04-02 08:38:42
User_005,TRJ_User_005_009,28.560334,77.069151,240.0,2026-04-02 08:39:24
User_005,TRJ_User_005_009,28.562208,77.071369,205.9,2026-04-02 08:40:03
User_005,TRJ_User_005_009,28.563969,77.07403,239.5,2026-04-02 08:40:23
User_005,TRJ_User_005_009,28.566368,77.076151,229.0,2026-04-02 08:41:07
User_005,TRJ_User_005_009,28.568403,77.079335,209.3,2026-04-02 08:41:54
User_005,TRJ_User_005_009,28.570264,77.081997,259.9,2026-04-02 08:42:05
User_005,TRJ_User_005_009,28.571793,77.085318,217.9,2026-04-02 08:43:03
User_005,TRJ_User_005_009,28.573848,77.088643,228.7,2026-04-02 08:43:56
User_005,TRJ_User_005_009,28.576326,77.091099,215.2,2026-04-02 08:44:21
User_005,TRJ_User_005_009,28.578071,77.093099,214.0,2026-04-02 08:44:45
User_005,TRJ_User_005_009,28.579301,77.095863,236.8,2026-04-02 08:45:07
User_005,TRJ_User_005_009,28.581349,77.098233,210.0,2026-04-02 08:46:03
User_005,TRJ_User_005_009,28.583005,77.101202,224.1,2026-04-02 08:46:42
User_005,TRJ_User_005_009,28.584929,77.103991,249.8,2026-04-02 08:47:40
User_005,TRJ_User_005_009,28.586668,77.105466,255.6,2026-04-02 08:48:03
User_005,TRJ_User_005_009,28.589895,77.107734,212.1,2026-04-02 08:48:32
User_005,TRJ_User_005_009,28.591536,77.110281,247.2,2026-04-02 08:49:07
User_005,TRJ_User_005_009,28.593246,77.113056,244.5,2026-04-02 08:49:46
User_005,TRJ_User_005_009,28.595653,77.115474,222.0,2026-04-02 08:50:33
User_005,TRJ_User_005_009,28.597491,77.118154,258.2,2026-04-02 08:50:48
User_005,TRJ_User_005_009,28.598137,77.120865,259.9,2026-04-02 08:51:44
User_005,TRJ_User_005_009,28.599877,77.123518,214.6,2026-04-02 08:52:05
User_005,TRJ_User_005_009,28.601502,77.126876,220.8,2026-04-02 08:52:29
User_005,TRJ_User_005_009,28.603319,77.129365,258.5,2026-04-02 08:53:22
User_005,TRJ_User_005_009,28.606101,77.132196,232.7,2026-04-02 08:54:05
User_005,TRJ_User_005_009,28.608058,77.135463,238.9,2026-04-02 08:54:38
User_005,TRJ_User_005_009,28.609424,77.138398,258.2,2026-04-02 08:55:36
User_005,TRJ_User_005_009,28.611612,77.140366,236.6,2026-04-02 08:56:32
User_005,TRJ_User_005_009,28.613629,77.143391,257.0,2026-04-02 08:56:42
User_005,TRJ_User_005_009,28.615691,77.145926,249.5,2026-04-02 08:56:53
User_005,TRJ_User_005_009,28.617204,77.148372,238.6,2026-04-02 08:57:08
User_005,TRJ_User_005_009,28.619058,77.150431,236.1,2026-04-02 08:57:47
User_005,TRJ_User_005_009,28.620738,77.152649,220.8,2026-04-02 08:58:39
User_005,TRJ_User_005_009,28.622532,77.155658,217.8,2026-04-02 08:59:33
User_005,TRJ_User_005_009,28.624195,77.158837,226.0,2026-04-02 09:00:18
User_005,TRJ_User_005_009,28.626659,77.161011,245.6,2026-04-02 09:00:59
User_005,TRJ_User_005_009,28.628219,77.163431,215.9,2026-04-02 09:01:15
User_005,TRJ_User_005_009,28.630808,77.165638,228.6,2026-04-02 09:01:49
User_005,TRJ_User_005_009,28.633005,77.168086,219.6,2026-04-02 09:02:08
User_005,TRJ_User_005_009,28.634293,77.170571,222.2,2026-04-02 09:02:58
User_005,TRJ_User_005_009,28.636126,77.17268,227.7,2026-04-02 09:03:44
User_005,TRJ_User_005_009,28.637905,77.17485,225.4,2026-04-02 09:04:26
User_005,TRJ_User_005_009,28.640651,77.177026,250.4,2026-04-02 09:04:54
User_005,TRJ_User_005_009,28.642518,77.17904,254.6,2026-04-02 09:05:31
User_005,TRJ_User_005_009,28.644696,77.181633,244.1,2026-04-02 09:06:13
User_005,TRJ_User_005_009,28.647053,77.184525,214.7,2026-04-02 09:06:52
User_005,TRJ_User_005_009,28.648652,77.18721,250.2,2026-04-02 09:07:13
User_005,TRJ_User_005_009,28.650004,77.190225,214.8,2026-04-02 09:08:11
User_005,TRJ_User_005_010,28.647111,77.191275,227.8,2026-04-02 12:01:43
User_005,TRJ_User_005_010,28.645596,77.188309,225.9,2026-04-02 12:02:33
User_005,TRJ_User_005_010,28.643796,77.185938,204.0,2026-04-02 12:03:07
User_005,TRJ_User_005_010,28.641105,77.183473,226.5,2026-04-02 12:03:55
User_005,TRJ_User_005_010,28.638693,77.180294,233.5,2026-04-02 12:04:10
User_005,TRJ_User_005_010,28.637121,77.177991,232.1,2026-04-02 12:04:25
User_005,TRJ_User_005_010,28.635242,77.175225,251.9,2026-04-02 12:04:46
User_005,TRJ_User_005_010,28.633594,77.172674,202.6,2026-04-02 12:05:33
User_005,TRJ_User_005_010,28.631546,77.170386,218.1,2026-04-02 12:06:20
User_005,TRJ_User_005_010,28.628885,77.16736,205.4,2026-04-02 12:07:06
User_005,TRJ_User_005_010,28.627133,77.164817,204.0,2026-04-02 12:08:04
User_005,TRJ_User_005_010,28.625322,77.162179,224.6,2026-04-02 12:08:34
User_005,TRJ_User_005_010,28.623233,77.159761,209.6,2026-04-02 12:09:29
User_005,TRJ_User_005_010,28.621885,77.1563,235.0,2026-04-02 12:10:17
User_005,TRJ_User_005_010,28.619884,77.153321,242.6,2026-04-02 12:10:59
User_005,TRJ_User_005_010,28.617894,77.150511,202.8,2026-04-02 12:11:17
User_005,TRJ_User_005_010,28.617024,77.148393,223.5,2026-04-02 12:11:48
User_005,TRJ_User_005_010,28.615803,77.146169,250.7,2026-04-02 12:12:35
User_005,TRJ_User_005_010,28.613645,77.143195,216.3,2026-04-02 12:13:27
User_005,TRJ_User_005_010,28.611779,77.140414,224.6,2026-04-02 12:13:43
User_005,TRJ_User_005_010,28.609751,77.138504,209.7,2026-04-02 12:14:30
User_005,TRJ_User_005_010,28.607993,77.135668,228.9,2026-04-02 12:14:43
User_005,TRJ_User_005_010,28.605562,77.133656,215.2,2026-04-02 12:14:58
User_005,TRJ_User_005_010,28.60386,77.130551,203.4,2026-04-02 12:15:15
User_005,TRJ_User_005_010,28.601709,77.127601,239.7,2026-04-02 12:15:37
User_005,TRJ_User_005_010,28.600002,77.124797,225.0,2026-04-02 12:16:17
User_005,TRJ_User_005_010,28.598226,77.122308,252.1,2026-04-02 12:16:55
User_005,TRJ_User_005_010,28.59618,77.119789,255.8,2026-04-02 12:17:41
User_005,TRJ_User_005_010,28.594354,77.116099,255.7,2026-04-02 12:18:26
User_005,TRJ_User_005_010,28.592338,77.113386,206.6,2026-04-02 12:18:59
User_005,TRJ_User_005_010,28.590809,77.110853,231.5,2026-04-02 12:19:20
User_005,TRJ_User_005_010,28.589946,77.108615,244.5,2026-04-02 12:20:06
User_005,TRJ_User_005_010,28.588452,77.10544,250.9,2026-04-02 12:20:56
User_005,TRJ_User_005_010,28.586592,77.102857,245.9,2026-04-02 12:21:48
User_005,TRJ_User_005_010,28.585037,77.100211,228.5,2026-04-02 12:22:13
User_005,TRJ_User_005_010,28.582376,77.097598,241.3,2026-04-02 12:22:34
User_005,TRJ_User_005_010,28.580628,77.094958,249.6,2026-04-02 12:23:30
User_005,TRJ_User_005_010,28.578699,77.092633,236.0,2026-04-02 12:23:54
User_005,TRJ_User_005_010,28.575851,77.090584,233.9,2026-04-02 12:24:29
User_005,TRJ_User_005_010,28.574324,77.088242,230.7,2026-04-02 12:25:26
User_005,TRJ_User_005_010,28.571975,77.085633,200.2,2026-04-02 12:25:44
User_005,TRJ_User_005_010,28.569633,77.081976,215.4,2026-04-02 12:26:17
User_005,TRJ_User_005_010,28.567488,77.079059,200.8,2026-04-02 12:26:33
User_005,TRJ_User_005_010,28.566266,77.07613,234.0,2026-04-02 12:27:22
User_005,TRJ_User_005_010,28.564259,77.072688,257.3,2026-04-02 12:28:10
User_005,TRJ_User_005_010,28.562237,77.069636,213.6,2026-04-02 12:29:04
User_005,TRJ_User_005_010,28.560057,77.067219,243.5,2026-04-02 12:29:55
User_005,TRJ_User_005_010,28.557999,77.064326,248.7,2026-04-02 12:30:16
User_005,TRJ_User_005_010,28.556004,77.061575,222.1,2026-04-02 12:30:44
User_005,TRJ_User_005_010,28.554344,77.059746,239.7,2026-04-02 12:31:33
User_006,TRJ_User_006_001,28.558558,77.119057,257.0,2026-04-02 14:00:13
User_006,TRJ_User_006_001,28.557414,77.121365,230.5,2026-04-02 14:00:32
User_006,TRJ_User_006_001,28.556988,77.123197,209.9,2026-04-02 14:01:08
User_006,TRJ_User_006_001,28.555767,77.125141,238.0,2026-04-02 14:01:26
User_006,TRJ_User_006_001,28.555092,77.127025,208.7,2026-04-02 14:02:25
User_006,TRJ_User_006_001,28.553906,77.128814,246.6,2026-04-02 14:02:45
User_006,TRJ_User_006_001,28.553192,77.130361,223.6,2026-04-02 14:03:21
User_006,TRJ_User_006_001,28.552207,77.132665,231.6,2026-04-02 14:03:59
User_006,TRJ_User_006_001,28.551353,77.134834,230.9,2026-04-02 14:04:30
User_006,TRJ_User_006_001,28.550275,77.137317,243.5,2026-04-02 14:04:55
User_006,TRJ_User_006_001,28.549739,77.138938,211.0,2026-04-02 14:05:50
User_006,TRJ_User_006_001,28.54879,77.140952,211.2,2026-04-02 14:06:20
User_006,TRJ_User_006_001,28.54874,77.142674,213.6,2026-04-02 14:06:48
User_006,TRJ_User_006_001,28.548353,77.14417,207.1,2026-04-02 14:07:03
User_006,TRJ_User_006_001,28.548652,77.146004,228.3,2026-04-02 14:07:17
User_006,TRJ_User_006_001,28.5474,77.147897,212.8,2026-04-02 14:07:32
User_006,TRJ_User_006_001,28.547117,77.150142,209.8,2026-04-02 14:08:25
User_006,TRJ_User_006_001,28.546755,77.152159,242.4,2026-04-02 14:08:59
User_006,TRJ_User_006_001,28.546505,77.154753,213.9,2026-04-02 14:09:29
User_006,TRJ_User_006_001,28.545814,77.157221,226.0,2026-04-02 14:09:43
User_006,TRJ_User_006_001,28.545513,77.159721,211.8,2026-04-02 14:10:31
User_006,TRJ_User_006_001,28.544374,77.162443,231.5,2026-04-02 14:10:51
User_006,TRJ_User_006_001,28.543568,77.164256,222.3,2026-04-02 14:11:38
User_006,TRJ_User_006_001,28.54347,77.166357,219.3,2026-04-02 14:12:12
User_006,TRJ_User_006_001,28.543022,77.169052,253.4,2026-04-02 14:13:06
User_006,TRJ_User_006_001,28.542705,77.171453,240.0,2026-04-02 14:13:19
User_006,TRJ_User_006_001,28.542158,77.173174,230.4,2026-04-02 14:13:32
User_006,TRJ_User_006_001,28.541031,77.174979,206.4,2026-04-02 14:14:00
User_006,TRJ_User_006_001,28.540154,77.176869,221.8,2026-04-02 14:14:59
User_006,TRJ_User_006_001,28.539662,77.178887,234.5,2026-04-02 14:15:22
User_006,TRJ_User_006_001,28.539512,77.180696,202.3,2026-04-02 14:16:11
User_006,TRJ_User_006_001,28.539247,77.182677,217.5,2026-04-02 14:16:50
User_006,TRJ_User_006_001,28.539014,77.185167,258.7,2026-04-02 14:17:30
User_006,TRJ_User_006_001,28.537369,77.187189,237.6,2026-04-02 14:18:19
User_006,TRJ_User_006_001,28.535959,77.189036,206.3,2026-04-02 14:19:00
User_006,TRJ_User_006_001,28.53641,77.191271,224.7,2026-04-02 14:19:26
User_006,TRJ_User_006_001,28.535843,77.192983,225.9,2026-04-02 14:19:53
User_006,TRJ_User_006_001,28.534238,77.195171,204.0,2026-04-02 14:20:18
User_006,TRJ_User_006_001,28.53388,77.197538,214.9,2026-04-02 14:21:12
User_006,TRJ_User_006_001,28.532806,77.199594,255.9,2026-04-02 14:21:39
User_006,TRJ_User_006_001,28.532025,77.201318,236.0,2026-04-02 14:22:12
User_006,TRJ_User_006_001,28.531908,77.203546,238.7,2026-04-02 14:22:54
User_006,TRJ_User_006_001,28.531031,77.205981,236.7,2026-04-02 14:23:36
User_006,TRJ_User_006_001,28.530307,77.207225,207.9,2026-04-02 14:23:52
User_006,TRJ_User_006_001,28.529664,77.208451,235.3,2026-04-02 14:24:24
User_006,TRJ_User_006_001,28.528951,77.211053,218.0,2026-04-02 14:25:14
User_006,TRJ_User_006_001,28.527244,77.21276,250.5,2026-04-02 14:25:34
User_006,TRJ_User_006_001,28.526435,77.214264,248.4,2026-04-02 14:26:08
User_006,TRJ_User_006_001,28.526718,77.216236,216.5,2026-04-02 14:26:33
User_006,TRJ_User_006_001,28.526011,77.218139,224.9,2026-04-02 14:27:32
User_006,TRJ_User_006_002,28.531464,77.212343,246.5,2026-04-02 15:32:13
User_006,TRJ_User_006_002,28.534328,77.212006,228.8,2026-04-02 15:33:07
User_006,TRJ_User_006_002,28.537371,77.212018,218.7,2026-04-02 15:34:06
User_006,TRJ_User_006_002,28.539617,77.211993,254.4,2026-04-02 15:34:58
User_006,TRJ_User_006_002,28.541767,77.21183,204.9,2026-04-02 15:35:18
User_006,TRJ_User_006_002,28.544078,77.210922,249.9,2026-04-02 15:35:29
User_006,TRJ_User_006_002,28.546617,77.209688,229.1,2026-04-02 15:35:49
User_006,TRJ_User_006_002,28.549153,77.208792,239.4,2026-04-02 15:36:08
User_006,TRJ_User_006_002,28.551465,77.207938,224.7,2026-04-02 15:36:34
User_006,TRJ_User_006_002,28.554381,77.207827,226.9,2026-04-02 15:37:29
User_006,TRJ_User_006_002,28.556681,77.207671,242.3,2026-04-02 15:38:14
User_006,TRJ_User_006_002,28.559437,77.207891,252.7,2026-04-02 15:38:53
User_006,TRJ_User_006_002,28.562114,77.207557,207.8,2026-04-02 15:39:27
User_006,TRJ_User_006_002,28.56501,77.20762,236.9,2026-04-02 15:39:45
User_006,TRJ_User_006_002,28.567589,77.206696,250.1,2026-04-02 15:40:02
User_006,TRJ_User_006_002,28.57011,77.206428,215.4,2026-04-02 15:40:17
User_006,TRJ_User_006_002,28.572859,77.206048,232.8,2026-04-02 15:40:45
User_006,TRJ_User_006_002,28.575165,77.205547,256.9,2026-04-02 15:41:37
User_006,TRJ_User_006_002,28.577757,77.205424,259.6,2026-04-02 15:42:29
User_006,TRJ_User_006_002,28.581009,77.205037,257.6,2026-04-02 15:42:53
User_006,TRJ_User_006_002,28.583899,77.204548,231.3,2026-04-02 15:43:31
User_006,TRJ_User_006_002,28.586273,77.204373,257.2,2026-04-02 15:44:30
User_006,TRJ_User_006_002,28.588768,77.203771,204.3,2026-04-02 15:44:42
User_006,TRJ_User_006_002,28.592143,77.202765,209.0,2026-04-02 15:45:24
User_006,TRJ_User_006_002,28.595218,77.202084,247.9,2026-04-02 15:46:01
User_006,TRJ_User_006_002,28.597966,77.201085,231.8,2026-04-02 15:46:54
User_006,TRJ_User_006_002,28.60056,77.201217,241.7,2026-04-02 15:47:44
User_006,TRJ_User_006_002,28.603563,77.200421,202.4,2026-04-02 15:47:54
User_006,TRJ_User_006_002,28.60576,77.200174,246.0,2026-04-02 15:48:48
User_006,TRJ_User_006_002,28.608346,77.199375,248.1,2026-04-02 15:49:07
User_006,TRJ_User_006_002,28.609914,77.198362,215.2,2026-04-02 15:49:50
User_006,TRJ_User_006_002,28.612736,77.198244,205.3,2026-04-02 15:50:37
User_006,TRJ_User_006_002,28.614699,77.198056,204.9,2026-04-02 15:51:24
User_006,TRJ_User_006_002,28.61725,77.197012,221.4,2026-04-02 15:52:17
User_006,TRJ_User_006_002,28.619507,77.196513,218.0,2026-04-02 15:52:46
User_006,TRJ_User_006_002,28.621956,77.195949,244.6,2026-04-02 15:53:08
User_006,TRJ_User_006_002,28.623966,77.194887,237.1,2026-04-02 15:53:40
User_006,TRJ_User_006_002,28.625899,77.193424,246.2,2026-04-02 15:54:08
User_006,TRJ_User_006_002,28.629158,77.192701,257.2,2026-04-02 15:54:58
User_006,TRJ_User_006_002,28.631509,77.192942,212.7,2026-04-02 15:55:22
User_006,TRJ_User_006_002,28.634403,77.192073,249.6,2026-04-02 15:55:35
User_006,TRJ_User_006_002,28.637088,77.191476,246.0,2026-04-02 15:56:15
User_006,TRJ_User_006_002,28.639327,77.191148,247.4,2026-04-02 15:56:27
User_006,TRJ_User_006_002,28.640659,77.191349,251.6,2026-04-02 15:56:39
User_006,TRJ_User_006_002,28.64384,77.190194,252.6,2026-04-02 15:57:32
User_006,TRJ_User_006_002,28.646541,77.189689,257.0,2026-04-02 15:58:17
User_006,TRJ_User_006_002,28.648929,77.189416,238.8,2026-04-02 15:58:47
User_006,TRJ_User_006_002,28.651485,77.189297,238.6,2026-04-02 15:59:08
User_006,TRJ_User_006_002,28.654386,77.188782,246.5,2026-04-02 15:59:28
User_006,TRJ_User_006_002,28.657297,77.18787,233.8,2026-04-02 15:59:57
User_006,TRJ_User_006_003,28.557686,77.120803,201.2,2026-04-02 18:58:38
User_006,TRJ_User_006_003,28.556933,77.122704,200.9,2026-04-02 18:59:18
User_006,TRJ_User_006_003,28.555622,77.125216,224.9,2026-04-02 19:00:15
User_006,TRJ_User_006_003,28.55449,77.127373,245.4,2026-04-02 19:01:14
User_006,TRJ_User_006_003,28.554319,77.129832,215.1,2026-04-02 19:01:38
User_006,TRJ_User_006_003,28.552767,77.131807,234.8,2026-04-02 19:02:04
User_006,TRJ_User_006_003,28.552065,77.133204,205.2,2026-04-02 19:02:28
User_006,TRJ_User_006_003,28.550889,77.135401,220.3,2026-04-02 19:03:23
User_006,TRJ_User_006_003,28.550249,77.137659,236.0,2026-04-02 19:03:48
User_006,TRJ_User_006_003,28.549468,77.139675,243.4,2026-04-02 19:04:06
User_006,TRJ_User_006_003,28.549196,77.142438,223.0,2026-04-02 19:04:39
User_006,TRJ_User_006_003,28.548031,77.144802,238.4,2026-04-02 19:05:32
User_006,TRJ_User_006_003,28.547143,77.146713,237.4,2026-04-02 19:06:09
User_006,TRJ_User_006_003,28.546763,77.148492,219.6,2026-04-02 19:07:08
User_006,TRJ_User_006_003,28.546137,77.149708,237.3,2026-04-02 19:07:22
User_006,TRJ_User_006_003,28.546031,77.151929,254.1,2026-04-02 19:08:02
User_006,TRJ_User_006_003,28.544716,77.153748,207.2,2026-04-02 19:08:39
User_006,TRJ_User_006_003,28.543637,77.155601,242.6,2026-04-02 19:09:22
User_006,TRJ_User_006_003,28.543271,77.157378,217.6,2026-04-02 19:10:20
User_006,TRJ_User_006_003,28.543345,77.159061,225.8,2026-04-02 19:11:00
User_006,TRJ_User_006_003,28.542442,77.16037,206.1,2026-04-02 19:11:32
User_006,TRJ_User_006_003,28.541702,77.162672,225.4,2026-04-02 19:12:26
User_006,TRJ_User_006_003,28.540522,77.165307,217.9,2026-04-02 19:12:36
User_006,TRJ_User_006_003,28.539959,77.166951,211.2,2026-04-02 19:13:32
User_006,TRJ_User_006_003,28.538456,77.168075,232.6,2026-04-02 19:14:16
User_006,TRJ_User_006_003,28.537783,77.1699,235.3,2026-04-02 19:14:44
User_006,TRJ_User_006_003,28.536654,77.172166,219.0,2026-04-02 19:15:14
User_006,TRJ_User_006_003,28.535459,77.173634,235.7,2026-04-02 19:15:34
User_006,TRJ_User_006_003,28.535006,77.175739,254.1,2026-04-02 19:15:50
User_006,TRJ_User_006_003,28.534395,77.178081,222.0,2026-04-02 19:16:07
User_006,TRJ_User_006_003,28.533342,77.179688,218.2,2026-04-02 19:17:00
User_006,TRJ_User_006_003,28.532184,77.181358,235.6,2026-04-02 19:17:53
User_006,TRJ_User_006_003,28.531087,77.183591,256.0,2026-04-02 19:18:32
User_006,TRJ_User_006_003,28.531053,77.185656,245.8,2026-04-02 19:18:48
User_006,TRJ_User_006_003,28.529952,77.187249,236.3,2026-04-02 19:19:32
User_006,TRJ_User_006_003,28.529458,77.188907,253.6,2026-04-02 19:20:21
User_006,TRJ_User_006_003,28.528582,77.190942,236.8,2026-04-02 19:20:52
User_006,TRJ_User_006_003,28.527886,77.193292,213.4,2026-04-02 19:21:19
User_006,TRJ_User_006_003,28.526777,77.195226,239.9,2026-04-02 19:21:29
User_006,TRJ_User_006_003,28.525778,77.197081,202.3,2026-04-02 19:22:18
User_006,TRJ_User_006_003,28.525279,77.198765,204.1,2026-04-02 19:22:59
User_006,TRJ_User_006_003,28.524247,77.201166,203.5,2026-04-02 19:23:35
User_006,TRJ_User_006_003,28.523178,77.204047,221.4,2026-04-02 19:24:01
User_006,TRJ_User_006_003,28.522708,77.206184,200.8,2026-04-02 19:24:47
User_006,TRJ_User_006_003,28.521637,77.208321,246.0,2026-04-02 19:25:10
User_006,TRJ_User_006_003,28.520663,77.210511,233.9,2026-04-02 19:25:27
User_006,TRJ_User_006_003,28.520109,77.21204,244.6,2026-04-02 19:25:52
User_006,TRJ_User_006_003,28.51897,77.213881,223.0,2026-04-02 19:26:13
User_006,TRJ_User_006_003,28.518284,77.216435,206.9,2026-04-02 19:26:34
User_006,TRJ_User_006_003,28.517501,77.218299,251.8,2026-04-02 19:26:44
User_006,TRJ_User_006_004,28.526393,77.219429,258.1,2026-04-02 22:46:01
User_006,TRJ_User_006_004,28.529112,77.219561,225.7,2026-04-02 22:46:57
User_006,TRJ_User_006_004,28.531502,77.219206,256.2,2026-04-02 22:47:44
User_006,TRJ_User_006_004,28.533773,77.219127,221.0,2026-04-02 22:48:19
User_006,TRJ_User_006_004,28.536077,77.218501,203.9,2026-04-02 22:49:05
User_006,TRJ_User_006_004,28.538548,77.21839,227.0,2026-04-02 22:50:00
User_006,TRJ_User_006_004,28.540837,77.218592,252.1,2026-04-02 22:50:11
User_006,TRJ_User_006_004,28.543594,77.218355,236.3,2026-04-02 22:50:39
User_006,TRJ_User_006_004,28.545393,77.218817,218.8,2026-04-02 22:51:13
User_006,TRJ_User_006_004,28.547489,77.218748,210.2,2026-04-02 22:51:53
User_006,TRJ_User_006_004,28.549626,77.218779,238.0,2026-04-02 22:52:25
User_006,TRJ_User_006_004,28.55208,77.219149,219.4,2026-04-02 22:53:19
User_006,TRJ_User_006_004,28.554707,77.218982,203.2,2026-04-02 22:53:43
User_006,TRJ_User_006_004,28.556343,77.219073,234.9,2026-04-02 22:53:59
User_006,TRJ_User_006_004,28.5583,77.219339,247.5,2026-04-02 22:54:46
User_006,TRJ_User_006_004,28.559767,77.218986,255.5,2026-04-02 22:55:38
User_006,TRJ_User_006_004,28.561272,77.219217,216.0,2026-04-02 22:56:08
User_006,TRJ_User_006_004,28.563928,77.219204,221.9,2026-04-02 22:56:50
User_006,TRJ_User_006_004,28.566755,77.219475,222.2,2026-04-02 22:57:19
User_006,TRJ_User_006_004,28.568782,77.219517,257.8,2026-04-02 22:57:29
User_006,TRJ_User_006_004,28.570172,77.220875,255.8,2026-04-02 22:57:58
User_006,TRJ_User_006_004,28.572178,77.220546,257.6,2026-04-02 22:58:24
User_006,TRJ_User_006_004,28.574837,77.220463,253.8,2026-04-02 22:58:58
User_006,TRJ_User_006_004,28.576751,77.220968,249.6,2026-04-02 22:59:17
User_006,TRJ_User_006_004,28.578791,77.220936,224.0,2026-04-02 23:00:06
User_006,TRJ_User_006_004,28.580423,77.22144,213.8,2026-04-02 23:00:59
User_006,TRJ_User_006_004,28.582497,77.221335,237.6,2026-04-02 23:01:17
User_006,TRJ_User_006_004,28.58477,77.221212,241.0,2026-04-02 23:01:39
User_006,TRJ_User_006_004,28.586505,77.22142,251.5,2026-04-02 23:01:51
User_006,TRJ_User_006_004,28.588782,77.221223,232.4,2026-04-02 23:02:42
User_006,TRJ_User_006_004,28.591095,77.220687,243.6,2026-04-02 23:03:29
User_006,TRJ_User_006_004,28.592855,77.220703,225.1,2026-04-02 23:03:53
User_006,TRJ_User_006_004,28.595825,77.221261,209.9,2026-04-02 23:04:37
User_006,TRJ_User_006_004,28.597513,77.221525,234.4,2026-04-02 23:05:06
User_006,TRJ_User_006_004,28.599945,77.221454,217.6,2026-04-02 23:06:05
User_006,TRJ_User_006_004,28.60194,77.22152,220.9,2026-04-02 23:06:44
User_006,TRJ_User_006_004,28.604035,77.22123,216.2,2026-04-02 23:07:14
User_006,TRJ_User_006_004,28.606461,77.221032,240.6,2026-04-02 23:07:59
User_006,TRJ_User_006_004,28.608479,77.221314,206.6,2026-04-02 23:08:41
User_006,TRJ_User_006_004,28.610989,77.219751,237.3,2026-04-02 23:08:52
User_006,TRJ_User_006_004,28.61306,77.219931,223.8,2026-04-02 23:09:47
User_006,TRJ_User_006_004,28.61464,77.220454,208.5,2026-04-02 23:10:33
User_006,TRJ_User_006_004,28.616963,77.220729,201.1,2026-04-02 23:11:30
User_006,TRJ_User_006_004,28.619361,77.221028,222.1,2026-04-02 23:12:19
User_006,TRJ_User_006_004,28.6217,77.22035,257.8,2026-04-02 23:12:45
User_006,TRJ_User_006_004,28.624273,77.220161,254.4,2026-04-02 23:13:44
User_006,TRJ_User_006_004,28.627078,77.220228,220.3,2026-04-02 23:14:18
User_006,TRJ_User_006_004,28.6293,77.220078,228.9,2026-04-02 23:14:28
User_006,TRJ_User_006_004,28.631798,77.219403,202.6,2026-04-02 23:14:41
User_006,TRJ_User_006_004,28.634188,77.21937,210.8,2026-04-02 23:15:29
User_006,TRJ_User_006_005,28.557729,77.125695,251.7,2026-04-02 23:53:58
User_006,TRJ_User_006_005,28.55645,77.127389,252.2,2026-04-02 23:54:13
User_006,TRJ_User_006_005,28.555535,77.129614,200.2,2026-04-02 23:55:06
User_006,TRJ_User_006_005,28.554907,77.131487,248.5,2026-04-02 23:55:46
User_006,TRJ_User_006_005,28.553898,77.133347,217.2,2026-04-02 23:55:58
User_006,TRJ_User_006_005,28.553267,77.1355,218.3,2026-04-02 23:56:42
User_006,TRJ_User_006_005,28.552479,77.137221,253.7,2026-04-02 23:57:22
User_006,TRJ_User_006_005,28.551838,77.139812,214.7,2026-04-02 23:57:45
User_006,TRJ_User_006_005,28.551046,77.142516,254.0,2026-04-02 23:58:02
User_006,TRJ_User_006_005,28.550923,77.144386,245.5,2026-04-02 23:58:22
User_006,TRJ_User_006_005,28.549814,77.14631,212.9,2026-04-02 23:58:47
User_006,TRJ_User_006_005,28.548989,77.147902,203.3,2026-04-02 23:59:23
User_006,TRJ_User_006_005,28.548822,77.149595,221.1,2026-04-02 23:59:54
User_006,TRJ_User_006_005,28.548231,77.151577,249.9,2026-04-03 00:00:28
User_006,TRJ_User_006_005,28.547071,77.153244,255.7,2026-04-03 00:01:07
User_006,TRJ_User_006_005,28.547039,77.154825,217.6,2026-04-03 00:01:49
User_006,TRJ_User_006_005,28.546268,77.156679,203.0,2026-04-03 00:02:37
User_006,TRJ_User_006_005,28.545069,77.159514,216.6,2026-04-03 00:03:19
User_006,TRJ_User_006_005,28.544023,77.160697,255.7,2026-04-03 00:04:10
User_006,TRJ_User_006_005,28.543527,77.162923,246.1,2026-04-03 00:04:36
User_006,TRJ_User_006_005,28.542902,77.164777,230.3,2026-04-03 00:05:28
User_006,TRJ_User_006_005,28.542442,77.165752,240.7,2026-04-03 00:06:27
User_006,TRJ_User_006_005,28.541572,77.168103,234.8,2026-04-03 00:06:51
User_006,TRJ_User_006_005,28.540649,77.169969,210.1,2026-04-03 00:07:27
User_006,TRJ_User_006_005,28.539398,77.171506,251.5,2026-04-03 00:07:57
User_006,TRJ_User_006_005,28.539165,77.172978,257.1,2026-04-03 00:08:09
User_006,TRJ_User_006_005,28.538331,77.174665,254.3,2026-04-03 00:09:08
User_006,TRJ_User_006_005,28.537176,77.176447,207.0,2026-04-03 00:09:20
User_006,TRJ_User_006_005,28.535908,77.178426,209.9,2026-04-03 00:09:55
User_006,TRJ_User_006_005,28.53549,77.180026,216.9,2026-04-03 00:10:29
User_006,TRJ_User_006_005,28.534949,77.181739,205.9,2026-04-03 00:11:22
User_006,TRJ_User_006_005,28.533975,77.183863,217.1,2026-04-03 00:11:55
User_006,TRJ_User_006_005,28.53325,77.185868,220.1,2026-04-03 00:12:35
User_006,TRJ_User_006_005,28.532556,77.187746,258.2,2026-04-03 00:13:05
User_006,TRJ_User_006_005,28.53188,77.189209,206.4,2026-04-03 00:13:37
User_006,TRJ_User_006_005,28.531363,77.190719,257.0,2026-04-03 00:14:04
User_006,TRJ_User_006_005,28.530652,77.192553,211.8,2026-04-03 00:14:48
User_006,TRJ_User_006_005,28.530123,77.194175,224.5,2026-04-03 00:15:10
User_006,TRJ_User_006_005,28.529162,77.196014,241.7,2026-04-03 00:15:48
User_006,TRJ_User_006_005,28.528248,77.198115,245.2,2026-04-03 00:16:25
User_006,TRJ_User_006_005,28.528686,77.199921,234.2,2026-04-03 00:17:01
User_006,TRJ_User_006_005,28.52779,77.201975,206.2,2026-04-03 00:17:44
User_006,TRJ_User_006_005,28.526082,77.203845,241.9,2026-04-03 00:18:11
User_006,TRJ_User_006_005,28.526127,77.205577,237.4,2026-04-03 00:18:49
User_006,TRJ_User_006_005,28.526074,77.207389,235.5,2026-04-03 00:19:36
User_006,TRJ_User_006_005,28.525438,77.208892,251.5,2026-04-03 00:19:49
User_006,TRJ_User_006_005,28.524964,77.211399,256.2,2026-04-03 00:20:14
User_006,TRJ_User_006_005,28.524466,77.213462,254.6,2026-04-03 00:20:32
User_006,TRJ_User_006_005,28.523475,77.215382,249.0,2026-04-03 00:21:24
User_006,TRJ_User_006_005,28.522636,77.216664,238.0,2026-04-03 00:21:50
User_006,TRJ_User_006_006,28.528965,77.217703,213.2,2026-04-03 01:09:12
User_006,TRJ_User_006_006,28.530069,77.217532,243.7,2026-04-03 01:09:58
User_006,TRJ_User_006_006,28.529821,77.21791,238.5,2026-04-03 01:10:52
User_006,TRJ_User_006_006,28.530414,77.217907,244.0,2026-04-03 01:11:04
User_006,TRJ_User_006_006,28.531456,77.217417,204.1,2026-04-03 01:11:15
User_006,TRJ_User_006_006,28.531756,77.21665,210.6,2026-04-03 01:11:54
User_006,TRJ_User_006_006,28.532538,77.215792,253.8,2026-04-03 01:12:41
User_006,TRJ_User_006_006,28.533089,77.215192,203.1,2026-04-03 01:13:26
User_006,TRJ_User_006_006,28.533917,77.214501,226.0,2026-04-03 01:13:43
User_006,TRJ_User_006_006,28.534112,77.214382,220.6,2026-04-03 01:14:23
User_006,TRJ_User_006_006,28.534207,77.214444,255.3,2026-04-03 01:15:10
User_006,TRJ_User_006_006,28.534951,77.214146,211.3,2026-04-03 01:15:32
User_006,TRJ_User_006_006,28.534976,77.213269,256.2,2026-04-03 01:16:20
User_006,TRJ_User_006_006,28.535297,77.213018,247.2,2026-04-03 01:17:11
User_006,TRJ_User_006_006,28.535948,77.212803,238.0,2026-04-03 01:18:06
User_006,TRJ_User_006_006,28.536374,77.212371,253.2,2026-04-03 01:18:30
User_006,TRJ_User_006_006,28.535905,77.212173,237.6,2026-04-03 01:18:54
User_006,TRJ_User_006_006,28.536091,77.212191,258.4,2026-04-03 01:19:34
User_006,TRJ_User_006_006,28.536713,77.210942,257.2,2026-04-03 01:19:58
User_006,TRJ_User_006_006,28.536956,77.21111,233.9,2026-04-03 01:20:18
User_006,TRJ_User_006_006,28.537634,77.211041,254.6,2026-04-03 01:20:52
User_006,TRJ_User_006_006,28.537974,77.211417,235.1,2026-04-03 01:21:25
User_006,TRJ_User_006_006,28.538921,77.211239,243.6,2026-04-03 01:21:55
User_006,TRJ_User_006_006,28.538674,77.21047,237.5,2026-04-03 01:22:29
User_006,TRJ_User_006_006,28.538843,77.209918,253.2,2026-04-03 01:22:55
User_006,TRJ_User_006_006,28.538843,77.209519,251.0,2026-04-03 01:23:37
User_006,TRJ_User_006_006,28.538933,77.208741,233.6,2026-04-03 01:24:20
User_006,TRJ_User_006_006,28.538674,77.20882,226.6,2026-04-03 01:24:54
User_006,TRJ_User_006_006,28.538241,77.208448,217.7,2026-04-03 01:25:06
User_006,TRJ_User_006_006,28.539749,77.207731,249.1,2026-04-03 01:25:26
User_006,TRJ_User_006_006,28.539845,77.208061,242.1,2026-04-03 01:25:54
User_006,TRJ_User_006_006,28.540211,77.208299,225.8,2026-04-03 01:26:33
User_006,TRJ_User_006_006,28.541058,77.207827,243.3,2026-04-03 01:27:19
User_006,TRJ_User_006_006,28.541608,77.207602,213.9,2026-04-03 01:27:53
User_006,TRJ_User_006_006,28.541882,77.2079,219.4,2026-04-03 01:28:49
User_006,TRJ_User_006_006,28.541662,77.207449,241.4,2026-04-03 01:29:15
User_006,TRJ_User_006_006,28.542302,77.207465,226.4,2026-04-03 01:29:51
User_006,TRJ_User_006_006,28.542929,77.206868,225.0,2026-04-03 01:30:31
User_006,TRJ_User_006_006,28.543007,77.206261,215.7,2026-04-03 01:31:00
User_006,TRJ_User_006_006,28.543218,77.206291,216.3,2026-04-03 01:31:53
User_006,TRJ_User_006_006,28.543451,77.206289,205.3,2026-04-03 01:32:31
User_006,TRJ_User_006_006,28.544212,77.205931,258.1,2026-04-03 01:33:17
User_006,TRJ_User_006_006,28.544729,77.205143,253.9,2026-04-03 01:33:47
User_006,TRJ_User_006_006,28.545558,77.204723,206.0,2026-04-03 01:34:45
User_006,TRJ_User_006_006,28.54534,77.204215,240.8,2026-04-03 01:35:25
User_006,TRJ_User_006_006,28.546371,77.203279,209.5,2026-04-03 01:36:18
User_006,TRJ_User_006_006,28.546635,77.20288,241.7,2026-04-03 01:36:48
User_006,TRJ_User_006_006,28.546772,77.202338,200.2,2026-04-03 01:37:17
User_006,TRJ_User_006_006,28.546423,77.202534,225.7,2026-04-03 01:37:49
User_006,TRJ_User_006_006,28.546517,77.201944,246.5,2026-04-03 01:38:02
User_006,TRJ_User_006_007,28.557909,77.124055,201.9,2026-04-03 04:20:17
User_006,TRJ_User_006_007,28.557066,77.126287,256.3,2026-04-03 04:20:51
User_006,TRJ_User_006_007,28.556764,77.128264,240.8,2026-04-03 04:21:01
User_006,TRJ_User_006_007,28.556138,77.130816,255.7,2026-04-03 04:21:57
User_006,TRJ_User_006_007,28.555472,77.133118,247.5,2026-04-03 04:22:19
User_006,TRJ_User_006_007,28.554744,77.135158,253.2,2026-04-03 04:22:46
User_006,TRJ_User_006_007,28.553905,77.137331,212.3,2026-04-03 04:23:18
User_006,TRJ_User_006_007,28.553073,77.139415,204.2,2026-04-03 04:24:07
User_006,TRJ_User_006_007,28.552791,77.141828,248.4,2026-04-03 04:25:00
User_006,TRJ_User_006_007,28.551827,77.143727,244.9,2026-04-03 04:25:41
User_006,TRJ_User_006_007,28.551731,77.145289,215.2,2026-04-03 04:26:23
User_006,TRJ_User_006_007,28.55152,77.146925,232.6,2026-04-03 04:26:59
User_006,TRJ_User_006_007,28.550803,77.148802,247.2,2026-04-03 04:27:38
User_006,TRJ_User_006_007,28.549549,77.150849,237.4,2026-04-03 04:28:26
User_006,TRJ_User_006_007,28.548795,77.153263,243.6,2026-04-03 04:29:07
User_006,TRJ_User_006_007,28.547664,77.155494,206.5,2026-04-03 04:29:56
User_006,TRJ_User_006_007,28.547445,77.156898,245.4,2026-04-03 04:30:14
User_006,TRJ_User_006_007,28.545735,77.158937,224.3,2026-04-03 04:30:59
User_006,TRJ_User_006_007,28.545116,77.160464,257.1,2026-04-03 04:31:13
User_006,TRJ_User_006_007,28.544282,77.162289,211.4,2026-04-03 04:32:11
User_006,TRJ_User_006_007,28.542855,77.163912,258.6,2026-04-03 04:32:58
User_006,TRJ_User_006_007,28.542263,77.165877,204.1,2026-04-03 04:33:29
User_006,TRJ_User_006_007,28.541965,77.167713,211.4,2026-04-03 04:34:28
User_006,TRJ_User_006_007,28.542038,77.169388,201.9,2026-04-03 04:34:54
User_006,TRJ_User_006_007,28.541142,77.171382,212.7,2026-04-03 04:35:05
User_006,TRJ_User_006_007,28.540411,77.173022,215.2,2026-04-03 04:35:59
User_006,TRJ_User_006_007,28.539352,77.17463,208.2,2026-04-03 04:36:43
User_006,TRJ_User_006_007,28.538187,77.176744,210.6,2026-04-03 04:37:02
User_006,TRJ_User_006_007,28.537165,77.17855,201.7,2026-04-03 04:37:25
User_006,TRJ_User_006_007,28.536218,77.180872,250.9,2026-04-03 04:38:10
User_006,TRJ_User_006_007,28.535446,77.183269,258.1,2026-04-03 04:38:51
User_006,TRJ_User_006_007,28.534887,77.184976,216.1,2026-04-03 04:39:07
User_006,TRJ_User_006_007,28.534098,77.187063,220.7,2026-04-03 04:39:24
User_006,TRJ_User_006_007,28.533642,77.189244,245.6,2026-04-03 04:39:44
User_006,TRJ_User_006_007,28.533849,77.190744,258.4,2026-04-03 04:40:17
User_006,TRJ_User_006_007,28.532541,77.192722,234.8,2026-04-03 04:40:45
User_006,TRJ_User_006_007,28.531679,77.195461,236.8,2026-04-03 04:40:58
User_006,TRJ_User_006_007,28.530553,77.197101,252.7,2026-04-03 04:41:45
User_006,TRJ_User_006_007,28.530352,77.198755,236.5,2026-04-03 04:41:55
User_006,TRJ_User_006_007,28.529332,77.200787,235.2,2026-04-03 04:42:16
User_006,TRJ_User_006_007,28.528247,77.20293,228.4,2026-04-03 04:42:30
User_006,TRJ_User_006_007,28.527847,77.205208,241.4,2026-04-03 04:43:19
User_006,TRJ_User_006_007,28.526703,77.207129,240.4,2026-04-03 04:43:55
User_006,TRJ_User_006_007,28.525747,77.208634,231.2,2026-04-03 04:44:51
User_006,TRJ_User_006_007,28.524624,77.210435,222.6,2026-04-03 04:45:33
User_006,TRJ_User_006_007,28.524118,77.212868,222.6,2026-04-03 04:45:47
User_006,TRJ_User_006_007,28.522742,77.21464,206.3,2026-04-03 04:46:35
User_006,TRJ_User_006_007,28.521987,77.216602,236.3,2026-04-03 04:46:45
User_006,TRJ_User_006_007,28.521173,77.218318,253.4,2026-04-03 04:47:31
User_006,TRJ_User_006_007,28.520559,77.220103,242.2,2026-04-03 04:48:13
User_006,TRJ_User_006_008,28.523112,77.216169,255.4,2026-04-03 07:17:05
User_006,TRJ_User_006_008,28.524059,77.215592,207.8,2026-04-03 07:17:42
User_006,TRJ_User_006_008,28.524685,77.215402,243.1,2026-04-03 07:17:58
User_006,TRJ_User_006_008,28.525324,77.215086,259.0,2026-04-03 07:18:16
User_006,TRJ_User_006_008,28.525426,77.214758,200.3,2026-04-03 07:18:51
User_006,TRJ_User_006_008,28.525843,77.214163,204.5,2026-04-03 07:19:25
User_006,TRJ_User_006_008,28.526004,77.213814,220.2,2026-04-03 07:19:51
User_006,TRJ_User_006_008,28.525702,77.213422,204.9,2026-04-03 07:20:17
User_006,TRJ_User_006_008,28.526077,77.213493,213.8,2026-04-03 07:21:02
User_006,TRJ_User_006_008,28.526421,77.213096,202.0,2026-04-03 07:21:15
User_006,TRJ_User_006_008,28.527083,77.212864,220.0,2026-04-03 07:21:32
User_006,TRJ_User_006_008,28.527731,77.212285,208.0,2026-04-03 07:22:10
User_006,TRJ_User_006_008,28.528202,77.211879,258.2,2026-04-03 07:22:22
User_006,TRJ_User_006_008,28.529015,77.211841,232.1,2026-04-03 07:23:03
User_006,TRJ_User_006_008,28.529118,77.211996,234.3,2026-04-03 07:23:16
User_006,TRJ_User_006_008,28.530175,77.211732,258.9,2026-04-03 07:23:40
User_006,TRJ_User_006_008,28.530573,77.211505,246.6,2026-04-03 07:24:01
User_006,TRJ_User_006_008,28.531346,77.211651,234.2,2026-04-03 07:24:36
User_006,TRJ_User_006_008,28.531481,77.211821,223.4,2026-04-03 07:25:18
User_006,TRJ_User_006_008,28.532193,77.211974,256.7,2026-04-03 07:26:15
User_006,TRJ_User_006_008,28.532842,77.211653,212.8,2026-04-03 07:26:52
User_006,TRJ_User_006_008,28.533773,77.211025,245.8,2026-04-03 07:27:31
User_006,TRJ_User_006_008,28.533556,77.210097,259.3,2026-04-03 07:28:22
User_006,TRJ_User_006_008,28.534077,77.21054,225.9,2026-04-03 07:28:43
User_006,TRJ_User_006_008,28.534838,77.210163,235.4,2026-04-03 07:29:07
User_006,TRJ_User_006_008,28.535265,77.209114,259.4,2026-04-03 07:29:43
User_006,TRJ_User_006_008,28.536036,77.208799,210.3,2026-04-03 07:30:00
User_006,TRJ_User_006_008,28.536621,77.208523,251.4,2026-04-03 07:30:46
User_006,TRJ_User_006_008,28.537039,77.208195,224.0,2026-04-03 07:31:05
User_006,TRJ_User_006_008,28.537757,77.207851,208.4,2026-04-03 07:31:22
User_006,TRJ_User_006_008,28.538057,77.20761,216.4,2026-04-03 07:31:50
User_006,TRJ_User_006_008,28.538775,77.2068,259.1,2026-04-03 07:32:17
User_006,TRJ_User_006_008,28.539674,77.206689,224.5,2026-04-03 07:33:00
User_006,TRJ_User_006_008,28.540025,77.206526,239.6,2026-04-03 07:33:14
User_006,TRJ_User_006_008,28.540226,77.20634,200.3,2026-04-03 07:33:35
User_006,TRJ_User_006_008,28.540985,77.205585,251.3,2026-04-03 07:34:26
User_006,TRJ_User_006_008,28.541519,77.205512,223.6,2026-04-03 07:35:13
User_006,TRJ_User_006_008,28.541845,77.205356,227.8,2026-04-03 07:35:52
User_006,TRJ_User_006_008,28.541752,77.204865,219.6,2026-04-03 07:36:10
User_006,TRJ_User_006_008,28.541858,77.204681,249.8,2026-04-03 07:37:00
User_006,TRJ_User_006_008,28.542983,77.204187,257.3,2026-04-03 07:37:14
User_006,TRJ_User_006_008,28.542862,77.203346,217.1,2026-04-03 07:37:39
User_006,TRJ_User_006_008,28.543562,77.203338,237.5,2026-04-03 07:38:35
User_006,TRJ_User_006_008,28.544379,77.20231,230.0,2026-04-03 07:38:50
User_006,TRJ_User_006_008,28.54415,77.202808,200.9,2026-04-03 07:39:00
User_006,TRJ_User_006_008,28.544912,77.202466,215.6,2026-04-03 07:39:35
User_006,TRJ_User_006_008,28.54521,77.202301,222.9,2026-04-03 07:39:56
User_006,TRJ_User_006_008,28.545302,77.202112,232.1,2026-04-03 07:40:39
User_006,TRJ_User_006_008,28.546628,77.202712,238.3,2026-04-03 07:41:38
User_006,TRJ_User_006_008,28.546621,77.202465,211.2,2026-04-03 07:42:29
User_006,TRJ_User_006_009,28.553466,77.122618,216.2,2026-04-03 09:20:50
User_006,TRJ_User_006_009,28.552947,77.12418,246.9,2026-04-03 09:21:28
User_006,TRJ_User_006_009,28.551896,77.126038,228.0,2026-04-03 09:22:15
User_006,TRJ_User_006_009,28.551242,77.128486,235.6,2026-04-03 09:22:35
User_006,TRJ_User_006_009,28.550214,77.130642,203.8,2026-04-03 09:22:54
User_006,TRJ_User_006_009,28.54907,77.132001,258.8,2026-04-03 09:23:09
User_006,TRJ_User_006_009,28.548234,77.13379,230.7,2026-04-03 09:23:31
User_006,TRJ_User_006_009,28.547464,77.135608,200.4,2026-04-03 09:23:41
User_006,TRJ_User_006_009,28.546413,77.136608,247.5,2026-04-03 09:24:28
User_006,TRJ_User_006_009,28.545499,77.138369,213.6,2026-04-03 09:24:52
User_006,TRJ_User_006_009,28.545158,77.140468,258.2,2026-04-03 09:25:28
User_006,TRJ_User_006_009,28.544277,77.142806,214.7,2026-04-03 09:25:38
User_006,TRJ_User_006_009,28.543748,77.144309,236.3,2026-04-03 09:26:12
User_006,TRJ_User_006_009,28.542906,77.146013,251.6,2026-04-03 09:27:02
User_006,TRJ_User_006_009,28.541872,77.148491,212.8,2026-04-03 09:27:26
User_006,TRJ_User_006_009,28.541252,77.150163,247.7,2026-04-03 09:28:14
User_006,TRJ_User_006_009,28.540501,77.152309,203.9,2026-04-03 09:28:39
User_006,TRJ_User_006_009,28.539933,77.154093,230.4,2026-04-03 09:29:14
User_006,TRJ_User_006_009,28.539616,77.155781,248.3,2026-04-03 09:29:43
User_006,TRJ_User_006_009,28.538797,77.157837,237.3,2026-04-03 09:30:12
User_006,TRJ_User_006_009,28.538828,77.15988,250.4,2026-04-03 09:31:04
User_006,TRJ_User_006_009,28.537787,77.161387,240.1,2026-04-03 09:31:15
User_006,TRJ_User_006_009,28.537242,77.16332,239.9,2026-04-03 09:32:02
User_006,TRJ_User_006_009,28.536802,77.165139,219.3,2026-04-03 09:32:41
User_006,TRJ_User_006_009,28.535839,77.166664,221.6,2026-04-03 09:33:01
User_006,TRJ_User_006_009,28.534775,77.167611,259.2,2026-04-03 09:33:14
User_006,TRJ_User_006_009,28.534059,77.169862,227.9,2026-04-03 09:33:28
User_006,TRJ_User_006_009,28.533631,77.171717,249.7,2026-04-03 09:34:07
User_006,TRJ_User_006_009,28.53259,77.173363,219.9,2026-04-03 09:34:21
User_006,TRJ_User_006_009,28.531816,77.17537,218.8,2026-04-03 09:34:43
User_006,TRJ_User_006_009,28.530725,77.177145,232.2,2026-04-03 09:35:37
User_006,TRJ_User_006_009,28.529988,77.179003,204.7,2026-04-03 09:35:51
User_006,TRJ_User_006_009,28.530002,77.18151,217.8,2026-04-03 09:36:26
User_006,TRJ_User_006_009,28.5295,77.183116,240.8,2026-04-03 09:36:59
User_006,TRJ_User_006_009,28.529221,77.184046,206.9,2026-04-03 09:37:28
User_006,TRJ_User_006_009,28.528884,77.18692,241.0,2026-04-03 09:38:18
User_006,TRJ_User_006_009,28.528014,77.189248,245.4,2026-04-03 09:39:05
User_006,TRJ_User_006_009,28.527744,77.190738,254.1,2026-04-03 09:39:42
User_006,TRJ_User_006_009,28.527432,77.192799,217.1,2026-04-03 09:40:40
User_006,TRJ_User_006_009,28.526428,77.194835,258.0,2026-04-03 09:41:38
User_006,TRJ_User_006_009,28.525048,77.196757,230.2,2026-04-03 09:42:16
User_006,TRJ_User_006_009,28.52435,77.198665,232.5,2026-04-03 09:42:44
User_006,TRJ_User_006_009,28.523674,77.200314,250.5,2026-04-03 09:42:56
User_006,TRJ_User_006_009,28.523161,77.202007,241.1,2026-04-03 09:43:08
User_006,TRJ_User_006_009,28.522593,77.204001,252.9,2026-04-03 09:43:59
User_006,TRJ_User_006_009,28.521688,77.205862,237.5,2026-04-03 09:44:26
User_006,TRJ_User_006_009,28.521795,77.206983,233.5,2026-04-03 09:44:38
User_006,TRJ_User_006_009,28.520266,77.208682,249.2,2026-04-03 09:45:27
User_006,TRJ_User_006_009,28.520635,77.210921,256.1,2026-04-03 09:45:58
User_006,TRJ_User_006_009,28.519916,77.213081,202.1,2026-04-03 09:46:15
User_006,TRJ_User_006_010,28.53077,77.218609,243.3,2026-04-03 11:41:50
User_006,TRJ_User_006_010,28.533506,77.218768,225.2,2026-04-03 11:42:35
User_006,TRJ_User_006_010,28.535293,77.218221,254.9,2026-04-03 11:42:53
User_006,TRJ_User_006_010,28.53727,77.218013,219.3,2026-04-03 11:43:34
User_006,TRJ_User_006_010,28.53936,77.217684,243.1,2026-04-03 11:44:13
User_006,TRJ_User_006_010,28.54156,77.217517,217.1,2026-04-03 11:44:43
User_006,TRJ_User_006_010,28.543393,77.218075,240.7,2026-04-03 11:45:00
User_006,TRJ_User_006_010,28.545769,77.217598,205.1,2026-04-03 11:45:54
User_006,TRJ_User_006_010,28.548043,77.217659,223.7,2026-04-03 11:46:36
User_006,TRJ_User_006_010,28.549446,77.217635,224.1,2026-04-03 11:46:48
User_006,TRJ_User_006_010,28.552167,77.218,239.3,2026-04-03 11:47:26
User_006,TRJ_User_006_010,28.554191,77.218005,229.0,2026-04-03 11:48:06
User_006,TRJ_User_006_010,28.556016,77.218012,220.2,2026-04-03 11:48:27
User_006,TRJ_User_006_010,28.557786,77.218161,253.0,2026-04-03 11:49:22
User_006,TRJ_User_006_010,28.560219,77.218464,223.8,2026-04-03 11:50:16
User_006,TRJ_User_006_010,28.562004,77.217881,250.8,2026-04-03 11:50:47
User_006,TRJ_User_006_010,28.563755,77.218119,243.0,2026-04-03 11:51:18
User_006,TRJ_User_006_010,28.565863,77.218777,248.8,2026-04-03 11:52:01
User_006,TRJ_User_006_010,28.567794,77.218536,208.4,2026-04-03 11:52:18
User_006,TRJ_User_006_010,28.569176,77.218465,245.3,2026-04-03 11:52:37
User_006,TRJ_User_006_010,28.571479,77.218185,244.6,2026-04-03 11:52:49
User_006,TRJ_User_006_010,28.573461,77.218713,219.7,2026-04-03 11:53:04
User_006,TRJ_User_006_010,28.575952,77.218117,226.2,2026-04-03 11:53:42
User_006,TRJ_User_006_010,28.578065,77.217993,242.7,2026-04-03 11:54:17
User_006,TRJ_User_006_010,28.580278,77.218399,210.3,2026-04-03 11:55:10
User_006,TRJ_User_006_010,28.582452,77.218588,255.6,2026-04-03 11:55:22
User_006,TRJ_User_006_010,28.584399,77.218392,219.6,2026-04-03 11:55:55
User_006,TRJ_User_006_010,28.586195,77.217916,237.7,2026-04-03 11:56:38
User_006,TRJ_User_006_010,28.588907,77.218073,257.1,2026-04-03 11:56:52
User_006,TRJ_User_006_010,28.591291,77.218513,235.0,2026-04-03 11:57:34
User_006,TRJ_User_006_010,28.593217,77.218391,245.0,2026-04-03 11:57:49
User_006,TRJ_User_006_010,28.595462,77.218525,248.1,2026-04-03 11:58:03
User_006,TRJ_User_006_010,28.597922,77.218671,222.4,2026-04-03 11:58:41
User_006,TRJ_User_006_010,28.599723,77.218203,209.0,2026-04-03 11:59:27
User_006,TRJ_User_006_010,28.602526,77.217642,245.7,2026-04-03 12:00:00
User_006,TRJ_User_006_010,28.60424,77.217408,249.4,2026-04-03 12:00:26
User_006,TRJ_User_006_010,28.605835,77.217533,222.6,2026-04-03 12:01:18
User_006,TRJ_User_006_010,28.607681,77.217274,244.0,2026-04-03 12:01:57
User_006,TRJ_User_006_010,28.6097,77.217877,240.8,2026-04-03 12:02:53
User_006,TRJ_User_006_010,28.611744,77.217755,241.5,2026-04-03 12:03:16
User_006,TRJ_User_006_010,28.614521,77.217457,231.3,2026-04-03 12:04:10
User_006,TRJ_User_006_010,28.61678,77.217201,257.3,2026-04-03 12:04:52
User_006,TRJ_User_006_010,28.619091,77.216863,216.5,2026-04-03 12:05:28
User_006,TRJ_User_006_010,28.620876,77.217571,233.5,2026-04-03 12:06:17
User_006,TRJ_User_006_010,28.623611,77.217461,245.9,2026-04-03 12:06:49
User_006,TRJ_User_006_010,28.626028,77.217507,206.5,2026-04-03 12:07:25
User_006,TRJ_User_006_010,28.627457,77.217758,235.5,2026-04-03 12:08:05
User_006,TRJ_User_006_010,28.629591,77.21672,259.8,2026-04-03 12:08:19
User_006,TRJ_User_006_010,28.631643,77.216731,212.0,2026-04-03 12:08:38
User_006,TRJ_User_006_010,28.633773,77.216234,208.7,2026-04-03 12:09:07
User_007,TRJ_User_007_001,28.648066,77.190225,222.4,2026-04-03 15:00:40
User_007,TRJ_User_007_001,28.648335,77.189934,212.8,2026-04-03 15:01:03
User_007,TRJ_User_007_001,28.647486,77.190308,216.2,2026-04-03 15:01:22
User_007,TRJ_User_007_001,28.647304,77.190735,258.3,2026-04-03 15:02:19
User_007,TRJ_User_007_001,28.647191,77.191294,209.2,2026-04-03 15:02:59
User_007,TRJ_User_007_001,28.646858,77.191488,213.5,2026-04-03 15:03:55
User_007,TRJ_User_007_001,28.646188,77.192172,220.8,2026-04-03 15:04:10
User_007,TRJ_User_007_001,28.646082,77.192474,237.5,2026-04-03 15:04:46
User_007,TRJ_User_007_001,28.646114,77.193176,255.9,2026-04-03 15:05:21
User_007,TRJ_User_007_001,28.64598,77.192725,246.7,2026-04-03 15:05:51
User_007,TRJ_User_007_001,28.645728,77.193956,249.7,2026-04-03 15:06:27
User_007,TRJ_User_007_001,28.645637,77.194635,222.3,2026-04-03 15:07:02
User_007,TRJ_User_007_001,28.645303,77.195383,233.2,2026-04-03 15:07:31
User_007,TRJ_User_007_001,28.645178,77.196713,212.3,2026-04-03 15:07:44
User_007,TRJ_User_007_001,28.645277,77.197252,247.7,2026-04-03 15:08:02
User_007,TRJ_User_007_001,28.64442,77.197355,257.2,2026-04-03 15:08:30
User_007,TRJ_User_007_001,28.644129,77.197528,224.7,2026-04-03 15:09:07
User_007,TRJ_User_007_001,28.643761,77.198146,206.4,2026-04-03 15:10:06
User_007,TRJ_User_007_001,28.643304,77.199073,220.0,2026-04-03 15:10:36
User_007,TRJ_User_007_001,28.642824,77.199836,202.3,2026-04-03 15:10:54
User_007,TRJ_User_007_001,28.642586,77.200784,234.5,2026-04-03 15:11:29
User_007,TRJ_User_007_001,28.642356,77.201407,233.2,2026-04-03 15:11:50
User_007,TRJ_User_007_001,28.641709,77.201304,245.9,2026-04-03 15:12:25
User_007,TRJ_User_007_001,28.640385,77.201839,236.8,2026-04-03 15:13:12
User_007,TRJ_User_007_001,28.640103,77.202534,238.7,2026-04-03 15:13:26
User_007,TRJ_User_007_001,28.640024,77.203025,225.7,2026-04-03 15:14:21
User_007,TRJ_User_007_001,28.640036,77.202465,237.9,2026-04-03 15:14:54
User_007,TRJ_User_007_001,28.640088,77.20307,247.5,2026-04-03 15:15:31
User_007,TRJ_User_007_001,28.64024,77.203096,243.1,2026-04-03 15:15:45
User_007,TRJ_User_007_001,28.639494,77.203238,240.4,2026-04-03 15:16:19
User_007,TRJ_User_007_001,28.638821,77.204131,218.6,2026-04-03 15:17:02
User_007,TRJ_User_007_001,28.63861,77.204567,205.1,2026-04-03 15:17:47
User_007,TRJ_User_007_001,28.638042,77.204362,207.2,2026-04-03 15:18:11
User_007,TRJ_User_007_001,28.637504,77.205105,203.6,2026-04-03 15:18:43
User_007,TRJ_User_007_001,28.637806,77.205433,237.5,2026-04-03 15:19:39
User_007,TRJ_User_007_001,28.638018,77.206307,209.7,2026-04-03 15:20:09
User_007,TRJ_User_007_001,28.637347,77.207077,230.7,2026-04-03 15:20:58
User_007,TRJ_User_007_001,28.637304,77.207504,207.1,2026-04-03 15:21:51
User_007,TRJ_User_007_001,28.63705,77.208639,249.9,2026-04-03 15:22:14
User_007,TRJ_User_007_001,28.636599,77.208827,256.4,2026-04-03 15:22:47
User_007,TRJ_User_007_001,28.637325,77.209099,237.0,2026-04-03 15:22:59
User_007,TRJ_User_007_001,28.636919,77.209838,200.6,2026-04-03 15:23:30
User_007,TRJ_User_007_001,28.636426,77.210218,233.9,2026-04-03 15:23:42
User_007,TRJ_User_007_001,28.635775,77.210983,257.5,2026-04-03 15:24:37
User_007,TRJ_User_007_001,28.635483,77.211995,224.9,2026-04-03 15:25:23
User_007,TRJ_User_007_001,28.635553,77.212625,257.2,2026-04-03 15:26:18
User_007,TRJ_User_007_001,28.63468,77.21343,226.0,2026-04-03 15:26:45
User_007,TRJ_User_007_001,28.634115,77.213758,215.3,2026-04-03 15:27:04
User_007,TRJ_User_007_001,28.633699,77.213614,218.0,2026-04-03 15:27:22
User_007,TRJ_User_007_001,28.633393,77.214042,232.2,2026-04-03 15:27:49
User_007,TRJ_User_007_002,28.63717,77.222998,212.5,2026-04-03 19:08:10
User_007,TRJ_User_007_002,28.636625,77.223064,233.6,2026-04-03 19:09:01
User_007,TRJ_User_007_002,28.636134,77.223107,255.4,2026-04-03 19:09:50
User_007,TRJ_User_007_002,28.636057,77.222771,216.5,2026-04-03 19:10:38
User_007,TRJ_User_007_002,28.636127,77.222036,225.1,2026-04-03 19:11:13
User_007,TRJ_User_007_002,28.635653,77.221661,258.4,2026-04-03 19:11:48
User_007,TRJ_User_007_002,28.635834,77.221244,205.3,2026-04-03 19:12:28
User_007,TRJ_User_007_002,28.635818,77.221357,224.2,2026-04-03 19:13:26
User_007,TRJ_User_007_002,28.635775,77.220704,257.0,2026-04-03 19:14:06
User_007,TRJ_User_007_002,28.635227,77.220915,221.4,2026-04-03 19:14:34
User_007,TRJ_User_007_002,28.635462,77.220567,221.5,2026-04-03 19:15:33
User_007,TRJ_User_007_002,28.634843,77.220279,221.4,2026-04-03 19:15:55
User_007,TRJ_User_007_002,28.63484,77.220284,207.7,2026-04-03 19:16:06
User_007,TRJ_User_007_002,28.634543,77.219357,212.3,2026-04-03 19:16:17
User_007,TRJ_User_007_002,28.63464,77.219489,222.5,2026-04-03 19:17:08
User_007,TRJ_User_007_002,28.634257,77.219262,228.8,2026-04-03 19:17:27
User_007,TRJ_User_007_002,28.633318,77.219242,232.5,2026-04-03 19:18:16
User_007,TRJ_User_007_002,28.633384,77.219193,208.8,2026-04-03 19:19:00
User_007,TRJ_User_007_002,28.633303,77.218774,206.3,2026-04-03 19:19:48
User_007,TRJ_User_007_002,28.633258,77.218583,223.7,2026-04-03 19:20:09
User_007,TRJ_User_007_002,28.633384,77.218027,210.9,2026-04-03 19:20:48
User_007,TRJ_User_007_002,28.633667,77.218372,221.2,2026-04-03 19:21:16
User_007,TRJ_User_007_002,28.633241,77.218156,206.7,2026-04-03 19:21:59
User_007,TRJ_User_007_002,28.633183,77.218259,243.0,2026-04-03 19:22:57
User_007,TRJ_User_007_002,28.632832,77.217425,205.0,2026-04-03 19:23:56
User_007,TRJ_User_007_002,28.633611,77.216417,215.8,2026-04-03 19:24:20
User_007,TRJ_User_007_002,28.633543,77.215837,235.6,2026-04-03 19:24:36
User_007,TRJ_User_007_002,28.633512,77.215141,248.3,2026-04-03 19:25:32
User_007,TRJ_User_007_002,28.632904,77.214849,233.7,2026-04-03 19:25:54
User_007,TRJ_User_007_002,28.633559,77.215019,250.0,2026-04-03 19:26:27
User_007,TRJ_User_007_002,28.633172,77.215265,223.2,2026-04-03 19:27:11
User_007,TRJ_User_007_002,28.632379,77.214868,228.2,2026-04-03 19:27:58
User_007,TRJ_User_007_002,28.632633,77.213986,252.1,2026-04-03 19:28:52
User_007,TRJ_User_007_002,28.632996,77.213865,214.1,2026-04-03 19:29:04
User_007,TRJ_User_007_002,28.632931,77.213727,225.9,2026-04-03 19:29:24
User_007,TRJ_User_007_002,28.632564,77.21352,234.1,2026-04-03 19:29:39
User_007,TRJ_User_007_002,28.632352,77.213174,258.0,2026-04-03 19:30:05
User_007,TRJ_User_007_002,28.631807,77.212837,200.3,2026-04-03 19:31:03
User_007,TRJ_User_007_002,28.631572,77.212463,230.1,2026-04-03 19:31:59
User_007,TRJ_User_007_002,28.631543,77.21262,250.4,2026-04-03 19:32:22
User_007,TRJ_User_007_002,28.631598,77.21284,210.2,2026-04-03 19:33:12
User_007,TRJ_User_007_002,28.631212,77.212797,229.2,2026-04-03 19:34:02
User_007,TRJ_User_007_002,28.631477,77.212855,221.6,2026-04-03 19:34:39
User_007,TRJ_User_007_002,28.631175,77.212602,252.2,2026-04-03 19:34:57
User_007,TRJ_User_007_002,28.630453,77.212335,224.7,2026-04-03 19:35:09
User_007,TRJ_User_007_002,28.630006,77.211772,251.0,2026-04-03 19:35:52
User_007,TRJ_User_007_002,28.630069,77.211365,212.4,2026-04-03 19:36:35
User_007,TRJ_User_007_002,28.630375,77.211615,240.5,2026-04-03 19:37:32
User_007,TRJ_User_007_002,28.630114,77.211247,230.5,2026-04-03 19:37:49
User_007,TRJ_User_007_002,28.62922,77.210838,217.6,2026-04-03 19:38:36
User_007,TRJ_User_007_003,28.649575,77.190424,211.2,2026-04-03 21:01:53
User_007,TRJ_User_007_003,28.648684,77.190814,211.1,2026-04-03 21:02:06
User_007,TRJ_User_007_003,28.648522,77.191387,201.3,2026-04-03 21:02:44
User_007,TRJ_User_007_003,28.648274,77.191933,225.9,2026-04-03 21:03:11
User_007,TRJ_User_007_003,28.647515,77.192264,236.1,2026-04-03 21:03:46
User_007,TRJ_User_007_003,28.646723,77.192919,254.1,2026-04-03 21:04:33
User_007,TRJ_User_007_003,28.645816,77.193699,233.5,2026-04-03 21:04:56
User_007,TRJ_User_007_003,28.646079,77.1944,226.7,2026-04-03 21:05:45
User_007,TRJ_User_007_003,28.645893,77.195372,203.7,2026-04-03 21:06:35
User_007,TRJ_User_007_003,28.645178,77.196427,205.6,2026-04-03 21:07:09
User_007,TRJ_User_007_003,28.644882,77.196374,250.1,2026-04-03 21:08:05
User_007,TRJ_User_007_003,28.644867,77.196495,210.6,2026-04-03 21:08:43
User_007,TRJ_User_007_003,28.644504,77.197336,218.3,2026-04-03 21:09:13
User_007,TRJ_User_007_003,28.64433,77.197419,230.0,2026-04-03 21:09:24
User_007,TRJ_User_007_003,28.643889,77.197539,243.9,2026-04-03 21:10:21
User_007,TRJ_User_007_003,28.643066,77.198584,234.3,2026-04-03 21:11:06
User_007,TRJ_User_007_003,28.643003,77.198383,214.7,2026-04-03 21:11:50
User_007,TRJ_User_007_003,28.642723,77.198884,211.0,2026-04-03 21:12:06
User_007,TRJ_User_007_003,28.642222,77.199462,211.0,2026-04-03 21:12:44
User_007,TRJ_User_007_003,28.642103,77.200171,218.6,2026-04-03 21:13:35
User_007,TRJ_User_007_003,28.641306,77.200379,223.1,2026-04-03 21:14:24
User_007,TRJ_User_007_003,28.641373,77.200445,233.9,2026-04-03 21:14:36
User_007,TRJ_User_007_003,28.640286,77.201173,211.9,2026-04-03 21:15:21
User_007,TRJ_User_007_003,28.64029,77.20171,215.7,2026-04-03 21:15:47
User_007,TRJ_User_007_003,28.639764,77.20253,215.4,2026-04-03 21:16:33
User_007,TRJ_User_007_003,28.63979,77.202966,201.9,2026-04-03 21:16:55
User_007,TRJ_User_007_003,28.639928,77.203828,200.2,2026-04-03 21:17:52
User_007,TRJ_User_007_003,28.640027,77.204332,214.8,2026-04-03 21:18:42
User_007,TRJ_User_007_003,28.639343,77.205752,234.0,2026-04-03 21:19:08
User_007,TRJ_User_007_003,28.639157,77.206098,256.4,2026-04-03 21:20:06
User_007,TRJ_User_007_003,28.638594,77.207285,226.8,2026-04-03 21:20:28
User_007,TRJ_User_007_003,28.637739,77.207985,237.6,2026-04-03 21:20:39
User_007,TRJ_User_007_003,28.637293,77.208329,213.9,2026-04-03 21:21:21
User_007,TRJ_User_007_003,28.636968,77.208955,233.1,2026-04-03 21:21:47
User_007,TRJ_User_007_003,28.63635,77.20948,200.4,2026-04-03 21:22:11
User_007,TRJ_User_007_003,28.636279,77.209413,241.2,2026-04-03 21:22:21
User_007,TRJ_User_007_003,28.635571,77.209441,238.9,2026-04-03 21:23:09
User_007,TRJ_User_007_003,28.635086,77.210287,257.1,2026-04-03 21:23:44
User_007,TRJ_User_007_003,28.634392,77.210792,257.6,2026-04-03 21:24:19
User_007,TRJ_User_007_003,28.633238,77.211231,217.1,2026-04-03 21:24:33
User_007,TRJ_User_007_003,28.633066,77.21212,252.2,2026-04-03 21:24:52
User_007,TRJ_User_007_003,28.63317,77.212389,215.7,2026-04-03 21:25:11
User_007,TRJ_User_007_003,28.632872,77.212183,223.5,2026-04-03 21:25:53
User_007,TRJ_User_007_003,28.632428,77.211744,217.7,2026-04-03 21:26:11
User_007,TRJ_User_007_003,28.632657,77.212002,212.4,2026-04-03 21:26:26
User_007,TRJ_User_007_003,28.632744,77.212719,227.3,2026-04-03 21:27:01
User_007,TRJ_User_007_003,28.632595,77.213011,235.8,2026-04-03 21:27:49
User_007,TRJ_User_007_003,28.633181,77.213497,203.9,2026-04-03 21:28:04
User_007,TRJ_User_007_003,28.63333,77.213747,239.5,2026-04-03 21:28:30
User_007,TRJ_User_007_003,28.632853,77.213714,203.1,2026-04-03 21:29:13
User_007,TRJ_User_007_004,28.629954,77.212977,228.3,2026-04-03 23:30:47
User_007,TRJ_User_007_004,28.627871,77.213481,211.5,2026-04-03 23:31:42
User_007,TRJ_User_007_004,28.625395,77.213671,246.9,2026-04-03 23:32:35
User_007,TRJ_User_007_004,28.622954,77.213407,214.5,2026-04-03 23:33:03
User_007,TRJ_User_007_004,28.62076,77.213769,239.7,2026-04-03 23:33:53
User_007,TRJ_User_007_004,28.619303,77.213687,222.6,2026-04-03 23:34:14
User_007,TRJ_User_007_004,28.617383,77.214003,255.6,2026-04-03 23:34:26
User_007,TRJ_User_007_004,28.615491,77.213631,209.9,2026-04-03 23:34:39
User_007,TRJ_User_007_004,28.613629,77.214538,240.0,2026-04-03 23:35:15
User_007,TRJ_User_007_004,28.61102,77.215105,211.9,2026-04-03 23:36:00
User_007,TRJ_User_007_004,28.608214,77.216175,255.7,2026-04-03 23:36:35
User_007,TRJ_User_007_004,28.60612,77.216445,242.1,2026-04-03 23:37:20
User_007,TRJ_User_007_004,28.604113,77.215842,205.0,2026-04-03 23:37:42
User_007,TRJ_User_007_004,28.601536,77.215854,258.2,2026-04-03 23:38:30
User_007,TRJ_User_007_004,28.599496,77.215849,223.4,2026-04-03 23:39:00
User_007,TRJ_User_007_004,28.597131,77.216297,228.1,2026-04-03 23:39:59
User_007,TRJ_User_007_004,28.595281,77.216525,243.0,2026-04-03 23:40:56
User_007,TRJ_User_007_004,28.593567,77.21669,206.1,2026-04-03 23:41:42
User_007,TRJ_User_007_004,28.591949,77.216856,213.0,2026-04-03 23:42:32
User_007,TRJ_User_007_004,28.590457,77.217506,202.0,2026-04-03 23:42:51
User_007,TRJ_User_007_004,28.588224,77.217383,236.1,2026-04-03 23:43:26
User_007,TRJ_User_007_004,28.586607,77.217454,257.2,2026-04-03 23:43:42
User_007,TRJ_User_007_004,28.58469,77.21753,251.0,2026-04-03 23:44:07
User_007,TRJ_User_007_004,28.583537,77.218341,246.8,2026-04-03 23:44:56
User_007,TRJ_User_007_004,28.581578,77.218432,240.3,2026-04-03 23:45:29
User_007,TRJ_User_007_004,28.579341,77.218915,246.4,2026-04-03 23:45:52
User_007,TRJ_User_007_004,28.577007,77.218423,255.2,2026-04-03 23:46:24
User_007,TRJ_User_007_004,28.575217,77.219164,221.6,2026-04-03 23:46:43
User_007,TRJ_User_007_004,28.573005,77.218698,229.5,2026-04-03 23:47:25
User_007,TRJ_User_007_004,28.570702,77.218387,241.0,2026-04-03 23:47:36
User_007,TRJ_User_007_004,28.568819,77.218349,217.9,2026-04-03 23:48:35
User_007,TRJ_User_007_004,28.566646,77.218002,244.8,2026-04-03 23:49:04
User_007,TRJ_User_007_004,28.564287,77.217974,208.5,2026-04-03 23:49:55
User_007,TRJ_User_007_004,28.562256,77.218513,227.2,2026-04-03 23:50:12
User_007,TRJ_User_007_004,28.560497,77.21925,202.9,2026-04-03 23:50:33
User_007,TRJ_User_007_004,28.558839,77.21985,250.9,2026-04-03 23:50:58
User_007,TRJ_User_007_004,28.557542,77.219564,241.3,2026-04-03 23:51:36
User_007,TRJ_User_007_004,28.555337,77.219283,229.6,2026-04-03 23:52:05
User_007,TRJ_User_007_004,28.553672,77.220014,243.2,2026-04-03 23:52:30
User_007,TRJ_User_007_004,28.552331,77.220109,258.1,2026-04-03 23:53:27
User_007,TRJ_User_007_004,28.550995,77.220753,258.3,2026-04-03 23:54:05
User_007,TRJ_User_007_004,28.548525,77.221436,219.1,2026-04-03 23:54:45
User_007,TRJ_User_007_004,28.546068,77.221858,236.5,2026-04-03 23:55:08
User_007,TRJ_User_007_004,28.543945,77.221368,232.3,2026-04-03 23:55:43
User_007,TRJ_User_007_004,28.542011,77.221344,251.7,2026-04-03 23:56:06
User_007,TRJ_User_007_004,28.539468,77.221562,237.3,2026-04-03 23:56:29
User_007,TRJ_User_007_004,28.536546,77.221467,256.5,2026-04-03 23:57:12
User_007,TRJ_User_007_004,28.534402,77.222055,247.4,2026-04-03 23:57:44
User_007,TRJ_User_007_004,28.531757,77.22095,251.8,2026-04-03 23:57:54
User_007,TRJ_User_007_004,28.529768,77.220617,205.1,2026-04-03 23:58:09
User_007,TRJ_User_007_005,28.648539,77.189391,230.0,2026-04-04 02:33:41
User_007,TRJ_User_007_005,28.647875,77.190312,253.4,2026-04-04 02:34:12
User_007,TRJ_User_007_005,28.64709,77.190765,247.1,2026-04-04 02:35:06
User_007,TRJ_User_007_005,28.646328,77.191036,219.0,2026-04-04 02:35:33
User_007,TRJ_User_007_005,28.645523,77.191459,230.6,2026-04-04 02:36:14
User_007,TRJ_User_007_005,28.644964,77.191786,220.4,2026-04-04 02:37:09
User_007,TRJ_User_007_005,28.644293,77.192587,254.6,2026-04-04 02:38:05
User_007,TRJ_User_007_005,28.64351,77.193045,239.4,2026-04-04 02:38:37
User_007,TRJ_User_007_005,28.643263,77.19336,239.2,2026-04-04 02:39:18
User_007,TRJ_User_007_005,28.642378,77.19448,227.0,2026-04-04 02:39:40
User_007,TRJ_User_007_005,28.641693,77.195322,204.7,2026-04-04 02:40:37
User_007,TRJ_User_007_005,28.641802,77.196186,219.1,2026-04-04 02:41:28
User_007,TRJ_User_007_005,28.640736,77.197067,249.2,2026-04-04 02:41:53
User_007,TRJ_User_007_005,28.640932,77.197623,246.5,2026-04-04 02:42:43
User_007,TRJ_User_007_005,28.640455,77.19779,216.9,2026-04-04 02:43:23
User_007,TRJ_User_007_005,28.640186,77.198037,245.5,2026-04-04 02:43:39
User_007,TRJ_User_007_005,28.640108,77.197669,253.6,2026-04-04 02:43:51
User_007,TRJ_User_007_005,28.639875,77.198319,256.3,2026-04-04 02:44:17
User_007,TRJ_User_007_005,28.639665,77.198627,212.4,2026-04-04 02:45:01
User_007,TRJ_User_007_005,28.63879,77.198837,215.7,2026-04-04 02:45:43
User_007,TRJ_User_007_005,28.63866,77.199637,255.8,2026-04-04 02:46:13
User_007,TRJ_User_007_005,28.637892,77.200534,215.2,2026-04-04 02:46:42
User_007,TRJ_User_007_005,28.637054,77.201287,215.8,2026-04-04 02:47:05
User_007,TRJ_User_007_005,28.63674,77.201978,251.0,2026-04-04 02:48:02
User_007,TRJ_User_007_005,28.636388,77.202753,247.9,2026-04-04 02:48:42
User_007,TRJ_User_007_005,28.635445,77.203042,217.5,2026-04-04 02:49:33
User_007,TRJ_User_007_005,28.635287,77.203506,227.9,2026-04-04 02:50:01
User_007,TRJ_User_007_005,28.63508,77.203586,215.3,2026-04-04 02:50:38
User_007,TRJ_User_007_005,28.63468,77.204079,257.1,2026-04-04 02:51:19
User_007,TRJ_User_007_005,28.634123,77.204365,258.4,2026-04-04 02:51:56
User_007,TRJ_User_007_005,28.633326,77.204978,211.2,2026-04-04 02:52:33
User_007,TRJ_User_007_005,28.632035,77.205248,208.2,2026-04-04 02:53:23
User_007,TRJ_User_007_005,28.631854,77.205855,249.9,2026-04-04 02:53:51
User_007,TRJ_User_007_005,28.631403,77.206391,243.6,2026-04-04 02:54:05
User_007,TRJ_User_007_005,28.630901,77.207696,231.9,2026-04-04 02:55:01
User_007,TRJ_User_007_005,28.630661,77.207833,259.1,2026-04-04 02:55:31
User_007,TRJ_User_007_005,28.629871,77.208531,212.6,2026-04-04 02:56:20
User_007,TRJ_User_007_005,28.629559,77.20952,224.5,2026-04-04 02:57:12
User_007,TRJ_User_007_005,28.629338,77.210158,250.0,2026-04-04 02:58:01
User_007,TRJ_User_007_005,28.629425,77.210964,215.4,2026-04-04 02:58:22
User_007,TRJ_User_007_005,28.629042,77.211418,234.2,2026-04-04 02:58:44
User_007,TRJ_User_007_005,28.62904,77.212108,224.1,2026-04-04 02:58:54
User_007,TRJ_User_007_005,28.628602,77.212843,216.9,2026-04-04 02:59:38
User_007,TRJ_User_007_005,28.627073,77.212901,239.3,2026-04-04 02:59:55
User_007,TRJ_User_007_005,28.626849,77.213398,240.2,2026-04-04 03:00:42
User_007,TRJ_User_007_005,28.62587,77.213807,241.0,2026-04-04 03:01:16
User_007,TRJ_User_007_005,28.625567,77.21467,241.8,2026-04-04 03:01:48
User_007,TRJ_User_007_005,28.624666,77.214916,223.2,2026-04-04 03:02:38
User_007,TRJ_User_007_005,28.624627,77.215246,237.1,2026-04-04 03:03:16
User_007,TRJ_User_007_005,28.624111,77.216539,231.3,2026-04-04 03:03:50
User_007,TRJ_User_007_006,28.628969,77.216576,202.9,2026-04-04 06:00:48
User_007,TRJ_User_007_006,28.62749,77.216543,248.3,2026-04-04 06:01:18
User_007,TRJ_User_007_006,28.625227,77.216284,244.8,2026-04-04 06:01:37
User_007,TRJ_User_007_006,28.62327,77.216288,244.1,2026-04-04 06:02:30
User_007,TRJ_User_007_006,28.621256,77.216797,221.5,2026-04-04 06:02:55
User_007,TRJ_User_007_006,28.619379,77.21644,218.6,2026-04-04 06:03:38
User_007,TRJ_User_007_006,28.617457,77.216085,245.8,2026-04-04 06:04:03
User_007,TRJ_User_007_006,28.615857,77.215611,244.6,2026-04-04 06:04:25
User_007,TRJ_User_007_006,28.613659,77.215338,231.9,2026-04-04 06:05:23
User_007,TRJ_User_007_006,28.611697,77.215694,205.2,2026-04-04 06:06:05
User_007,TRJ_User_007_006,28.60937,77.215822,224.1,2026-04-04 06:06:35
User_007,TRJ_User_007_006,28.607268,77.214951,221.7,2026-04-04 06:07:04
User_007,TRJ_User_007_006,28.605428,77.215359,257.8,2026-04-04 06:07:19
User_007,TRJ_User_007_006,28.603333,77.216036,212.3,2026-04-04 06:07:50
User_007,TRJ_User_007_006,28.601335,77.216172,247.4,2026-04-04 06:08:25
User_007,TRJ_User_007_006,28.599818,77.215601,202.4,2026-04-04 06:08:48
User_007,TRJ_User_007_006,28.59758,77.215567,250.6,2026-04-04 06:09:45
User_007,TRJ_User_007_006,28.595509,77.216095,241.5,2026-04-04 06:10:01
User_007,TRJ_User_007_006,28.593429,77.215836,211.4,2026-04-04 06:10:46
User_007,TRJ_User_007_006,28.591202,77.215632,201.6,2026-04-04 06:11:45
User_007,TRJ_User_007_006,28.588047,77.215649,245.0,2026-04-04 06:11:57
User_007,TRJ_User_007_006,28.585827,77.216556,247.4,2026-04-04 06:12:20
User_007,TRJ_User_007_006,28.584026,77.216852,258.9,2026-04-04 06:13:14
User_007,TRJ_User_007_006,28.581797,77.217031,246.4,2026-04-04 06:14:05
User_007,TRJ_User_007_006,28.579721,77.216703,234.6,2026-04-04 06:14:45
User_007,TRJ_User_007_006,28.577347,77.217067,221.0,2026-04-04 06:15:32
User_007,TRJ_User_007_006,28.574486,77.217508,239.4,2026-04-04 06:16:30
User_007,TRJ_User_007_006,28.573267,77.217226,229.4,2026-04-04 06:16:44
User_007,TRJ_User_007_006,28.571135,77.217275,214.7,2026-04-04 06:17:41
User_007,TRJ_User_007_006,28.569708,77.216697,251.8,2026-04-04 06:18:36
User_007,TRJ_User_007_006,28.567117,77.216765,201.6,2026-04-04 06:19:14
User_007,TRJ_User_007_006,28.565468,77.21688,248.1,2026-04-04 06:19:26
User_007,TRJ_User_007_006,28.563086,77.216827,211.5,2026-04-04 06:19:58
User_007,TRJ_User_007_006,28.561424,77.217328,215.9,2026-04-04 06:20:52
User_007,TRJ_User_007_006,28.558722,77.217456,201.2,2026-04-04 06:21:47
User_007,TRJ_User_007_006,28.557107,77.217481,224.4,2026-04-04 06:22:46
User_007,TRJ_User_007_006,28.554886,77.217592,253.5,2026-04-04 06:23:14
User_007,TRJ_User_007_006,28.55339,77.217564,252.8,2026-04-04 06:23:47
User_007,TRJ_User_007_006,28.551157,77.21708,214.7,2026-04-04 06:24:28
User_007,TRJ_User_007_006,28.548489,77.217192,220.8,2026-04-04 06:24:58
User_007,TRJ_User_007_006,28.545856,77.21677,223.0,2026-04-04 06:25:25
User_007,TRJ_User_007_006,28.543186,77.216914,248.0,2026-04-04 06:26:21
User_007,TRJ_User_007_006,28.541378,77.216576,234.5,2026-04-04 06:27:15
User_007,TRJ_User_007_006,28.539246,77.216461,257.4,2026-04-04 06:27:48
User_007,TRJ_User_007_006,28.536345,77.216712,207.6,2026-04-04 06:28:43
User_007,TRJ_User_007_006,28.534395,77.217432,258.5,2026-04-04 06:28:53
User_007,TRJ_User_007_006,28.531451,77.216917,222.2,2026-04-04 06:29:04
User_007,TRJ_User_007_006,28.528899,77.216521,247.0,2026-04-04 06:29:19
User_007,TRJ_User_007_006,28.526309,77.216759,218.2,2026-04-04 06:30:11
User_007,TRJ_User_007_006,28.523673,77.216959,232.5,2026-04-04 06:30:37
User_007,TRJ_User_007_007,28.647697,77.187193,222.3,2026-04-04 09:30:23
User_007,TRJ_User_007_007,28.646922,77.187812,258.8,2026-04-04 09:31:11
User_007,TRJ_User_007_007,28.646315,77.18855,239.4,2026-04-04 09:31:24
User_007,TRJ_User_007_007,28.646038,77.189802,217.1,2026-04-04 09:31:50
User_007,TRJ_User_007_007,28.646449,77.190284,218.5,2026-04-04 09:32:15
User_007,TRJ_User_007_007,28.645934,77.190618,209.2,2026-04-04 09:32:59
User_007,TRJ_User_007_007,28.646134,77.19083,232.2,2026-04-04 09:33:35
User_007,TRJ_User_007_007,28.647062,77.192049,235.4,2026-04-04 09:34:27
User_007,TRJ_User_007_007,28.646438,77.192476,209.4,2026-04-04 09:35:07
User_007,TRJ_User_007_007,28.646201,77.19294,219.2,2026-04-04 09:35:25
User_007,TRJ_User_007_007,28.645976,77.193915,251.6,2026-04-04 09:35:53
User_007,TRJ_User_007_007,28.646063,77.194997,223.2,2026-04-04 09:36:19
User_007,TRJ_User_007_007,28.645614,77.195881,256.7,2026-04-04 09:36:38
User_007,TRJ_User_007_007,28.64493,77.196336,207.6,2026-04-04 09:36:59
User_007,TRJ_User_007_007,28.644452,77.197244,235.2,2026-04-04 09:37:15
User_007,TRJ_User_007_007,28.643959,77.197747,218.9,2026-04-04 09:38:02
User_007,TRJ_User_007_007,28.643362,77.197489,245.1,2026-04-04 09:38:47
User_007,TRJ_User_007_007,28.643225,77.198073,217.8,2026-04-04 09:39:45
User_007,TRJ_User_007_007,28.641625,77.198547,242.5,2026-04-04 09:40:37
User_007,TRJ_User_007_007,28.641608,77.199517,233.9,2026-04-04 09:41:01
User_007,TRJ_User_007_007,28.641371,77.19967,258.6,2026-04-04 09:41:36
User_007,TRJ_User_007_007,28.640522,77.199963,216.0,2026-04-04 09:41:58
User_007,TRJ_User_007_007,28.640078,77.200946,207.1,2026-04-04 09:42:53
User_007,TRJ_User_007_007,28.640544,77.20195,251.5,2026-04-04 09:43:19
User_007,TRJ_User_007_007,28.640676,77.202429,258.9,2026-04-04 09:43:42
User_007,TRJ_User_007_007,28.641432,77.20363,231.1,2026-04-04 09:44:40
User_007,TRJ_User_007_007,28.641223,77.203996,212.3,2026-04-04 09:44:51
User_007,TRJ_User_007_007,28.641386,77.204314,235.0,2026-04-04 09:45:36
User_007,TRJ_User_007_007,28.641086,77.204207,210.5,2026-04-04 09:45:52
User_007,TRJ_User_007_007,28.640627,77.205001,205.7,2026-04-04 09:46:05
User_007,TRJ_User_007_007,28.640816,77.20557,249.0,2026-04-04 09:46:54
User_007,TRJ_User_007_007,28.640851,77.205914,216.7,2026-04-04 09:47:48
User_007,TRJ_User_007_007,28.640558,77.206883,243.1,2026-04-04 09:48:20
User_007,TRJ_User_007_007,28.640362,77.20735,221.5,2026-04-04 09:48:46
User_007,TRJ_User_007_007,28.640033,77.207176,225.3,2026-04-04 09:49:07
User_007,TRJ_User_007_007,28.639249,77.207567,212.2,2026-04-04 09:50:03
User_007,TRJ_User_007_007,28.639493,77.208147,234.1,2026-04-04 09:50:16
User_007,TRJ_User_007_007,28.639248,77.208312,244.3,2026-04-04 09:50:40
User_007,TRJ_User_007_007,28.639069,77.209108,214.7,2026-04-04 09:51:24
User_007,TRJ_User_007_007,28.63828,77.209526,204.4,2026-04-04 09:52:21
User_007,TRJ_User_007_007,28.638705,77.210132,209.3,2026-04-04 09:52:52
User_007,TRJ_User_007_007,28.637662,77.209989,229.9,2026-04-04 09:53:17
User_007,TRJ_User_007_007,28.637209,77.210451,212.3,2026-04-04 09:53:59
User_007,TRJ_User_007_007,28.63727,77.211271,233.8,2026-04-04 09:54:26
User_007,TRJ_User_007_007,28.637529,77.21174,243.2,2026-04-04 09:54:55
User_007,TRJ_User_007_007,28.637262,77.212468,202.2,2026-04-04 09:55:17
User_007,TRJ_User_007_007,28.637403,77.213803,259.2,2026-04-04 09:55:43
User_007,TRJ_User_007_007,28.636364,77.213912,217.8,2026-04-04 09:56:23
User_007,TRJ_User_007_007,28.636847,77.214707,244.4,2026-04-04 09:56:33
User_007,TRJ_User_007_007,28.636605,77.215322,222.3,2026-04-04 09:57:08
User_007,TRJ_User_007_008,28.632132,77.218095,243.2,2026-04-04 13:53:53
User_007,TRJ_User_007_008,28.630393,77.215655,207.7,2026-04-04 13:54:09
User_007,TRJ_User_007_008,28.629063,77.213044,226.6,2026-04-04 13:54:37
User_007,TRJ_User_007_008,28.627883,77.211219,204.5,2026-04-04 13:55:18
User_007,TRJ_User_007_008,28.626652,77.209522,224.3,2026-04-04 13:55:59
User_007,TRJ_User_007_008,28.625261,77.20781,245.6,2026-04-04 13:56:47
User_007,TRJ_User_007_008,28.623509,77.20623,205.7,2026-04-04 13:57:07
User_007,TRJ_User_007_008,28.621762,77.203023,211.2,2026-04-04 13:57:35
User_007,TRJ_User_007_008,28.619552,77.20132,208.9,2026-04-04 13:58:08
User_007,TRJ_User_007_008,28.618299,77.199398,255.2,2026-04-04 13:58:47
User_007,TRJ_User_007_008,28.616186,77.197021,200.5,2026-04-04 13:59:28
User_007,TRJ_User_007_008,28.61456,77.195045,245.7,2026-04-04 14:00:22
User_007,TRJ_User_007_008,28.613334,77.193077,201.9,2026-04-04 14:01:19
User_007,TRJ_User_007_008,28.612077,77.190585,218.2,2026-04-04 14:01:45
User_007,TRJ_User_007_008,28.610002,77.188767,215.7,2026-04-04 14:02:37
User_007,TRJ_User_007_008,28.608504,77.186597,248.4,2026-04-04 14:03:02
User_007,TRJ_User_007_008,28.607587,77.184352,206.6,2026-04-04 14:03:40
User_007,TRJ_User_007_008,28.606263,77.181831,237.7,2026-04-04 14:04:30
User_007,TRJ_User_007_008,28.605075,77.180663,208.0,2026-04-04 14:04:54
User_007,TRJ_User_007_008,28.60326,77.178793,222.8,2026-04-04 14:05:47
User_007,TRJ_User_007_008,28.601373,77.176844,259.8,2026-04-04 14:06:35
User_007,TRJ_User_007_008,28.599739,77.175116,243.2,2026-04-04 14:07:15
User_007,TRJ_User_007_008,28.59771,77.172482,248.2,2026-04-04 14:07:37
User_007,TRJ_User_007_008,28.596435,77.170294,227.5,2026-04-04 14:08:23
User_007,TRJ_User_007_008,28.594896,77.167841,238.3,2026-04-04 14:08:59
User_007,TRJ_User_007_008,28.593322,77.165972,222.3,2026-04-04 14:09:10
User_007,TRJ_User_007_008,28.592443,77.164486,202.6,2026-04-04 14:09:41
User_007,TRJ_User_007_008,28.590677,77.162429,251.1,2026-04-04 14:10:08
User_007,TRJ_User_007_008,28.589376,77.160329,235.1,2026-04-04 14:10:39
User_007,TRJ_User_007_008,28.588125,77.158797,203.0,2026-04-04 14:10:54
User_007,TRJ_User_007_008,28.587363,77.15687,204.7,2026-04-04 14:11:05
User_007,TRJ_User_007_008,28.585709,77.154897,224.7,2026-04-04 14:11:49
User_007,TRJ_User_007_008,28.58394,77.153033,214.4,2026-04-04 14:12:19
User_007,TRJ_User_007_008,28.582549,77.151274,213.1,2026-04-04 14:12:47
User_007,TRJ_User_007_008,28.58039,77.149683,240.6,2026-04-04 14:13:15
User_007,TRJ_User_007_008,28.57805,77.147412,227.1,2026-04-04 14:13:31
User_007,TRJ_User_007_008,28.576474,77.145356,241.4,2026-04-04 14:13:41
User_007,TRJ_User_007_008,28.57481,77.143705,255.9,2026-04-04 14:14:01
User_007,TRJ_User_007_008,28.573628,77.14153,210.8,2026-04-04 14:15:00
User_007,TRJ_User_007_008,28.572484,77.139407,213.2,2026-04-04 14:15:20
User_007,TRJ_User_007_008,28.571181,77.137404,226.0,2026-04-04 14:15:51
User_007,TRJ_User_007_008,28.569267,77.135859,222.5,2026-04-04 14:16:41
User_007,TRJ_User_007_008,28.566852,77.133848,224.0,2026-04-04 14:17:03
User_007,TRJ_User_007_008,28.566055,77.131733,243.1,2026-04-04 14:17:33
User_007,TRJ_User_007_008,28.565132,77.129718,209.1,2026-04-04 14:18:16
User_007,TRJ_User_007_008,28.563853,77.127238,220.1,2026-04-04 14:19:10
User_007,TRJ_User_007_008,28.562695,77.124581,211.0,2026-04-04 14:20:07
User_007,TRJ_User_007_008,28.560976,77.122965,231.5,2026-04-04 14:20:52
User_007,TRJ_User_007_008,28.559965,77.121772,239.3,2026-04-04 14:21:05
User_007,TRJ_User_007_008,28.557764,77.120595,233.1,2026-04-04 14:21:37
User_007,TRJ_User_007_009,28.648333,77.184732,236.1,2026-04-04 14:57:16
User_007,TRJ_User_007_009,28.647783,77.184956,240.8,2026-04-04 14:58:06
User_007,TRJ_User_007_009,28.647257,77.186183,211.0,2026-04-04 14:59:03
User_007,TRJ_User_007_009,28.647386,77.186884,220.5,2026-04-04 14:59:34
User_007,TRJ_User_007_009,28.646958,77.187447,209.9,2026-04-04 15:00:10
User_007,TRJ_User_007_009,28.646579,77.187498,202.5,2026-04-04 15:00:30
User_007,TRJ_User_007_009,28.646673,77.188062,208.1,2026-04-04 15:00:43
User_007,TRJ_User_007_009,28.64661,77.188779,252.6,2026-04-04 15:01:03
User_007,TRJ_User_007_009,28.646775,77.189413,256.2,2026-04-04 15:01:33
User_007,TRJ_User_007_009,28.645928,77.189934,206.1,2026-04-04 15:02:15
User_007,TRJ_User_007_009,28.645447,77.190506,216.3,2026-04-04 15:02:55
User_007,TRJ_User_007_009,28.645268,77.191368,237.9,2026-04-04 15:03:11
User_007,TRJ_User_007_009,28.644607,77.19264,250.5,2026-04-04 15:03:54
User_007,TRJ_User_007_009,28.644082,77.19352,221.1,2026-04-04 15:04:50
User_007,TRJ_User_007_009,28.643475,77.193619,246.7,2026-04-04 15:05:28
User_007,TRJ_User_007_009,28.643824,77.194613,208.4,2026-04-04 15:05:39
User_007,TRJ_User_007_009,28.642653,77.19535,216.6,2026-04-04 15:06:28
User_007,TRJ_User_007_009,28.641785,77.196443,211.5,2026-04-04 15:06:52
User_007,TRJ_User_007_009,28.641684,77.19672,236.2,2026-04-04 15:07:14
User_007,TRJ_User_007_009,28.641092,77.196749,242.0,2026-04-04 15:07:37
User_007,TRJ_User_007_009,28.640449,77.196842,252.9,2026-04-04 15:07:54
User_007,TRJ_User_007_009,28.640084,77.198231,238.4,2026-04-04 15:08:33
User_007,TRJ_User_007_009,28.639153,77.198985,232.5,2026-04-04 15:09:04
User_007,TRJ_User_007_009,28.639108,77.199529,243.4,2026-04-04 15:09:27
User_007,TRJ_User_007_009,28.639238,77.20064,213.0,2026-04-04 15:10:20
User_007,TRJ_User_007_009,28.639071,77.201501,219.8,2026-04-04 15:11:14
User_007,TRJ_User_007_009,28.637707,77.202051,210.2,2026-04-04 15:11:56
User_007,TRJ_User_007_009,28.638177,77.202997,223.4,2026-04-04 15:12:23
User_007,TRJ_User_007_009,28.637726,77.203797,237.6,2026-04-04 15:13:19
User_007,TRJ_User_007_009,28.637614,77.204184,224.3,2026-04-04 15:14:07
User_007,TRJ_User_007_009,28.637072,77.204799,241.0,2026-04-04 15:14:27
User_007,TRJ_User_007_009,28.636814,77.205346,210.1,2026-04-04 15:15:19
User_007,TRJ_User_007_009,28.636526,77.205871,247.2,2026-04-04 15:16:07
User_007,TRJ_User_007_009,28.636012,77.206714,248.4,2026-04-04 15:16:19
User_007,TRJ_User_007_009,28.635866,77.207846,216.2,2026-04-04 15:17:04
User_007,TRJ_User_007_009,28.635026,77.208307,238.6,2026-04-04 15:17:25
User_007,TRJ_User_007_009,28.634696,77.208849,234.4,2026-04-04 15:17:39
User_007,TRJ_User_007_009,28.633936,77.210141,215.3,2026-04-04 15:17:59
User_007,TRJ_User_007_009,28.63336,77.21075,233.0,2026-04-04 15:18:37
User_007,TRJ_User_007_009,28.632732,77.211366,257.4,2026-04-04 15:19:10
User_007,TRJ_User_007_009,28.63285,77.211392,205.7,2026-04-04 15:19:53
User_007,TRJ_User_007_009,28.632632,77.211976,251.2,2026-04-04 15:20:48
User_007,TRJ_User_007_009,28.633258,77.213241,206.4,2026-04-04 15:21:26
User_007,TRJ_User_007_009,28.632463,77.213993,218.7,2026-04-04 15:21:40
User_007,TRJ_User_007_009,28.631983,77.215012,253.5,2026-04-04 15:22:34
User_007,TRJ_User_007_009,28.631879,77.215756,214.9,2026-04-04 15:22:51
User_007,TRJ_User_007_009,28.630895,77.217082,229.5,2026-04-04 15:23:40
User_007,TRJ_User_007_009,28.629603,77.218328,246.3,2026-04-04 15:24:05
User_007,TRJ_User_007_009,28.629258,77.219629,216.5,2026-04-04 15:24:31
User_007,TRJ_User_007_009,28.629205,77.220222,221.2,2026-04-04 15:24:53
User_007,TRJ_User_007_010,28.629046,77.221543,256.7,2026-04-04 17:12:09
User_007,TRJ_User_007_010,28.627106,77.221866,244.2,2026-04-04 17:12:22
User_007,TRJ_User_007_010,28.624411,77.222399,208.0,2026-04-04 17:12:33
User_007,TRJ_User_007_010,28.622572,77.222659,232.3,2026-04-04 17:13:25
User_007,TRJ_User_007_010,28.620406,77.222893,221.8,2026-04-04 17:13:57
User_007,TRJ_User_007_010,28.618342,77.222275,213.5,2026-04-04 17:14:15
User_007,TRJ_User_007_010,28.616059,77.221697,243.8,2026-04-04 17:14:29
User_007,TRJ_User_007_010,28.613221,77.221812,249.7,2026-04-04 17:15:23
User_007,TRJ_User_007_010,28.611605,77.221271,205.9,2026-04-04 17:15:43
User_007,TRJ_User_007_010,28.608826,77.221196,235.4,2026-04-04 17:16:31
User_007,TRJ_User_007_010,28.606581,77.221336,245.2,2026-04-04 17:17:08
User_007,TRJ_User_007_010,28.604973,77.221254,249.0,2026-04-04 17:18:06
User_007,TRJ_User_007_010,28.602443,77.221061,230.5,2026-04-04 17:18:41
User_007,TRJ_User_007_010,28.600177,77.221236,255.9,2026-04-04 17:19:24
User_007,TRJ_User_007_010,28.598593,77.221191,225.7,2026-04-04 17:19:46
User_007,TRJ_User_007_010,28.596504,77.221856,255.8,2026-04-04 17:19:58
User_007,TRJ_User_007_010,28.594169,77.221372,213.5,2026-04-04 17:20:24
User_007,TRJ_User_007_010,28.59153,77.221587,223.7,2026-04-04 17:21:06
User_007,TRJ_User_007_010,28.589165,77.221996,259.3,2026-04-04 17:22:02
User_007,TRJ_User_007_010,28.587097,77.221785,242.2,2026-04-04 17:22:32
User_007,TRJ_User_007_010,28.584905,77.221148,251.7,2026-04-04 17:22:58
User_007,TRJ_User_007_010,28.582616,77.220523,251.7,2026-04-04 17:23:24
User_007,TRJ_User_007_010,28.580716,77.219776,207.4,2026-04-04 17:24:02
User_007,TRJ_User_007_010,28.578192,77.21939,255.4,2026-04-04 17:25:00
User_007,TRJ_User_007_010,28.57566,77.219221,225.2,2026-04-04 17:25:17
User_007,TRJ_User_007_010,28.572866,77.219212,206.9,2026-04-04 17:26:05
User_007,TRJ_User_007_010,28.570943,77.219676,201.4,2026-04-04 17:26:24
User_007,TRJ_User_007_010,28.568609,77.219811,234.8,2026-04-04 17:26:42
User_007,TRJ_User_007_010,28.566471,77.220014,205.1,2026-04-04 17:26:58
User_007,TRJ_User_007_010,28.564431,77.220149,228.1,2026-04-04 17:27:51
User_007,TRJ_User_007_010,28.562324,77.219769,209.6,2026-04-04 17:28:29
User_007,TRJ_User_007_010,28.560115,77.219986,204.1,2026-04-04 17:29:00
User_007,TRJ_User_007_010,28.55833,77.220151,227.2,2026-04-04 17:29:13
User_007,TRJ_User_007_010,28.556355,77.219382,206.9,2026-04-04 17:29:48
User_007,TRJ_User_007_010,28.554888,77.219426,236.3,2026-04-04 17:30:31
User_007,TRJ_User_007_010,28.552473,77.21966,240.2,2026-04-04 17:31:00
User_007,TRJ_User_007_010,28.550377,77.220272,244.3,2026-04-04 17:31:56
User_007,TRJ_User_007_010,28.547963,77.220243,214.9,2026-04-04 17:32:09
User_007,TRJ_User_007_010,28.545902,77.220126,227.5,2026-04-04 17:32:48
User_007,TRJ_User_007_010,28.543861,77.219393,234.9,2026-04-04 17:33:11
User_007,TRJ_User_007_010,28.541999,77.219241,239.1,2026-04-04 17:33:38
User_007,TRJ_User_007_010,28.540097,77.21935,222.0,2026-04-04 17:34:15
User_007,TRJ_User_007_010,28.537656,77.218985,257.1,2026-04-04 17:35:12
User_007,TRJ_User_007_010,28.535163,77.218753,259.9,2026-04-04 17:35:38
User_007,TRJ_User_007_010,28.533955,77.218757,225.1,2026-04-04 17:36:31
User_007,TRJ_User_007_010,28.531367,77.218771,247.0,2026-04-04 17:37:01
User_007,TRJ_User_007_010,28.529085,77.219021,208.0,2026-04-04 17:37:48
User_007,TRJ_User_007_010,28.526331,77.219544,230.2,2026-04-04 17:38:12
User_007,TRJ_User_007_010,28.524257,77.219713,209.5,2026-04-04 17:38:27
User_007,TRJ_User_007_010,28.521377,77.219331,224.7,2026-04-04 17:38:57
User_008,TRJ_User_008_001,28.523605,77.215637,202.5,2026-04-04 16:00:43
User_008,TRJ_User_008_001,28.523411,77.213203,221.7,2026-04-04 16:01:17
User_008,TRJ_User_008_001,28.522473,77.210966,220.6,2026-04-04 16:01:56
User_008,TRJ_User_008_001,28.522418,77.208121,227.2,2026-04-04 16:02:37
User_008,TRJ_User_008_001,28.522111,77.2054,233.6,2026-04-04 16:03:11
User_008,TRJ_User_008_001,28.521571,77.203077,214.2,2026-04-04 16:04:06
User_008,TRJ_User_008_001,28.521012,77.200491,234.0,2026-04-04 16:04:25
User_008,TRJ_User_008_001,28.520477,77.197772,215.1,2026-04-04 16:05:02
User_008,TRJ_User_008_001,28.519766,77.195332,255.2,2026-04-04 16:05:54
User_008,TRJ_User_008_001,28.519305,77.193403,215.4,2026-04-04 16:06:25
User_008,TRJ_User_008_001,28.51814,77.190823,204.1,2026-04-04 16:06:53
User_008,TRJ_User_008_001,28.517885,77.188447,238.1,2026-04-04 16:07:35
User_008,TRJ_User_008_001,28.51685,77.186229,249.9,2026-04-04 16:07:45
User_008,TRJ_User_008_001,28.515497,77.183818,216.3,2026-04-04 16:07:58
User_008,TRJ_User_008_001,28.513996,77.181145,238.7,2026-04-04 16:08:18
User_008,TRJ_User_008_001,28.513901,77.178732,223.0,2026-04-04 16:08:51
User_008,TRJ_User_008_001,28.513547,77.175759,204.0,2026-04-04 16:09:02
User_008,TRJ_User_008_001,28.512148,77.172866,229.7,2026-04-04 16:09:47
User_008,TRJ_User_008_001,28.511533,77.170296,253.4,2026-04-04 16:10:32
User_008,TRJ_User_008_001,28.511382,77.167649,209.0,2026-04-04 16:10:42
User_008,TRJ_User_008_001,28.510679,77.164731,234.8,2026-04-04 16:11:19
User_008,TRJ_User_008_001,28.510211,77.161894,201.7,2026-04-04 16:11:38
User_008,TRJ_User_008_001,28.508712,77.159221,222.5,2026-04-04 16:12:15
User_008,TRJ_User_008_001,28.508346,77.156101,201.7,2026-04-04 16:12:34
User_008,TRJ_User_008_001,28.507519,77.153525,220.5,2026-04-04 16:12:59
User_008,TRJ_User_008_001,28.507354,77.15102,228.4,2026-04-04 16:13:38
User_008,TRJ_User_008_001,28.506611,77.148333,248.4,2026-04-04 16:13:53
User_008,TRJ_User_008_001,28.506865,77.145108,236.3,2026-04-04 16:14:25
User_008,TRJ_User_008_001,28.506016,77.143369,224.0,2026-04-04 16:14:58
User_008,TRJ_User_008_001,28.504656,77.140746,233.5,2026-04-04 16:15:14
User_008,TRJ_User_008_001,28.504055,77.137976,203.5,2026-04-04 16:15:58
User_008,TRJ_User_008_001,28.503898,77.135459,253.0,2026-04-04 16:16:09
User_008,TRJ_User_008_001,28.50328,77.132439,233.5,2026-04-04 16:16:29
User_008,TRJ_User_008_001,28.503002,77.130187,254.2,2026-04-04 16:17:24
User_008,TRJ_User_008_001,28.502538,77.127529,225.1,2026-04-04 16:17:38
User_008,TRJ_User_008_001,28.502506,77.125721,202.1,2026-04-04 16:17:51
User_008,TRJ_User_008_001,28.501121,77.122812,213.4,2026-04-04 16:18:34
User_008,TRJ_User_008_001,28.500933,77.120573,229.9,2026-04-04 16:19:29
User_008,TRJ_User_008_001,28.500194,77.118089,201.6,2026-04-04 16:20:10
User_008,TRJ_User_008_001,28.499787,77.115425,247.4,2026-04-04 16:21:03
User_008,TRJ_User_008_001,28.499295,77.112624,213.6,2026-04-04 16:21:24
User_008,TRJ_User_008_001,28.498844,77.109777,251.0,2026-04-04 16:22:22
User_008,TRJ_User_008_001,28.498807,77.106902,229.4,2026-04-04 16:22:45
User_008,TRJ_User_008_001,28.49845,77.103734,215.5,2026-04-04 16:23:39
User_008,TRJ_User_008_001,28.498371,77.100125,227.0,2026-04-04 16:23:50
User_008,TRJ_User_008_001,28.497755,77.097109,245.1,2026-04-04 16:24:03
User_008,TRJ_User_008_001,28.497048,77.094909,221.0,2026-04-04 16:24:43
User_008,TRJ_User_008_001,28.496577,77.092137,218.3,2026-04-04 16:24:59
User_008,TRJ_User_008_001,28.49635,77.089241,233.8,2026-04-04 16:25:40
User_008,TRJ_User_008_001,28.495793,77.087271,200.6,2026-04-04 16:25:51
User_008,TRJ_User_008_002,28.499571,77.088776,219.4,2026-04-04 18:15:47
User_008,TRJ_User_008_002,28.502407,77.090294,249.1,2026-04-04 18:16:41
User_008,TRJ_User_008_002,28.505589,77.091799,238.2,2026-04-04 18:16:54
User_008,TRJ_User_008_002,28.50867,77.093766,213.7,2026-04-04 18:17:39
User_008,TRJ_User_008_002,28.512293,77.09566,245.8,2026-04-04 18:17:51
User_008,TRJ_User_008_002,28.514984,77.097779,256.1,2026-04-04 18:18:11
User_008,TRJ_User_008_002,28.517938,77.100104,248.4,2026-04-04 18:18:36
User_008,TRJ_User_008_002,28.52083,77.101593,252.0,2026-04-04 18:18:54
User_008,TRJ_User_008_002,28.523768,77.103283,249.8,2026-04-04 18:19:22
User_008,TRJ_User_008_002,28.527203,77.104325,233.2,2026-04-04 18:19:51
User_008,TRJ_User_008_002,28.529924,77.106359,227.5,2026-04-04 18:20:42
User_008,TRJ_User_008_002,28.533579,77.108264,254.7,2026-04-04 18:21:06
User_008,TRJ_User_008_002,28.536532,77.11017,248.5,2026-04-04 18:21:41
User_008,TRJ_User_008_002,28.539579,77.112418,209.1,2026-04-04 18:22:25
User_008,TRJ_User_008_002,28.542116,77.114519,245.5,2026-04-04 18:23:20
User_008,TRJ_User_008_002,28.545416,77.116376,238.5,2026-04-04 18:24:16
User_008,TRJ_User_008_002,28.549385,77.118439,250.3,2026-04-04 18:24:41
User_008,TRJ_User_008_002,28.551925,77.120887,211.0,2026-04-04 18:25:12
User_008,TRJ_User_008_002,28.555353,77.12322,224.6,2026-04-04 18:25:41
User_008,TRJ_User_008_002,28.55781,77.125795,245.1,2026-04-04 18:26:14
User_008,TRJ_User_008_002,28.559888,77.12771,239.0,2026-04-04 18:26:32
User_008,TRJ_User_008_002,28.56366,77.128841,244.5,2026-04-04 18:26:42
User_008,TRJ_User_008_002,28.566563,77.129915,258.5,2026-04-04 18:26:52
User_008,TRJ_User_008_002,28.569193,77.132633,253.7,2026-04-04 18:27:11
User_008,TRJ_User_008_002,28.572727,77.134437,254.0,2026-04-04 18:28:06
User_008,TRJ_User_008_002,28.575787,77.136629,249.9,2026-04-04 18:28:31
User_008,TRJ_User_008_002,28.578267,77.138649,222.9,2026-04-04 18:29:21
User_008,TRJ_User_008_002,28.581436,77.140231,220.9,2026-04-04 18:30:18
User_008,TRJ_User_008_002,28.584043,77.141804,232.6,2026-04-04 18:31:02
User_008,TRJ_User_008_002,28.587282,77.143738,201.3,2026-04-04 18:31:44
User_008,TRJ_User_008_002,28.589846,77.145115,229.1,2026-04-04 18:32:42
User_008,TRJ_User_008_002,28.59285,77.147323,233.2,2026-04-04 18:32:58
User_008,TRJ_User_008_002,28.595143,77.149629,216.6,2026-04-04 18:33:41
User_008,TRJ_User_008_002,28.597789,77.151902,254.8,2026-04-04 18:33:56
User_008,TRJ_User_008_002,28.601393,77.154008,202.0,2026-04-04 18:34:30
User_008,TRJ_User_008_002,28.603721,77.155713,220.3,2026-04-04 18:35:05
User_008,TRJ_User_008_002,28.60622,77.157501,200.2,2026-04-04 18:35:28
User_008,TRJ_User_008_002,28.608995,77.160418,204.7,2026-04-04 18:35:50
User_008,TRJ_User_008_002,28.612257,77.162146,258.8,2026-04-04 18:36:37
User_008,TRJ_User_008_002,28.615641,77.16428,223.9,2026-04-04 18:37:32
User_008,TRJ_User_008_002,28.61804,77.167411,240.4,2026-04-04 18:37:42
User_008,TRJ_User_008_002,28.621081,77.169925,200.2,2026-04-04 18:38:32
User_008,TRJ_User_008_002,28.624147,77.171523,247.4,2026-04-04 18:39:11
User_008,TRJ_User_008_002,28.627016,77.173586,239.4,2026-04-04 18:39:30
User_008,TRJ_User_008_002,28.630416,77.175601,213.1,2026-04-04 18:39:50
User_008,TRJ_User_008_002,28.633385,77.177957,200.8,2026-04-04 18:40:15
User_008,TRJ_User_008_002,28.636832,77.180099,249.7,2026-04-04 18:40:36
User_008,TRJ_User_008_002,28.639895,77.182029,237.9,2026-04-04 18:41:02
User_008,TRJ_User_008_002,28.642778,77.184439,248.5,2026-04-04 18:41:58
User_008,TRJ_User_008_002,28.645494,77.1862,223.9,2026-04-04 18:42:48
User_008,TRJ_User_008_003,28.51939,77.215112,247.7,2026-04-04 22:05:36
User_008,TRJ_User_008_003,28.518875,77.212559,244.0,2026-04-04 22:06:11
User_008,TRJ_User_008_003,28.518429,77.209453,221.4,2026-04-04 22:06:27
User_008,TRJ_User_008_003,28.518331,77.20693,218.4,2026-04-04 22:06:44
User_008,TRJ_User_008_003,28.517718,77.204046,202.6,2026-04-04 22:06:59
User_008,TRJ_User_008_003,28.516337,77.201359,219.3,2026-04-04 22:07:27
User_008,TRJ_User_008_003,28.515479,77.199611,205.5,2026-04-04 22:07:48
User_008,TRJ_User_008_003,28.515785,77.197499,204.1,2026-04-04 22:08:33
User_008,TRJ_User_008_003,28.515254,77.195263,202.5,2026-04-04 22:09:20
User_008,TRJ_User_008_003,28.515379,77.192946,226.7,2026-04-04 22:09:46
User_008,TRJ_User_008_003,28.515154,77.189506,257.4,2026-04-04 22:10:11
User_008,TRJ_User_008_003,28.514677,77.186433,235.8,2026-04-04 22:11:08
User_008,TRJ_User_008_003,28.514157,77.183793,257.6,2026-04-04 22:11:20
User_008,TRJ_User_008_003,28.512865,77.180862,234.0,2026-04-04 22:11:39
User_008,TRJ_User_008_003,28.513471,77.178172,210.0,2026-04-04 22:12:27
User_008,TRJ_User_008_003,28.513417,77.175562,201.3,2026-04-04 22:13:18
User_008,TRJ_User_008_003,28.513011,77.173171,246.1,2026-04-04 22:14:07
User_008,TRJ_User_008_003,28.511942,77.170225,249.7,2026-04-04 22:14:32
User_008,TRJ_User_008_003,28.511413,77.167755,236.7,2026-04-04 22:14:57
User_008,TRJ_User_008_003,28.511134,77.165704,204.2,2026-04-04 22:15:55
User_008,TRJ_User_008_003,28.510716,77.162979,232.8,2026-04-04 22:16:17
User_008,TRJ_User_008_003,28.51038,77.159916,212.7,2026-04-04 22:16:28
User_008,TRJ_User_008_003,28.510063,77.156531,255.2,2026-04-04 22:16:40
User_008,TRJ_User_008_003,28.50901,77.153947,233.2,2026-04-04 22:17:33
User_008,TRJ_User_008_003,28.508216,77.152253,211.6,2026-04-04 22:18:27
User_008,TRJ_User_008_003,28.507739,77.149722,221.9,2026-04-04 22:19:22
User_008,TRJ_User_008_003,28.507123,77.147478,238.9,2026-04-04 22:19:43
User_008,TRJ_User_008_003,28.506461,77.143962,211.2,2026-04-04 22:20:16
User_008,TRJ_User_008_003,28.506087,77.141467,243.5,2026-04-04 22:20:36
User_008,TRJ_User_008_003,28.505703,77.139658,217.3,2026-04-04 22:21:32
User_008,TRJ_User_008_003,28.506126,77.136771,200.4,2026-04-04 22:21:49
User_008,TRJ_User_008_003,28.50603,77.134032,232.1,2026-04-04 22:22:34
User_008,TRJ_User_008_003,28.505315,77.130904,216.1,2026-04-04 22:23:05
User_008,TRJ_User_008_003,28.50473,77.128901,212.3,2026-04-04 22:23:36
User_008,TRJ_User_008_003,28.504295,77.125848,255.2,2026-04-04 22:24:07
User_008,TRJ_User_008_003,28.504199,77.122834,235.8,2026-04-04 22:24:36
User_008,TRJ_User_008_003,28.504045,77.120592,240.2,2026-04-04 22:24:54
User_008,TRJ_User_008_003,28.503952,77.118338,214.5,2026-04-04 22:25:09
User_008,TRJ_User_008_003,28.504009,77.115536,256.3,2026-04-04 22:25:28
User_008,TRJ_User_008_003,28.503956,77.112734,255.1,2026-04-04 22:25:41
User_008,TRJ_User_008_003,28.503782,77.110411,212.2,2026-04-04 22:25:56
User_008,TRJ_User_008_003,28.502737,77.10782,255.7,2026-04-04 22:26:33
User_008,TRJ_User_008_003,28.502275,77.104605,219.3,2026-04-04 22:27:09
User_008,TRJ_User_008_003,28.502134,77.102385,204.3,2026-04-04 22:27:58
User_008,TRJ_User_008_003,28.50155,77.09991,210.0,2026-04-04 22:28:08
User_008,TRJ_User_008_003,28.501035,77.096951,203.0,2026-04-04 22:28:44
User_008,TRJ_User_008_003,28.500676,77.094286,223.9,2026-04-04 22:29:35
User_008,TRJ_User_008_003,28.499788,77.091754,217.3,2026-04-04 22:30:05
User_008,TRJ_User_008_003,28.498973,77.089139,200.8,2026-04-04 22:30:58
User_008,TRJ_User_008_003,28.498926,77.087198,242.5,2026-04-04 22:31:52
User_008,TRJ_User_008_004,28.492222,77.087702,239.4,2026-04-05 01:50:31
User_008,TRJ_User_008_004,28.492207,77.087775,205.1,2026-04-05 01:51:28
User_008,TRJ_User_008_004,28.491933,77.087515,247.0,2026-04-05 01:52:08
User_008,TRJ_User_008_004,28.491847,77.088415,259.2,2026-04-05 01:53:07
User_008,TRJ_User_008_004,28.491921,77.088581,227.3,2026-04-05 01:53:23
User_008,TRJ_User_008_004,28.49245,77.088495,248.3,2026-04-05 01:54:07
User_008,TRJ_User_008_004,28.491719,77.088342,236.5,2026-04-05 01:55:01
User_008,TRJ_User_008_004,28.491769,77.089296,222.0,2026-04-05 01:55:14
User_008,TRJ_User_008_004,28.491996,77.089296,240.7,2026-04-05 01:55:37
User_008,TRJ_User_008_004,28.491892,77.089551,238.0,2026-04-05 01:56:05
User_008,TRJ_User_008_004,28.492156,77.089831,227.6,2026-04-05 01:57:02
User_008,TRJ_User_008_004,28.491779,77.090086,224.9,2026-04-05 01:58:00
User_008,TRJ_User_008_004,28.491647,77.090301,208.6,2026-04-05 01:58:44
User_008,TRJ_User_008_004,28.491539,77.090504,212.1,2026-04-05 01:59:02
User_008,TRJ_User_008_004,28.491684,77.090498,214.7,2026-04-05 01:59:41
User_008,TRJ_User_008_004,28.491001,77.090446,235.8,2026-04-05 02:00:08
User_008,TRJ_User_008_004,28.491483,77.090399,231.0,2026-04-05 02:00:33
User_008,TRJ_User_008_004,28.491581,77.090265,203.3,2026-04-05 02:00:51
User_008,TRJ_User_008_004,28.491851,77.090081,254.7,2026-04-05 02:01:24
User_008,TRJ_User_008_004,28.492184,77.089927,200.2,2026-04-05 02:01:49
User_008,TRJ_User_008_004,28.492559,77.090251,247.3,2026-04-05 02:02:01
User_008,TRJ_User_008_004,28.4925,77.090091,254.2,2026-04-05 02:02:27
User_008,TRJ_User_008_004,28.492693,77.090891,205.0,2026-04-05 02:02:47
User_008,TRJ_User_008_004,28.493458,77.091484,207.3,2026-04-05 02:03:37
User_008,TRJ_User_008_004,28.494291,77.091501,204.4,2026-04-05 02:04:34
User_008,TRJ_User_008_004,28.494221,77.090951,225.1,2026-04-05 02:05:02
User_008,TRJ_User_008_004,28.494244,77.090572,256.3,2026-04-05 02:05:20
User_008,TRJ_User_008_004,28.494452,77.091598,202.1,2026-04-05 02:05:46
User_008,TRJ_User_008_004,28.494237,77.092127,244.3,2026-04-05 02:06:05
User_008,TRJ_User_008_004,28.493903,77.092445,252.8,2026-04-05 02:07:00
User_008,TRJ_User_008_004,28.494678,77.092391,223.6,2026-04-05 02:07:49
User_008,TRJ_User_008_004,28.494246,77.092256,221.6,2026-04-05 02:08:25
User_008,TRJ_User_008_004,28.495282,77.092024,234.3,2026-04-05 02:09:19
User_008,TRJ_User_008_004,28.495033,77.092522,225.7,2026-04-05 02:09:42
User_008,TRJ_User_008_004,28.495276,77.092626,240.0,2026-04-05 02:10:05
User_008,TRJ_User_008_004,28.494921,77.092771,250.2,2026-04-05 02:10:49
User_008,TRJ_User_008_004,28.495496,77.092715,218.8,2026-04-05 02:11:01
User_008,TRJ_User_008_004,28.495952,77.092681,241.7,2026-04-05 02:11:27
User_008,TRJ_User_008_004,28.496192,77.091978,203.8,2026-04-05 02:11:58
User_008,TRJ_User_008_004,28.496205,77.092365,239.4,2026-04-05 02:12:12
User_008,TRJ_User_008_004,28.495622,77.092508,222.3,2026-04-05 02:12:36
User_008,TRJ_User_008_004,28.495583,77.092792,206.1,2026-04-05 02:13:21
User_008,TRJ_User_008_004,28.495526,77.092841,259.8,2026-04-05 02:14:20
User_008,TRJ_User_008_004,28.4957,77.09251,244.0,2026-04-05 02:14:56
User_008,TRJ_User_008_004,28.49542,77.093307,215.0,2026-04-05 02:15:21
User_008,TRJ_User_008_004,28.49561,77.093276,247.9,2026-04-05 02:16:01
User_008,TRJ_User_008_004,28.495796,77.093227,241.5,2026-04-05 02:16:39
User_008,TRJ_User_008_004,28.495632,77.092752,252.8,2026-04-05 02:17:37
User_008,TRJ_User_008_004,28.495687,77.092341,216.6,2026-04-05 02:18:08
User_008,TRJ_User_008_004,28.49597,77.091995,201.6,2026-04-05 02:18:29
User_008,TRJ_User_008_005,28.522637,77.214644,242.9,2026-04-05 03:00:27
User_008,TRJ_User_008_005,28.522452,77.21248,222.9,2026-04-05 03:01:09
User_008,TRJ_User_008_005,28.522029,77.210462,205.0,2026-04-05 03:01:54
User_008,TRJ_User_008_005,28.52168,77.207182,215.5,2026-04-05 03:02:48
User_008,TRJ_User_008_005,28.521198,77.20454,229.9,2026-04-05 03:03:18
User_008,TRJ_User_008_005,28.520737,77.201845,233.9,2026-04-05 03:03:54
User_008,TRJ_User_008_005,28.52008,77.198412,245.1,2026-04-05 03:04:23
User_008,TRJ_User_008_005,28.519438,77.195249,236.3,2026-04-05 03:05:13
User_008,TRJ_User_008_005,28.519513,77.192936,246.4,2026-04-05 03:06:11
User_008,TRJ_User_008_005,28.519958,77.190913,229.6,2026-04-05 03:06:22
User_008,TRJ_User_008_005,28.519092,77.187953,251.1,2026-04-05 03:06:55
User_008,TRJ_User_008_005,28.518467,77.185637,226.3,2026-04-05 03:07:44
User_008,TRJ_User_008_005,28.518071,77.182427,204.6,2026-04-05 03:08:43
User_008,TRJ_User_008_005,28.516995,77.179392,202.1,2026-04-05 03:09:04
User_008,TRJ_User_008_005,28.516567,77.176685,219.5,2026-04-05 03:09:23
User_008,TRJ_User_008_005,28.516005,77.173906,218.8,2026-04-05 03:10:01
User_008,TRJ_User_008_005,28.515405,77.170464,225.0,2026-04-05 03:10:56
User_008,TRJ_User_008_005,28.514657,77.1675,233.7,2026-04-05 03:11:29
User_008,TRJ_User_008_005,28.514203,77.165367,216.6,2026-04-05 03:12:02
User_008,TRJ_User_008_005,28.513233,77.16272,231.8,2026-04-05 03:12:20
User_008,TRJ_User_008_005,28.51323,77.159571,229.4,2026-04-05 03:13:01
User_008,TRJ_User_008_005,28.512729,77.156785,214.8,2026-04-05 03:13:38
User_008,TRJ_User_008_005,28.51247,77.154485,206.3,2026-04-05 03:14:25
User_008,TRJ_User_008_005,28.511529,77.151863,237.1,2026-04-05 03:14:40
User_008,TRJ_User_008_005,28.510792,77.148696,200.9,2026-04-05 03:15:26
User_008,TRJ_User_008_005,28.510217,77.146101,229.6,2026-04-05 03:16:01
User_008,TRJ_User_008_005,28.509626,77.143389,201.9,2026-04-05 03:16:51
User_008,TRJ_User_008_005,28.509502,77.140022,242.3,2026-04-05 03:17:28
User_008,TRJ_User_008_005,28.50827,77.137265,235.4,2026-04-05 03:18:19
User_008,TRJ_User_008_005,28.507345,77.134423,208.2,2026-04-05 03:19:06
User_008,TRJ_User_008_005,28.506744,77.132663,246.3,2026-04-05 03:19:54
User_008,TRJ_User_008_005,28.506084,77.130006,216.9,2026-04-05 03:20:31
User_008,TRJ_User_008_005,28.50566,77.127281,245.6,2026-04-05 03:20:42
User_008,TRJ_User_008_005,28.505187,77.124885,225.6,2026-04-05 03:21:25
User_008,TRJ_User_008_005,28.504969,77.121834,221.7,2026-04-05 03:21:57
User_008,TRJ_User_008_005,28.50405,77.118822,236.0,2026-04-05 03:22:28
User_008,TRJ_User_008_005,28.503495,77.116555,242.0,2026-04-05 03:23:14
User_008,TRJ_User_008_005,28.502526,77.113512,204.0,2026-04-05 03:23:55
User_008,TRJ_User_008_005,28.5018,77.111332,214.4,2026-04-05 03:24:53
User_008,TRJ_User_008_005,28.501411,77.109398,218.3,2026-04-05 03:25:09
User_008,TRJ_User_008_005,28.501303,77.106493,231.9,2026-04-05 03:25:21
User_008,TRJ_User_008_005,28.500749,77.103606,249.4,2026-04-05 03:26:12
User_008,TRJ_User_008_005,28.500296,77.100708,234.1,2026-04-05 03:26:58
User_008,TRJ_User_008_005,28.499828,77.098843,212.9,2026-04-05 03:27:09
User_008,TRJ_User_008_005,28.499609,77.096106,236.5,2026-04-05 03:27:43
User_008,TRJ_User_008_005,28.499134,77.092963,259.2,2026-04-05 03:28:09
User_008,TRJ_User_008_005,28.498408,77.090438,249.2,2026-04-05 03:28:20
User_008,TRJ_User_008_005,28.497581,77.088002,226.5,2026-04-05 03:28:54
User_008,TRJ_User_008_005,28.49754,77.085933,239.2,2026-04-05 03:29:46
User_008,TRJ_User_008_005,28.497196,77.083221,227.6,2026-04-05 03:30:42
User_008,TRJ_User_008_006,28.499194,77.09047,248.6,2026-04-05 04:38:57
User_008,TRJ_User_008_006,28.499772,77.092626,209.5,2026-04-05 04:39:11
User_008,TRJ_User_008_006,28.500812,77.094695,255.3,2026-04-05 04:39:31
User_008,TRJ_User_008_006,28.501913,77.097464,245.5,2026-04-05 04:40:18
User_008,TRJ_User_008_006,28.502697,77.099967,203.1,2026-04-05 04:40:28
User_008,TRJ_User_008_006,28.502915,77.103082,259.8,2026-04-05 04:40:47
User_008,TRJ_User_008_006,28.503851,77.105508,222.6,2026-04-05 04:41:04
User_008,TRJ_User_008_006,28.504201,77.107869,203.2,2026-04-05 04:41:15
User_008,TRJ_User_008_006,28.504899,77.109836,257.9,2026-04-05 04:41:26
User_008,TRJ_User_008_006,28.505266,77.112785,233.2,2026-04-05 04:42:13
User_008,TRJ_User_008_006,28.506107,77.115328,221.8,2026-04-05 04:42:34
User_008,TRJ_User_008_006,28.506276,77.117622,259.4,2026-04-05 04:42:59
User_008,TRJ_User_008_006,28.506474,77.120061,228.9,2026-04-05 04:43:14
User_008,TRJ_User_008_006,28.507162,77.12274,216.9,2026-04-05 04:43:54
User_008,TRJ_User_008_006,28.507708,77.125789,219.6,2026-04-05 04:44:30
User_008,TRJ_User_008_006,28.508203,77.128567,223.4,2026-04-05 04:44:59
User_008,TRJ_User_008_006,28.509678,77.131473,234.1,2026-04-05 04:45:38
User_008,TRJ_User_008_006,28.510033,77.134101,246.7,2026-04-05 04:46:17
User_008,TRJ_User_008_006,28.511099,77.136664,202.8,2026-04-05 04:46:34
User_008,TRJ_User_008_006,28.511811,77.139994,203.7,2026-04-05 04:47:31
User_008,TRJ_User_008_006,28.511796,77.142208,214.0,2026-04-05 04:48:29
User_008,TRJ_User_008_006,28.512589,77.144431,233.2,2026-04-05 04:49:19
User_008,TRJ_User_008_006,28.513394,77.146956,226.5,2026-04-05 04:49:38
User_008,TRJ_User_008_006,28.513365,77.149954,258.4,2026-04-05 04:50:33
User_008,TRJ_User_008_006,28.513995,77.152291,218.4,2026-04-05 04:50:52
User_008,TRJ_User_008_006,28.513948,77.154821,253.6,2026-04-05 04:51:16
User_008,TRJ_User_008_006,28.51406,77.157417,247.1,2026-04-05 04:51:34
User_008,TRJ_User_008_006,28.514607,77.159546,258.0,2026-04-05 04:52:01
User_008,TRJ_User_008_006,28.515897,77.162859,217.9,2026-04-05 04:52:14
User_008,TRJ_User_008_006,28.516261,77.165044,203.4,2026-04-05 04:52:36
User_008,TRJ_User_008_006,28.51645,77.167408,232.5,2026-04-05 04:53:17
User_008,TRJ_User_008_006,28.517135,77.170465,213.8,2026-04-05 04:53:52
User_008,TRJ_User_008_006,28.517456,77.17314,239.2,2026-04-05 04:54:02
User_008,TRJ_User_008_006,28.518187,77.175551,234.9,2026-04-05 04:54:58
User_008,TRJ_User_008_006,28.518111,77.179044,233.8,2026-04-05 04:55:16
User_008,TRJ_User_008_006,28.518544,77.181131,202.1,2026-04-05 04:55:31
User_008,TRJ_User_008_006,28.51918,77.184034,216.1,2026-04-05 04:56:14
User_008,TRJ_User_008_006,28.519784,77.186905,238.7,2026-04-05 04:57:06
User_008,TRJ_User_008_006,28.520356,77.189632,232.4,2026-04-05 04:57:26
User_008,TRJ_User_008_006,28.521372,77.192507,246.7,2026-04-05 04:57:42
User_008,TRJ_User_008_006,28.521633,77.194979,233.5,2026-04-05 04:58:38
User_008,TRJ_User_008_006,28.522533,77.197146,220.3,2026-04-05 04:59:08
User_008,TRJ_User_008_006,28.522392,77.199875,253.5,2026-04-05 04:59:25
User_008,TRJ_User_008_006,28.523345,77.201946,207.9,2026-04-05 05:00:12
User_008,TRJ_User_008_006,28.523694,77.20494,219.5,2026-04-05 05:00:45
User_008,TRJ_User_008_006,28.5238,77.207946,242.9,2026-04-05 05:01:25
User_008,TRJ_User_008_006,28.524671,77.211117,252.7,2026-04-05 05:01:44
User_008,TRJ_User_008_006,28.525616,77.213992,258.9,2026-04-05 05:02:15
User_008,TRJ_User_008_006,28.52675,77.216201,241.4,2026-04-05 05:02:52
User_008,TRJ_User_008_006,28.52666,77.218155,243.9,2026-04-05 05:03:19
User_008,TRJ_User_008_007,28.519986,77.21277,238.0,2026-04-05 07:58:00
User_008,TRJ_User_008_007,28.519538,77.210544,211.2,2026-04-05 07:58:31
User_008,TRJ_User_008_007,28.519429,77.207228,203.8,2026-04-05 07:59:17
User_008,TRJ_User_008_007,28.518462,77.204094,244.1,2026-04-05 07:59:51
User_008,TRJ_User_008_007,28.517889,77.201683,244.5,2026-04-05 08:00:05
User_008,TRJ_User_008_007,28.51685,77.199218,238.1,2026-04-05 08:00:54
User_008,TRJ_User_008_007,28.51644,77.196903,241.8,2026-04-05 08:01:41
User_008,TRJ_User_008_007,28.516122,77.193954,259.6,2026-04-05 08:02:24
User_008,TRJ_User_008_007,28.515868,77.191811,208.1,2026-04-05 08:03:07
User_008,TRJ_User_008_007,28.515563,77.189088,250.7,2026-04-05 08:04:01
User_008,TRJ_User_008_007,28.515366,77.186088,240.4,2026-04-05 08:04:49
User_008,TRJ_User_008_007,28.515575,77.183103,223.2,2026-04-05 08:05:21
User_008,TRJ_User_008_007,28.514915,77.180483,240.9,2026-04-05 08:06:07
User_008,TRJ_User_008_007,28.514558,77.178097,250.8,2026-04-05 08:06:35
User_008,TRJ_User_008_007,28.513751,77.175337,230.1,2026-04-05 08:07:05
User_008,TRJ_User_008_007,28.513232,77.172586,200.8,2026-04-05 08:07:50
User_008,TRJ_User_008_007,28.512488,77.170289,217.3,2026-04-05 08:08:07
User_008,TRJ_User_008_007,28.511895,77.167888,211.9,2026-04-05 08:08:52
User_008,TRJ_User_008_007,28.511544,77.165668,201.4,2026-04-05 08:09:27
User_008,TRJ_User_008_007,28.511107,77.163197,238.8,2026-04-05 08:09:58
User_008,TRJ_User_008_007,28.510852,77.160547,245.9,2026-04-05 08:10:29
User_008,TRJ_User_008_007,28.509667,77.157691,259.1,2026-04-05 08:10:45
User_008,TRJ_User_008_007,28.508739,77.155242,204.8,2026-04-05 08:11:16
User_008,TRJ_User_008_007,28.50862,77.152732,226.0,2026-04-05 08:11:55
User_008,TRJ_User_008_007,28.507381,77.150616,250.6,2026-04-05 08:12:11
User_008,TRJ_User_008_007,28.507383,77.147805,256.8,2026-04-05 08:12:53
User_008,TRJ_User_008_007,28.506755,77.145678,210.8,2026-04-05 08:13:35
User_008,TRJ_User_008_007,28.506831,77.143365,224.8,2026-04-05 08:14:10
User_008,TRJ_User_008_007,28.5062,77.140819,245.8,2026-04-05 08:15:00
User_008,TRJ_User_008_007,28.505942,77.138319,204.4,2026-04-05 08:15:34
User_008,TRJ_User_008_007,28.504988,77.135751,231.4,2026-04-05 08:15:45
User_008,TRJ_User_008_007,28.503839,77.133366,221.2,2026-04-05 08:16:04
User_008,TRJ_User_008_007,28.503697,77.130238,210.4,2026-04-05 08:16:34
User_008,TRJ_User_008_007,28.503375,77.127617,224.6,2026-04-05 08:17:05
User_008,TRJ_User_008_007,28.502351,77.124684,252.1,2026-04-05 08:17:54
User_008,TRJ_User_008_007,28.501292,77.121853,235.4,2026-04-05 08:18:28
User_008,TRJ_User_008_007,28.501229,77.118806,242.5,2026-04-05 08:18:48
User_008,TRJ_User_008_007,28.500755,77.115353,239.0,2026-04-05 08:19:36
User_008,TRJ_User_008_007,28.500829,77.113124,220.7,2026-04-05 08:20:16
User_008,TRJ_User_008_007,28.500312,77.110868,224.6,2026-04-05 08:20:47
User_008,TRJ_User_008_007,28.500589,77.108444,216.2,2026-04-05 08:21:23
User_008,TRJ_User_008_007,28.500552,77.105978,224.4,2026-04-05 08:21:37
User_008,TRJ_User_008_007,28.500387,77.103709,215.6,2026-04-05 08:22:10
User_008,TRJ_User_008_007,28.500154,77.101214,243.5,2026-04-05 08:22:41
User_008,TRJ_User_008_007,28.499357,77.098284,204.3,2026-04-05 08:23:00
User_008,TRJ_User_008_007,28.499032,77.095425,205.6,2026-04-05 08:23:22
User_008,TRJ_User_008_007,28.498479,77.092611,209.8,2026-04-05 08:23:50
User_008,TRJ_User_008_007,28.498409,77.089977,209.5,2026-04-05 08:24:14
User_008,TRJ_User_008_007,28.49862,77.087467,209.4,2026-04-05 08:24:40
User_008,TRJ_User_008_007,28.498562,77.085267,214.7,2026-04-05 08:24:52
User_008,TRJ_User_008_008,28.49674,77.094847,251.3,2026-04-05 09:45:09
User_008,TRJ_User_008_008,999.0,77.096957,243.8,2026-04-05 09:46:04
User_008,TRJ_User_008_008,28.498678,77.098335,217.1,2026-04-05 09:46:37
User_008,TRJ_User_008_008,28.499845,77.100936,253.5,2026-04-05 09:47:33
User_008,TRJ_User_008_008,28.500038,77.103366,247.4,2026-04-05 09:47:53
User_008,TRJ_User_008_008,28.501667,77.105219,209.0,2026-04-05 09:48:14
User_008,TRJ_User_008_008,28.502931,77.10741,218.6,2026-04-05 09:48:48
User_008,TRJ_User_008_008,28.503934,77.109195,220.3,2026-04-05 09:49:05
User_008,TRJ_User_008_008,28.505256,77.111197,218.1,2026-04-05 09:49:25
User_008,TRJ_User_008_008,28.506245,77.113897,203.8,2026-04-05 09:49:38
User_008,TRJ_User_008_008,28.507798,77.115337,221.0,2026-04-05 09:50:31
User_008,TRJ_User_008_008,28.508897,77.117177,234.5,2026-04-05 09:51:16
User_008,TRJ_User_008_008,28.509887,77.120253,252.4,2026-04-05 09:52:03
User_008,TRJ_User_008_008,28.511162,77.121769,214.5,2026-04-05 09:52:13
User_008,TRJ_User_008_008,28.512437,77.124091,232.7,2026-04-05 09:52:34
User_008,TRJ_User_008_008,28.51351,77.126453,233.2,2026-04-05 09:52:57
User_008,TRJ_User_008_008,28.514853,77.129128,219.0,2026-04-05 09:53:16
User_008,TRJ_User_008_008,28.516611,77.130877,238.0,2026-04-05 09:53:32
User_008,TRJ_User_008_008,28.51672,77.132767,223.7,2026-04-05 09:54:20
User_008,TRJ_User_008_008,28.517475,77.134447,259.1,2026-04-05 09:54:49
User_008,TRJ_User_008_008,28.518638,77.136589,203.3,2026-04-05 09:55:03
User_008,TRJ_User_008_008,28.519809,77.137921,206.8,2026-04-05 09:55:39
User_008,TRJ_User_008_008,28.52081,77.140227,238.4,2026-04-05 09:55:57
User_008,TRJ_User_008_008,28.521873,77.14231,211.6,2026-04-05 09:56:19
User_008,TRJ_User_008_008,28.523248,77.144782,230.6,2026-04-05 09:57:06
User_008,TRJ_User_008_008,28.524502,77.146644,255.2,2026-04-05 09:57:37
User_008,TRJ_User_008_008,28.525167,77.148564,253.8,2026-04-05 09:57:52
User_008,TRJ_User_008_008,28.526014,77.150529,218.1,2026-04-05 09:58:38
User_008,TRJ_User_008_008,28.527844,77.152687,232.6,2026-04-05 09:58:57
User_008,TRJ_User_008_008,28.529112,77.154285,205.8,2026-04-05 09:59:20
User_008,TRJ_User_008_008,28.529971,77.156125,202.6,2026-04-05 09:59:46
User_008,TRJ_User_008_008,28.531213,77.15832,258.9,2026-04-05 10:00:22
User_008,TRJ_User_008_008,28.533054,77.160135,203.2,2026-04-05 10:01:06
User_008,TRJ_User_008_008,28.534009,77.162224,202.7,2026-04-05 10:01:21
User_008,TRJ_User_008_008,28.53511,77.164379,212.9,2026-04-05 10:01:55
User_008,TRJ_User_008_008,28.536217,77.165947,220.8,2026-04-05 10:02:37
User_008,TRJ_User_008_008,28.537928,77.16737,215.4,2026-04-05 10:03:02
User_008,TRJ_User_008_008,28.538771,77.169114,203.0,2026-04-05 10:03:36
User_008,TRJ_User_008_008,28.540342,77.171384,225.4,2026-04-05 10:03:57
User_008,TRJ_User_008_008,28.541846,77.172844,208.5,2026-04-05 10:04:23
User_008,TRJ_User_008_008,28.54274,77.175278,227.0,2026-04-05 10:04:34
User_008,TRJ_User_008_008,28.543702,77.178406,205.8,2026-04-05 10:05:19
User_008,TRJ_User_008_008,28.544583,77.180691,248.7,2026-04-05 10:06:15
User_008,TRJ_User_008_008,28.545856,77.182943,210.0,2026-04-05 10:06:46
User_008,TRJ_User_008_008,28.546523,77.183475,258.6,2026-04-05 10:07:39
User_008,TRJ_User_008_008,28.547354,77.185411,215.2,2026-04-05 10:08:05
User_008,TRJ_User_008_008,28.54866,77.187492,252.3,2026-04-05 10:08:56
User_008,TRJ_User_008_008,28.54993,77.189264,227.1,2026-04-05 10:09:41
User_008,TRJ_User_008_008,28.550497,77.191666,209.5,2026-04-05 10:09:52
User_008,TRJ_User_008_008,28.551675,77.194017,220.9,2026-04-05 10:10:44
User_008,TRJ_User_008_009,28.527226,77.21777,229.8,2026-04-05 10:57:27
User_008,TRJ_User_008_009,28.526521,77.215123,223.7,2026-04-05 10:58:09
User_008,TRJ_User_008_009,28.526003,77.212509,243.1,2026-04-05 10:58:22
User_008,TRJ_User_008_009,28.524995,77.209556,217.8,2026-04-05 10:58:51
User_008,TRJ_User_008_009,28.524032,77.207484,239.2,2026-04-05 10:59:50
User_008,TRJ_User_008_009,28.523807,77.204582,210.5,2026-04-05 11:00:07
User_008,TRJ_User_008_009,28.522995,77.20181,203.5,2026-04-05 11:00:47
User_008,TRJ_User_008_009,28.522113,77.199276,251.1,2026-04-05 11:01:32
User_008,TRJ_User_008_009,28.522145,77.195477,212.5,2026-04-05 11:02:00
User_008,TRJ_User_008_009,28.521529,77.192984,228.9,2026-04-05 11:02:38
User_008,TRJ_User_008_009,28.521217,77.190612,238.9,2026-04-05 11:03:17
User_008,TRJ_User_008_009,28.520224,77.187677,217.9,2026-04-05 11:03:42
User_008,TRJ_User_008_009,28.519413,77.185447,214.0,2026-04-05 11:04:17
User_008,TRJ_User_008_009,28.519082,77.183171,248.9,2026-04-05 11:05:04
User_008,TRJ_User_008_009,28.519005,77.180499,230.3,2026-04-05 11:05:22
User_008,TRJ_User_008_009,28.518114,77.177914,215.3,2026-04-05 11:05:58
User_008,TRJ_User_008_009,28.516852,77.175197,211.0,2026-04-05 11:06:20
User_008,TRJ_User_008_009,28.516441,77.17233,225.8,2026-04-05 11:06:52
User_008,TRJ_User_008_009,28.515823,77.169742,254.5,2026-04-05 11:07:26
User_008,TRJ_User_008_009,28.515666,77.167149,206.7,2026-04-05 11:07:44
User_008,TRJ_User_008_009,28.515105,77.164627,214.9,2026-04-05 11:08:36
User_008,TRJ_User_008_009,28.51525,77.161883,238.0,2026-04-05 11:09:22
User_008,TRJ_User_008_009,28.514535,77.159963,244.9,2026-04-05 11:10:17
User_008,TRJ_User_008_009,28.513096,77.157006,245.3,2026-04-05 11:10:44
User_008,TRJ_User_008_009,28.511808,77.154446,245.6,2026-04-05 11:11:43
User_008,TRJ_User_008_009,28.510678,77.151604,242.6,2026-04-05 11:12:33
User_008,TRJ_User_008_009,28.510181,77.149663,223.1,2026-04-05 11:13:01
User_008,TRJ_User_008_009,28.509466,77.14737,218.9,2026-04-05 11:13:53
User_008,TRJ_User_008_009,28.509381,77.144367,210.7,2026-04-05 11:14:20
User_008,TRJ_User_008_009,28.509785,77.141672,221.8,2026-04-05 11:14:38
User_008,TRJ_User_008_009,28.509591,77.139106,230.9,2026-04-05 11:15:23
User_008,TRJ_User_008_009,28.508545,77.13698,208.8,2026-04-05 11:15:42
User_008,TRJ_User_008_009,28.507733,77.134269,218.6,2026-04-05 11:16:41
User_008,TRJ_User_008_009,28.506809,77.131695,239.1,2026-04-05 11:17:36
User_008,TRJ_User_008_009,28.506408,77.129035,243.4,2026-04-05 11:18:35
User_008,TRJ_User_008_009,28.505772,77.126679,249.9,2026-04-05 11:19:13
User_008,TRJ_User_008_009,28.50561,77.123327,200.7,2026-04-05 11:19:39
User_008,TRJ_User_008_009,28.505271,77.121994,242.5,2026-04-05 11:20:37
User_008,TRJ_User_008_009,28.504678,77.118788,212.2,2026-04-05 11:21:20
User_008,TRJ_User_008_009,28.5037,77.116169,235.2,2026-04-05 11:21:45
User_008,TRJ_User_008_009,28.502948,77.113738,253.9,2026-04-05 11:22:37
User_008,TRJ_User_008_009,28.502504,77.111418,207.9,2026-04-05 11:23:14
User_008,TRJ_User_008_009,28.501773,77.108821,251.3,2026-04-05 11:24:07
User_008,TRJ_User_008_009,28.500844,77.10611,246.1,2026-04-05 11:24:46
User_008,TRJ_User_008_009,28.499695,77.103957,222.6,2026-04-05 11:25:30
User_008,TRJ_User_008_009,28.498892,77.100611,241.7,2026-04-05 11:26:04
User_008,TRJ_User_008_009,28.498028,77.098314,226.8,2026-04-05 11:26:51
User_008,TRJ_User_008_009,28.497743,77.095586,230.6,2026-04-05 11:27:27
User_008,TRJ_User_008_009,28.497126,77.092724,204.2,2026-04-05 11:28:15
User_008,TRJ_User_008_009,28.496508,77.090566,237.3,2026-04-05 11:28:39
User_008,TRJ_User_008_010,28.49805,77.086904,235.5,2026-04-05 14:21:51
User_008,TRJ_User_008_010,28.500401,77.089164,239.3,2026-04-05 14:22:26
User_008,TRJ_User_008_010,28.502798,77.091517,236.7,2026-04-05 14:22:47
User_008,TRJ_User_008_010,28.505669,77.094581,220.9,2026-04-05 14:23:16
User_008,TRJ_User_008_010,28.508183,77.097317,221.7,2026-04-05 14:24:03
User_008,TRJ_User_008_010,28.510797,77.100093,222.0,2026-04-05 14:24:23
User_008,TRJ_User_008_010,28.512704,77.102458,240.9,2026-04-05 14:24:54
User_008,TRJ_User_008_010,28.515853,77.105079,204.8,2026-04-05 14:25:10
User_008,TRJ_User_008_010,28.518397,77.107762,254.2,2026-04-05 14:25:51
User_008,TRJ_User_008_010,28.519948,77.110136,219.9,2026-04-05 14:26:16
User_008,TRJ_User_008_010,28.52287,77.112305,247.7,2026-04-05 14:26:48
User_008,TRJ_User_008_010,28.525962,77.115336,225.5,2026-04-05 14:27:41
User_008,TRJ_User_008_010,28.528436,77.117788,220.5,2026-04-05 14:28:25
User_008,TRJ_User_008_010,28.530804,77.120245,202.4,2026-04-05 14:29:08
User_008,TRJ_User_008_010,28.532948,77.122344,211.7,2026-04-05 14:29:19
User_008,TRJ_User_008_010,28.535694,77.125427,243.8,2026-04-05 14:29:32
User_008,TRJ_User_008_010,28.538675,77.12805,208.1,2026-04-05 14:29:42
User_008,TRJ_User_008_010,28.541547,77.130657,205.0,2026-04-05 14:30:12
User_008,TRJ_User_008_010,28.544358,77.134041,216.4,2026-04-05 14:30:55
User_008,TRJ_User_008_010,28.546914,77.136501,253.4,2026-04-05 14:31:09
User_008,TRJ_User_008_010,28.550194,77.13938,244.4,2026-04-05 14:32:03
User_008,TRJ_User_008_010,28.552637,77.141619,242.0,2026-04-05 14:32:40
User_008,TRJ_User_008_010,28.555678,77.143937,228.4,2026-04-05 14:33:10
User_008,TRJ_User_008_010,28.559734,77.146889,202.4,2026-04-05 14:33:28
User_008,TRJ_User_008_010,28.562606,77.149453,206.0,2026-04-05 14:33:51
User_008,TRJ_User_008_010,28.56521,77.152256,209.6,2026-04-05 14:34:34
User_008,TRJ_User_008_010,28.567755,77.155225,200.5,2026-04-05 14:35:09
User_008,TRJ_User_008_010,28.570288,77.157662,237.2,2026-04-05 14:36:03
User_008,TRJ_User_008_010,28.572996,77.160008,232.9,2026-04-05 14:36:33
User_008,TRJ_User_008_010,28.575869,77.162711,220.2,2026-04-05 14:37:32
User_008,TRJ_User_008_010,28.578705,77.165242,240.7,2026-04-05 14:38:14
User_008,TRJ_User_008_010,28.581814,77.167848,251.9,2026-04-05 14:38:54
User_008,TRJ_User_008_010,28.585072,77.170542,218.0,2026-04-05 14:39:14
User_008,TRJ_User_008_010,28.587435,77.173301,217.5,2026-04-05 14:39:33
User_008,TRJ_User_008_010,28.589708,77.176521,244.9,2026-04-05 14:40:18
User_008,TRJ_User_008_010,28.59307,77.178721,245.4,2026-04-05 14:40:59
User_008,TRJ_User_008_010,28.596137,77.181201,248.2,2026-04-05 14:41:13
User_008,TRJ_User_008_010,28.598941,77.183334,250.1,2026-04-05 14:41:52
User_008,TRJ_User_008_010,28.602043,77.185816,229.0,2026-04-05 14:42:23
User_008,TRJ_User_008_010,28.604875,77.18784,243.1,2026-04-05 14:43:01
User_008,TRJ_User_008_010,28.60772,77.191542,231.4,2026-04-05 14:43:57
User_008,TRJ_User_008_010,28.61027,77.194291,234.4,2026-04-05 14:44:39
User_008,TRJ_User_008_010,28.612912,77.196804,217.1,2026-04-05 14:45:38
User_008,TRJ_User_008_010,28.6153,77.19952,212.2,2026-04-05 14:46:28
User_008,TRJ_User_008_010,28.616901,77.202018,234.0,2026-04-05 14:46:50
User_008,TRJ_User_008_010,28.619691,77.204795,204.6,2026-04-05 14:47:43
User_008,TRJ_User_008_010,28.622701,77.207574,202.0,2026-04-05 14:48:23
User_008,TRJ_User_008_010,28.625631,77.210264,214.3,2026-04-05 14:49:17
User_008,TRJ_User_008_010,28.628661,77.212109,236.9,2026-04-05 14:50:01
User_008,TRJ_User_008_010,28.630787,77.214925,208.6,2026-04-05 14:50:39
User_009,TRJ_User_009_001,28.632158,77.219229,206.2,2026-04-05 17:00:22
User_009,TRJ_User_009_001,28.63128,77.221873,240.1,2026-04-05 17:00:35
User_009,TRJ_User_009_001,28.630126,77.223378,257.6,2026-04-05 17:00:47
User_009,TRJ_User_009_001,28.628854,77.225775,217.4,2026-04-05 17:01:14
User_009,TRJ_User_009_001,28.627289,77.228255,220.0,2026-04-05 17:01:25
User_009,TRJ_User_009_001,28.625886,77.230146,215.2,2026-04-05 17:02:13
User_009,TRJ_User_009_001,28.624983,77.232693,254.8,2026-04-05 17:02:38
User_009,TRJ_User_009_001,28.623647,77.234587,200.4,2026-04-05 17:03:11
User_009,TRJ_User_009_001,28.622765,77.236699,239.1,2026-04-05 17:03:40
User_009,TRJ_User_009_001,28.621267,77.238684,216.7,2026-04-05 17:04:20
User_009,TRJ_User_009_001,28.619672,77.24057,231.6,2026-04-05 17:04:35
User_009,TRJ_User_009_001,28.618709,77.243129,219.3,2026-04-05 17:04:55
User_009,TRJ_User_009_001,28.617985,77.245156,246.2,2026-04-05 17:05:28
User_009,TRJ_User_009_001,28.616684,77.247099,212.4,2026-04-05 17:06:14
User_009,TRJ_User_009_001,28.615482,77.249514,241.9,2026-04-05 17:06:44
User_009,TRJ_User_009_001,28.614633,77.252117,257.5,2026-04-05 17:07:33
User_009,TRJ_User_009_001,28.613691,77.254253,208.7,2026-04-05 17:08:09
User_009,TRJ_User_009_001,28.612102,77.256739,222.3,2026-04-05 17:08:56
User_009,TRJ_User_009_001,28.610904,77.259148,218.4,2026-04-05 17:09:24
User_009,TRJ_User_009_001,28.610189,77.261526,220.0,2026-04-05 17:10:00
User_009,TRJ_User_009_001,28.609566,77.264059,217.7,2026-04-05 17:10:35
User_009,TRJ_User_009_001,28.608122,77.266202,257.9,2026-04-05 17:11:14
User_009,TRJ_User_009_001,28.606677,77.268683,225.6,2026-04-05 17:11:56
User_009,TRJ_User_009_001,28.605401,77.271032,224.0,2026-04-05 17:12:53
User_009,TRJ_User_009_001,28.603941,77.273872,218.8,2026-04-05 17:13:52
User_009,TRJ_User_009_001,28.602558,77.275128,211.8,2026-04-05 17:14:07
User_009,TRJ_User_009_001,28.600568,77.277155,213.3,2026-04-05 17:14:51
User_009,TRJ_User_009_001,28.598947,77.279084,216.1,2026-04-05 17:15:24
User_009,TRJ_User_009_001,28.597299,77.28084,207.1,2026-04-05 17:15:49
User_009,TRJ_User_009_001,28.596096,77.282636,205.9,2026-04-05 17:16:29
User_009,TRJ_User_009_001,28.594772,77.28493,209.8,2026-04-05 17:17:23
User_009,TRJ_User_009_001,28.593214,77.28701,231.4,2026-04-05 17:18:09
User_009,TRJ_User_009_001,28.592653,77.289097,250.0,2026-04-05 17:18:31
User_009,TRJ_User_009_001,28.591028,77.291141,201.0,2026-04-05 17:18:43
User_009,TRJ_User_009_001,28.589174,77.293184,215.8,2026-04-05 17:19:36
User_009,TRJ_User_009_001,28.588261,77.295388,235.8,2026-04-05 17:19:59
User_009,TRJ_User_009_001,28.586712,77.29761,257.0,2026-04-05 17:20:23
User_009,TRJ_User_009_001,28.585392,77.300119,248.6,2026-04-05 17:20:45
User_009,TRJ_User_009_001,28.584521,77.302613,246.2,2026-04-05 17:21:07
User_009,TRJ_User_009_001,28.583103,77.304247,246.6,2026-04-05 17:22:06
User_009,TRJ_User_009_001,28.581203,77.306493,209.3,2026-04-05 17:23:01
User_009,TRJ_User_009_001,28.579981,77.30805,236.4,2026-04-05 17:23:29
User_009,TRJ_User_009_001,28.578713,77.310993,253.1,2026-04-05 17:24:00
User_009,TRJ_User_009_001,28.577366,77.312894,230.4,2026-04-05 17:24:41
User_009,TRJ_User_009_001,28.576458,77.315386,223.3,2026-04-05 17:25:18
User_009,TRJ_User_009_001,28.575745,77.318069,248.2,2026-04-05 17:25:30
User_009,TRJ_User_009_001,28.574687,77.31953,219.2,2026-04-05 17:25:55
User_009,TRJ_User_009_001,28.573917,77.321696,231.4,2026-04-05 17:26:46
User_009,TRJ_User_009_001,28.572406,77.323788,221.7,2026-04-05 17:27:10
User_009,TRJ_User_009_001,28.571009,77.326595,206.6,2026-04-05 17:27:49
User_009,TRJ_User_009_002,28.56991,77.317814,243.1,2026-04-05 21:00:28
User_009,TRJ_User_009_002,28.569828,77.314808,214.4,2026-04-05 21:00:55
User_009,TRJ_User_009_002,28.569462,77.312809,236.6,2026-04-05 21:01:24
User_009,TRJ_User_009_002,28.568902,77.310044,228.6,2026-04-05 21:01:48
User_009,TRJ_User_009_002,28.568739,77.308267,217.7,2026-04-05 21:02:40
User_009,TRJ_User_009_002,28.568494,77.305663,200.1,2026-04-05 21:03:22
User_009,TRJ_User_009_002,28.568679,77.30297,256.4,2026-04-05 21:03:43
User_009,TRJ_User_009_002,28.56957,77.301405,243.5,2026-04-05 21:04:17
User_009,TRJ_User_009_002,28.568701,77.299113,241.9,2026-04-05 21:04:55
User_009,TRJ_User_009_002,28.56813,77.29675,230.2,2026-04-05 21:05:44
User_009,TRJ_User_009_002,28.567765,77.294525,228.9,2026-04-05 21:06:04
User_009,TRJ_User_009_002,28.567706,77.291762,236.6,2026-04-05 21:06:29
User_009,TRJ_User_009_002,28.566908,77.289649,215.8,2026-04-05 21:07:08
User_009,TRJ_User_009_002,28.566842,77.287687,247.5,2026-04-05 21:08:06
User_009,TRJ_User_009_002,28.566753,77.285951,222.0,2026-04-05 21:08:24
User_009,TRJ_User_009_002,28.566213,77.284678,238.5,2026-04-05 21:09:12
User_009,TRJ_User_009_002,28.566145,77.282793,209.3,2026-04-05 21:09:38
User_009,TRJ_User_009_002,28.566128,77.280362,249.1,2026-04-05 21:10:35
User_009,TRJ_User_009_002,28.565908,77.278426,233.9,2026-04-05 21:11:17
User_009,TRJ_User_009_002,28.565008,77.27628,212.2,2026-04-05 21:11:27
User_009,TRJ_User_009_002,28.564752,77.2743,220.5,2026-04-05 21:11:58
User_009,TRJ_User_009_002,28.564534,77.271894,214.5,2026-04-05 21:12:35
User_009,TRJ_User_009_002,28.563676,77.269611,245.4,2026-04-05 21:13:19
User_009,TRJ_User_009_002,28.563065,77.268139,246.8,2026-04-05 21:13:47
User_009,TRJ_User_009_002,28.56299,77.26503,202.3,2026-04-05 21:14:00
User_009,TRJ_User_009_002,28.562383,77.26318,258.9,2026-04-05 21:14:11
User_009,TRJ_User_009_002,28.561569,77.260721,213.2,2026-04-05 21:14:32
User_009,TRJ_User_009_002,28.561548,77.258652,203.9,2026-04-05 21:15:13
User_009,TRJ_User_009_002,28.561066,77.257528,203.9,2026-04-05 21:15:25
User_009,TRJ_User_009_002,28.560547,77.255512,236.9,2026-04-05 21:15:42
User_009,TRJ_User_009_002,28.559717,77.252936,213.8,2026-04-05 21:16:32
User_009,TRJ_User_009_002,28.559159,77.250131,226.8,2026-04-05 21:17:13
User_009,TRJ_User_009_002,28.559001,77.247816,210.7,2026-04-05 21:17:40
User_009,TRJ_User_009_002,28.558726,77.245668,219.0,2026-04-05 21:18:27
User_009,TRJ_User_009_002,28.558129,77.243306,204.9,2026-04-05 21:18:56
User_009,TRJ_User_009_002,28.557945,77.241209,244.8,2026-04-05 21:19:24
User_009,TRJ_User_009_002,28.557539,77.239108,241.6,2026-04-05 21:19:51
User_009,TRJ_User_009_002,28.556195,77.235703,219.1,2026-04-05 21:20:16
User_009,TRJ_User_009_002,28.555567,77.234061,225.2,2026-04-05 21:20:49
User_009,TRJ_User_009_002,28.554769,77.231701,219.1,2026-04-05 21:21:08
User_009,TRJ_User_009_002,28.554351,77.230201,221.6,2026-04-05 21:21:26
User_009,TRJ_User_009_002,28.553897,77.227503,236.6,2026-04-05 21:21:46
User_009,TRJ_User_009_002,28.553435,77.225194,259.0,2026-04-05 21:22:01
User_009,TRJ_User_009_002,28.55273,77.223236,228.5,2026-04-05 21:22:55
User_009,TRJ_User_009_002,28.551853,77.220865,212.1,2026-04-05 21:23:06
User_009,TRJ_User_009_002,28.551556,77.218739,208.7,2026-04-05 21:24:02
User_009,TRJ_User_009_002,28.551505,77.21646,230.1,2026-04-05 21:25:01
User_009,TRJ_User_009_002,28.550915,77.21436,227.2,2026-04-05 21:25:43
User_009,TRJ_User_009_002,28.55053,77.211269,228.8,2026-04-05 21:26:10
User_009,TRJ_User_009_002,28.550229,77.209774,249.2,2026-04-05 21:26:36
User_009,TRJ_User_009_003,28.631426,77.219509,234.9,2026-04-05 23:50:00
User_009,TRJ_User_009_003,28.629832,77.221888,251.2,2026-04-05 23:50:55
User_009,TRJ_User_009_003,28.628699,77.224365,215.7,2026-04-05 23:51:34
User_009,TRJ_User_009_003,28.626889,77.227211,226.5,2026-04-05 23:52:18
User_009,TRJ_User_009_003,28.62564,77.229679,233.7,2026-04-05 23:52:53
User_009,TRJ_User_009_003,28.624352,77.231698,241.7,2026-04-05 23:53:12
User_009,TRJ_User_009_003,28.62336,77.233538,257.3,2026-04-05 23:53:52
User_009,TRJ_User_009_003,28.623018,77.235758,223.7,2026-04-05 23:54:50
User_009,TRJ_User_009_003,28.622349,77.238452,224.4,2026-04-05 23:55:39
User_009,TRJ_User_009_003,28.621056,77.240809,231.1,2026-04-05 23:56:33
User_009,TRJ_User_009_003,28.619914,77.242562,205.3,2026-04-05 23:57:20
User_009,TRJ_User_009_003,28.619045,77.244995,229.6,2026-04-05 23:58:02
User_009,TRJ_User_009_003,28.617347,77.246579,240.6,2026-04-05 23:58:42
User_009,TRJ_User_009_003,28.616707,77.248474,255.3,2026-04-05 23:59:02
User_009,TRJ_User_009_003,28.615077,77.250474,241.4,2026-04-05 23:59:31
User_009,TRJ_User_009_003,28.614355,77.253256,233.2,2026-04-06 00:00:04
User_009,TRJ_User_009_003,28.61265,77.255479,252.7,2026-04-06 00:00:22
User_009,TRJ_User_009_003,28.611651,77.258046,254.3,2026-04-06 00:00:55
User_009,TRJ_User_009_003,28.610428,77.260276,206.5,2026-04-06 00:01:39
User_009,TRJ_User_009_003,28.609154,77.262121,205.9,2026-04-06 00:02:06
User_009,TRJ_User_009_003,28.607972,77.264189,230.1,2026-04-06 00:02:50
User_009,TRJ_User_009_003,28.606808,77.266423,244.0,2026-04-06 00:03:04
User_009,TRJ_User_009_003,28.605906,77.268077,233.5,2026-04-06 00:03:40
User_009,TRJ_User_009_003,28.604914,77.270074,229.9,2026-04-06 00:03:54
User_009,TRJ_User_009_003,28.603962,77.272623,211.0,2026-04-06 00:04:19
User_009,TRJ_User_009_003,28.60292,77.274981,250.9,2026-04-06 00:05:03
User_009,TRJ_User_009_003,28.601352,77.277287,230.4,2026-04-06 00:05:24
User_009,TRJ_User_009_003,28.599992,77.280121,259.2,2026-04-06 00:05:44
User_009,TRJ_User_009_003,28.598522,77.282258,221.7,2026-04-06 00:06:42
User_009,TRJ_User_009_003,28.597135,77.284422,236.5,2026-04-06 00:07:36
User_009,TRJ_User_009_003,28.59655,77.285806,257.0,2026-04-06 00:08:33
User_009,TRJ_User_009_003,28.595088,77.288261,255.9,2026-04-06 00:09:19
User_009,TRJ_User_009_003,28.59385,77.29054,228.1,2026-04-06 00:10:12
User_009,TRJ_User_009_003,28.592636,77.29275,226.7,2026-04-06 00:10:37
User_009,TRJ_User_009_003,28.591394,77.295588,227.7,2026-04-06 00:11:23
User_009,TRJ_User_009_003,28.58972,77.297765,227.1,2026-04-06 00:11:34
User_009,TRJ_User_009_003,28.588468,77.299408,249.4,2026-04-06 00:12:21
User_009,TRJ_User_009_003,28.586783,77.30167,215.8,2026-04-06 00:13:04
User_009,TRJ_User_009_003,28.585942,77.30345,208.8,2026-04-06 00:13:46
User_009,TRJ_User_009_003,28.584952,77.305256,203.7,2026-04-06 00:14:33
User_009,TRJ_User_009_003,28.583516,77.307377,212.0,2026-04-06 00:15:17
User_009,TRJ_User_009_003,28.582457,77.309523,259.4,2026-04-06 00:15:41
User_009,TRJ_User_009_003,28.58127,77.312137,252.7,2026-04-06 00:16:01
User_009,TRJ_User_009_003,28.58113,77.31453,201.1,2026-04-06 00:16:55
User_009,TRJ_User_009_003,28.580107,77.317137,252.6,2026-04-06 00:17:52
User_009,TRJ_User_009_003,28.5796,77.319574,205.1,2026-04-06 00:18:07
User_009,TRJ_User_009_003,28.578593,77.321733,228.4,2026-04-06 00:19:01
User_009,TRJ_User_009_003,28.577092,77.324042,235.5,2026-04-06 00:19:30
User_009,TRJ_User_009_003,28.575899,77.326299,230.6,2026-04-06 00:20:19
User_009,TRJ_User_009_003,28.574367,77.328838,217.3,2026-04-06 00:20:57
User_009,TRJ_User_009_004,28.571048,77.319955,238.5,2026-04-06 04:01:37
User_009,TRJ_User_009_004,28.570769,77.315391,209.5,2026-04-06 04:01:52
User_009,TRJ_User_009_004,28.570296,77.311878,258.3,2026-04-06 04:02:41
User_009,TRJ_User_009_004,28.570715,77.308375,211.6,2026-04-06 04:03:40
User_009,TRJ_User_009_004,28.570585,77.30403,251.9,2026-04-06 04:04:19
User_009,TRJ_User_009_004,28.569269,77.299483,217.7,2026-04-06 04:04:33
User_009,TRJ_User_009_004,28.56851,77.29509,236.5,2026-04-06 04:05:10
User_009,TRJ_User_009_004,28.568341,77.290843,226.1,2026-04-06 04:05:56
User_009,TRJ_User_009_004,28.568117,77.286802,209.9,2026-04-06 04:06:38
User_009,TRJ_User_009_004,28.56871,77.283043,228.8,2026-04-06 04:07:34
User_009,TRJ_User_009_004,28.568447,77.278896,224.1,2026-04-06 04:08:06
User_009,TRJ_User_009_004,28.568892,77.274845,234.2,2026-04-06 04:08:35
User_009,TRJ_User_009_004,28.568288,77.270094,201.4,2026-04-06 04:09:22
User_009,TRJ_User_009_004,28.568365,77.266392,216.2,2026-04-06 04:10:15
User_009,TRJ_User_009_004,28.567708,77.262719,234.5,2026-04-06 04:10:30
User_009,TRJ_User_009_004,28.567345,77.257872,224.3,2026-04-06 04:11:10
User_009,TRJ_User_009_004,28.566674,77.253898,209.8,2026-04-06 04:11:53
User_009,TRJ_User_009_004,28.566664,77.250026,250.5,2026-04-06 04:12:18
User_009,TRJ_User_009_004,28.566155,77.245578,201.2,2026-04-06 04:12:57
User_009,TRJ_User_009_004,28.565669,77.241382,226.3,2026-04-06 04:13:48
User_009,TRJ_User_009_004,28.565688,77.237507,200.8,2026-04-06 04:14:47
User_009,TRJ_User_009_004,28.565541,77.232592,240.0,2026-04-06 04:15:45
User_009,TRJ_User_009_004,28.565114,77.22849,214.2,2026-04-06 04:16:06
User_009,TRJ_User_009_004,28.564928,77.224068,214.5,2026-04-06 04:16:44
User_009,TRJ_User_009_004,28.5651,77.219968,211.9,2026-04-06 04:17:29
User_009,TRJ_User_009_004,28.564983,77.215985,201.5,2026-04-06 04:18:14
User_009,TRJ_User_009_004,28.564995,77.211966,215.3,2026-04-06 04:19:05
User_009,TRJ_User_009_004,28.564346,77.207585,257.4,2026-04-06 04:19:54
User_009,TRJ_User_009_004,28.563613,77.203596,209.7,2026-04-06 04:20:45
User_009,TRJ_User_009_004,28.563545,77.19937,209.7,2026-04-06 04:21:18
User_009,TRJ_User_009_004,28.563216,77.195434,219.9,2026-04-06 04:22:12
User_009,TRJ_User_009_004,28.56382,77.191149,250.9,2026-04-06 04:22:51
User_009,TRJ_User_009_004,28.56356,77.186367,239.7,2026-04-06 04:23:36
User_009,TRJ_User_009_004,28.56287,77.182214,242.9,2026-04-06 04:24:21
User_009,TRJ_User_009_004,28.562379,77.177698,239.2,2026-04-06 04:25:10
User_009,TRJ_User_009_004,28.56196,77.174276,201.7,2026-04-06 04:25:33
User_009,TRJ_User_009_004,28.561062,77.170032,203.2,2026-04-06 04:26:04
User_009,TRJ_User_009_004,28.560499,77.165698,232.7,2026-04-06 04:26:42
User_009,TRJ_User_009_004,28.560122,77.160951,221.2,2026-04-06 04:27:15
User_009,TRJ_User_009_004,28.559943,77.157226,213.7,2026-04-06 04:27:46
User_009,TRJ_User_009_004,28.559737,77.152514,209.5,2026-04-06 04:28:20
User_009,TRJ_User_009_004,28.559891,77.14754,256.6,2026-04-06 04:29:01
User_009,TRJ_User_009_004,28.559818,77.143086,253.2,2026-04-06 04:29:39
User_009,TRJ_User_009_004,28.55957,77.138242,224.4,2026-04-06 04:29:55
User_009,TRJ_User_009_004,28.559656,77.13379,234.7,2026-04-06 04:30:14
User_009,TRJ_User_009_004,28.559199,77.129693,209.4,2026-04-06 04:31:03
User_009,TRJ_User_009_004,28.559258,77.125364,228.9,2026-04-06 04:32:01
User_009,TRJ_User_009_004,28.559205,77.121182,246.5,2026-04-06 04:32:33
User_009,TRJ_User_009_004,28.558637,77.117591,241.7,2026-04-06 04:33:06
User_009,TRJ_User_009_004,28.558614,77.113527,234.4,2026-04-06 04:33:37
User_009,TRJ_User_009_005,28.630198,77.222016,222.8,2026-04-06 07:40:16
User_009,TRJ_User_009_005,28.628566,77.223476,254.6,2026-04-06 07:40:46
User_009,TRJ_User_009_005,28.627281,77.225744,214.5,2026-04-06 07:41:16
User_009,TRJ_User_009_005,28.625992,77.227768,222.2,2026-04-06 07:41:53
User_009,TRJ_User_009_005,28.625114,77.229905,206.9,2026-04-06 07:42:17
User_009,TRJ_User_009_005,28.623934,77.232298,239.5,2026-04-06 07:42:45
User_009,TRJ_User_009_005,28.622241,77.233979,238.9,2026-04-06 07:43:41
User_009,TRJ_User_009_005,28.620578,77.23609,249.2,2026-04-06 07:44:16
User_009,TRJ_User_009_005,28.619167,77.238224,203.5,2026-04-06 07:45:13
User_009,TRJ_User_009_005,28.61777,77.241181,257.9,2026-04-06 07:45:27
User_009,TRJ_User_009_005,28.616679,77.243048,210.9,2026-04-06 07:45:47
User_009,TRJ_User_009_005,28.614706,77.24571,218.4,2026-04-06 07:46:45
User_009,TRJ_User_009_005,28.613981,77.247992,239.0,2026-04-06 07:46:58
User_009,TRJ_User_009_005,28.612889,77.250303,219.4,2026-04-06 07:47:09
User_009,TRJ_User_009_005,28.61132,77.25214,203.0,2026-04-06 07:47:54
User_009,TRJ_User_009_005,28.609778,77.254239,215.7,2026-04-06 07:48:31
User_009,TRJ_User_009_005,28.608109,77.256272,202.9,2026-04-06 07:48:55
User_009,TRJ_User_009_005,28.606932,77.25832,232.3,2026-04-06 07:49:27
User_009,TRJ_User_009_005,28.605904,77.260088,245.1,2026-04-06 07:50:16
User_009,TRJ_User_009_005,28.604615,77.262774,208.9,2026-04-06 07:51:04
User_009,TRJ_User_009_005,28.603391,77.264447,209.2,2026-04-06 07:51:38
User_009,TRJ_User_009_005,28.602639,77.266509,242.5,2026-04-06 07:52:06
User_009,TRJ_User_009_005,28.602027,77.267976,222.1,2026-04-06 07:52:26
User_009,TRJ_User_009_005,28.601497,77.270236,237.3,2026-04-06 07:53:00
User_009,TRJ_User_009_005,28.600003,77.272124,236.6,2026-04-06 07:53:21
User_009,TRJ_User_009_005,28.59833,77.274927,228.3,2026-04-06 07:53:53
User_009,TRJ_User_009_005,28.597181,77.277026,221.4,2026-04-06 07:54:43
User_009,TRJ_User_009_005,28.595464,77.279272,239.8,2026-04-06 07:55:38
User_009,TRJ_User_009_005,28.595526,77.281565,201.4,2026-04-06 07:56:17
User_009,TRJ_User_009_005,28.594339,77.284112,253.4,2026-04-06 07:56:37
User_009,TRJ_User_009_005,28.593106,77.285945,216.2,2026-04-06 07:57:05
User_009,TRJ_User_009_005,28.592087,77.288148,250.1,2026-04-06 07:57:36
User_009,TRJ_User_009_005,28.591065,77.290588,230.5,2026-04-06 07:58:25
User_009,TRJ_User_009_005,28.589431,77.293051,248.6,2026-04-06 07:58:56
User_009,TRJ_User_009_005,28.588671,77.295152,229.5,2026-04-06 07:59:51
User_009,TRJ_User_009_005,28.587687,77.298075,252.9,2026-04-06 08:00:12
User_009,TRJ_User_009_005,28.586638,77.300135,248.3,2026-04-06 08:00:42
User_009,TRJ_User_009_005,28.585614,77.302442,242.5,2026-04-06 08:01:31
User_009,TRJ_User_009_005,28.585142,77.304796,208.3,2026-04-06 08:01:44
User_009,TRJ_User_009_005,28.583619,77.307178,240.1,2026-04-06 08:02:20
User_009,TRJ_User_009_005,28.582118,77.309978,243.0,2026-04-06 08:02:38
User_009,TRJ_User_009_005,28.580267,77.312671,203.4,2026-04-06 08:03:04
User_009,TRJ_User_009_005,28.578475,77.314461,229.9,2026-04-06 08:03:54
User_009,TRJ_User_009_005,28.57639,77.316202,214.4,2026-04-06 08:04:16
User_009,TRJ_User_009_005,28.575668,77.318145,258.9,2026-04-06 08:05:13
User_009,TRJ_User_009_005,28.574312,77.319917,232.8,2026-04-06 08:06:10
User_009,TRJ_User_009_005,28.572857,77.320935,218.2,2026-04-06 08:07:00
User_009,TRJ_User_009_005,28.571068,77.323043,242.7,2026-04-06 08:07:45
User_009,TRJ_User_009_005,28.569804,77.324987,237.4,2026-04-06 08:08:12
User_009,TRJ_User_009_005,28.569252,77.327125,211.6,2026-04-06 08:09:10
User_009,TRJ_User_009_006,28.565895,77.326134,254.9,2026-04-06 09:07:25
User_009,TRJ_User_009_006,28.566724,77.326557,200.1,2026-04-06 09:07:57
User_009,TRJ_User_009_006,28.566375,77.32636,241.2,2026-04-06 09:08:24
User_009,TRJ_User_009_006,28.56696,77.326526,235.2,2026-04-06 09:09:06
User_009,TRJ_User_009_006,28.566281,77.325928,230.3,2026-04-06 09:09:36
User_009,TRJ_User_009_006,28.566071,77.325788,250.1,2026-04-06 09:09:58
User_009,TRJ_User_009_006,28.566111,77.325572,243.3,2026-04-06 09:10:23
User_009,TRJ_User_009_006,28.565881,77.3254,201.1,2026-04-06 09:10:56
User_009,TRJ_User_009_006,28.565917,77.325759,210.0,2026-04-06 09:11:36
User_009,TRJ_User_009_006,28.565751,77.326435,245.1,2026-04-06 09:12:30
User_009,TRJ_User_009_006,28.566072,77.326673,240.9,2026-04-06 09:13:12
User_009,TRJ_User_009_006,28.566689,77.325961,208.5,2026-04-06 09:14:10
User_009,TRJ_User_009_006,28.567506,77.325699,234.1,2026-04-06 09:14:25
User_009,TRJ_User_009_006,28.567811,77.325913,243.9,2026-04-06 09:15:12
User_009,TRJ_User_009_006,28.567854,77.325655,259.3,2026-04-06 09:15:48
User_009,TRJ_User_009_006,28.56769,77.325847,254.8,2026-04-06 09:16:28
User_009,TRJ_User_009_006,28.56729,77.325787,243.8,2026-04-06 09:17:24
User_009,TRJ_User_009_006,28.568036,77.326576,246.1,2026-04-06 09:17:46
User_009,TRJ_User_009_006,28.568953,77.326358,221.3,2026-04-06 09:18:36
User_009,TRJ_User_009_006,28.569342,77.325626,243.3,2026-04-06 09:19:05
User_009,TRJ_User_009_006,28.56895,77.325387,231.2,2026-04-06 09:19:50
User_009,TRJ_User_009_006,28.56909,77.325128,241.3,2026-04-06 09:20:12
User_009,TRJ_User_009_006,28.569288,77.324679,223.0,2026-04-06 09:21:05
User_009,TRJ_User_009_006,28.569281,77.324786,229.2,2026-04-06 09:22:04
User_009,TRJ_User_009_006,28.568985,77.324626,221.0,2026-04-06 09:22:42
User_009,TRJ_User_009_006,28.569234,77.324106,244.5,2026-04-06 09:23:14
User_009,TRJ_User_009_006,28.568892,77.324453,204.0,2026-04-06 09:23:27
User_009,TRJ_User_009_006,28.56889,77.32435,218.9,2026-04-06 09:24:05
User_009,TRJ_User_009_006,28.568974,77.324338,205.8,2026-04-06 09:24:47
User_009,TRJ_User_009_006,28.569305,77.324629,220.1,2026-04-06 09:25:08
User_009,TRJ_User_009_006,28.569299,77.324484,210.3,2026-04-06 09:25:21
User_009,TRJ_User_009_006,28.569716,77.324692,216.6,2026-04-06 09:26:20
User_009,TRJ_User_009_006,28.569789,77.325136,225.8,2026-04-06 09:27:12
User_009,TRJ_User_009_006,28.569574,77.324463,218.1,2026-04-06 09:27:46
User_009,TRJ_User_009_006,28.569628,77.323933,214.1,2026-04-06 09:28:27
User_009,TRJ_User_009_006,28.569803,77.324778,205.4,2026-04-06 09:28:44
User_009,TRJ_User_009_006,28.569778,77.32464,230.7,2026-04-06 09:28:56
User_009,TRJ_User_009_006,28.570327,77.325117,208.9,2026-04-06 09:29:24
User_009,TRJ_User_009_006,28.570752,77.324762,257.0,2026-04-06 09:29:53
User_009,TRJ_User_009_006,28.570693,77.324664,228.5,2026-04-06 09:30:40
User_009,TRJ_User_009_006,28.570717,77.324334,249.2,2026-04-06 09:31:34
User_009,TRJ_User_009_006,28.570748,77.324386,255.3,2026-04-06 09:32:04
User_009,TRJ_User_009_006,28.570698,77.32403,230.6,2026-04-06 09:32:43
User_009,TRJ_User_009_006,28.570893,77.323783,200.8,2026-04-06 09:33:16
User_009,TRJ_User_009_006,28.571286,77.324307,211.3,2026-04-06 09:33:52
User_009,TRJ_User_009_006,28.571295,77.324711,239.3,2026-04-06 09:34:11
User_009,TRJ_User_009_006,28.57141,77.325104,244.3,2026-04-06 09:34:54
User_009,TRJ_User_009_006,28.571892,77.324951,228.1,2026-04-06 09:35:11
User_009,TRJ_User_009_006,28.572577,77.324759,223.7,2026-04-06 09:35:45
User_009,TRJ_User_009_006,28.572367,77.325202,247.9,2026-04-06 09:36:29
User_009,TRJ_User_009_007,28.628113,77.216428,253.3,2026-04-06 11:47:10
User_009,TRJ_User_009_007,28.627381,77.218937,230.1,2026-04-06 11:48:08
User_009,TRJ_User_009_007,28.62599,77.221772,260.0,2026-04-06 11:48:28
User_009,TRJ_User_009_007,28.624542,77.224265,223.1,2026-04-06 11:49:06
User_009,TRJ_User_009_007,28.623116,77.227423,248.6,2026-04-06 11:49:58
User_009,TRJ_User_009_007,28.622198,77.230078,226.2,2026-04-06 11:50:47
User_009,TRJ_User_009_007,28.621138,77.232459,255.6,2026-04-06 11:51:02
User_009,TRJ_User_009_007,28.620398,77.235235,256.8,2026-04-06 11:51:24
User_009,TRJ_User_009_007,28.618918,77.237353,219.4,2026-04-06 11:51:46
User_009,TRJ_User_009_007,28.617876,77.239397,242.9,2026-04-06 11:52:09
User_009,TRJ_User_009_007,28.616887,77.24203,242.6,2026-04-06 11:53:00
User_009,TRJ_User_009_007,28.61569,77.243815,218.3,2026-04-06 11:53:53
User_009,TRJ_User_009_007,28.614653,77.246522,239.7,2026-04-06 11:54:39
User_009,TRJ_User_009_007,28.613493,77.248633,206.0,2026-04-06 11:54:51
User_009,TRJ_User_009_007,28.611426,77.251119,245.7,2026-04-06 11:55:32
User_009,TRJ_User_009_007,28.609967,77.253713,230.0,2026-04-06 11:55:59
User_009,TRJ_User_009_007,28.608831,77.256271,241.8,2026-04-06 11:56:56
User_009,TRJ_User_009_007,28.607765,77.258135,222.5,2026-04-06 11:57:47
User_009,TRJ_User_009_007,28.605817,77.260798,239.2,2026-04-06 11:58:27
User_009,TRJ_User_009_007,28.604668,77.263114,203.3,2026-04-06 11:58:56
User_009,TRJ_User_009_007,28.602967,77.265761,222.3,2026-04-06 11:59:53
User_009,TRJ_User_009_007,28.601914,77.26842,205.0,2026-04-06 12:00:27
User_009,TRJ_User_009_007,28.600718,77.270696,249.9,2026-04-06 12:01:14
User_009,TRJ_User_009_007,28.599821,77.272636,242.4,2026-04-06 12:02:08
User_009,TRJ_User_009_007,28.599316,77.275212,213.2,2026-04-06 12:02:48
User_009,TRJ_User_009_007,28.598097,77.277785,205.7,2026-04-06 12:03:14
User_009,TRJ_User_009_007,28.597242,77.28036,200.6,2026-04-06 12:03:52
User_009,TRJ_User_009_007,28.596563,77.282541,216.2,2026-04-06 12:04:09
User_009,TRJ_User_009_007,28.595722,77.28439,208.6,2026-04-06 12:04:53
User_009,TRJ_User_009_007,28.593757,77.286645,253.8,2026-04-06 12:05:36
User_009,TRJ_User_009_007,28.592674,77.288402,239.8,2026-04-06 12:06:25
User_009,TRJ_User_009_007,28.591424,77.290734,213.5,2026-04-06 12:06:53
User_009,TRJ_User_009_007,28.590203,77.293114,241.6,2026-04-06 12:07:22
User_009,TRJ_User_009_007,28.589225,77.295832,208.1,2026-04-06 12:08:19
User_009,TRJ_User_009_007,28.588176,77.298589,206.5,2026-04-06 12:08:53
User_009,TRJ_User_009_007,28.587168,77.300602,255.8,2026-04-06 12:09:15
User_009,TRJ_User_009_007,28.585252,77.302114,254.3,2026-04-06 12:09:39
User_009,TRJ_User_009_007,28.584061,77.30444,237.7,2026-04-06 12:10:05
User_009,TRJ_User_009_007,28.583642,77.306555,259.7,2026-04-06 12:10:35
User_009,TRJ_User_009_007,28.582239,77.309157,207.6,2026-04-06 12:11:30
User_009,TRJ_User_009_007,28.580591,77.311727,212.2,2026-04-06 12:11:49
User_009,TRJ_User_009_007,28.579581,77.313641,222.4,2026-04-06 12:12:34
User_009,TRJ_User_009_007,28.578665,77.316041,212.9,2026-04-06 12:13:32
User_009,TRJ_User_009_007,28.578232,77.319165,205.3,2026-04-06 12:13:54
User_009,TRJ_User_009_007,28.577068,77.320755,248.0,2026-04-06 12:14:53
User_009,TRJ_User_009_007,28.57648,77.322656,223.7,2026-04-06 12:15:30
User_009,TRJ_User_009_007,28.575912,77.324646,250.9,2026-04-06 12:16:15
User_009,TRJ_User_009_007,28.575195,77.327,248.8,2026-04-06 12:16:43
User_009,TRJ_User_009_007,28.573764,77.328998,231.1,2026-04-06 12:17:06
User_009,TRJ_User_009_007,28.572485,77.330801,256.0,2026-04-06 12:17:47
User_009,TRJ_User_009_008,28.5745,77.319256,220.1,2026-04-06 15:50:45
User_009,TRJ_User_009_008,28.574218,77.315379,202.8,2026-04-06 15:51:31
User_009,TRJ_User_009_008,28.573873,77.311786,229.4,2026-04-06 15:51:43
User_009,TRJ_User_009_008,28.573566,77.308061,215.9,2026-04-06 15:52:23
User_009,TRJ_User_009_008,28.573352,77.303906,243.5,2026-04-06 15:52:52
User_009,TRJ_User_009_008,28.57333,77.30016,239.1,2026-04-06 15:53:40
User_009,TRJ_User_009_008,28.573418,77.296123,237.6,2026-04-06 15:54:34
User_009,TRJ_User_009_008,28.574121,77.292082,237.8,2026-04-06 15:54:56
User_009,TRJ_User_009_008,28.573314,77.287548,242.0,2026-04-06 15:55:26
User_009,TRJ_User_009_008,28.572949,77.28322,216.1,2026-04-06 15:56:15
User_009,TRJ_User_009_008,28.573068,77.279475,211.3,2026-04-06 15:56:52
User_009,TRJ_User_009_008,28.57285,77.276078,219.5,2026-04-06 15:57:09
User_009,TRJ_User_009_008,28.572068,77.272398,220.0,2026-04-06 15:57:20
User_009,TRJ_User_009_008,28.571825,77.268022,219.5,2026-04-06 15:57:34
User_009,TRJ_User_009_008,28.571378,77.263947,223.7,2026-04-06 15:58:00
User_009,TRJ_User_009_008,28.571348,77.259903,212.5,2026-04-06 15:58:56
User_009,TRJ_User_009_008,28.570615,77.25549,227.8,2026-04-06 15:59:53
User_009,TRJ_User_009_008,28.56951,77.251591,241.6,2026-04-06 16:00:50
User_009,TRJ_User_009_008,28.568908,77.246397,257.6,2026-04-06 16:01:02
User_009,TRJ_User_009_008,28.568727,77.242526,209.2,2026-04-06 16:01:41
User_009,TRJ_User_009_008,28.56854,77.23855,218.2,2026-04-06 16:02:05
User_009,TRJ_User_009_008,28.567434,77.234225,218.6,2026-04-06 16:02:28
User_009,TRJ_User_009_008,28.566944,77.23108,249.6,2026-04-06 16:02:51
User_009,TRJ_User_009_008,28.566397,77.227018,204.0,2026-04-06 16:03:43
User_009,TRJ_User_009_008,28.56649,77.222791,229.4,2026-04-06 16:04:32
User_009,TRJ_User_009_008,28.565674,77.218734,241.5,2026-04-06 16:04:54
User_009,TRJ_User_009_008,28.565537,77.215171,250.4,2026-04-06 16:05:48
User_009,TRJ_User_009_008,28.564738,77.210981,232.5,2026-04-06 16:06:00
User_009,TRJ_User_009_008,28.56433,77.207156,231.7,2026-04-06 16:06:20
User_009,TRJ_User_009_008,28.563327,77.203488,234.4,2026-04-06 16:06:59
User_009,TRJ_User_009_008,28.563438,77.199362,213.0,2026-04-06 16:07:14
User_009,TRJ_User_009_008,28.563214,77.19511,226.4,2026-04-06 16:07:30
User_009,TRJ_User_009_008,28.562649,77.191237,243.3,2026-04-06 16:08:26
User_009,TRJ_User_009_008,28.562671,77.186819,255.3,2026-04-06 16:09:10
User_009,TRJ_User_009_008,28.562384,77.183546,227.9,2026-04-06 16:09:52
User_009,TRJ_User_009_008,28.561411,77.179609,244.7,2026-04-06 16:10:47
User_009,TRJ_User_009_008,28.561404,77.175718,232.1,2026-04-06 16:11:31
User_009,TRJ_User_009_008,28.560422,77.171192,249.0,2026-04-06 16:12:21
User_009,TRJ_User_009_008,28.560236,77.167075,259.0,2026-04-06 16:13:07
User_009,TRJ_User_009_008,28.559721,77.162623,220.2,2026-04-06 16:13:45
User_009,TRJ_User_009_008,28.559375,77.15795,250.9,2026-04-06 16:14:30
User_009,TRJ_User_009_008,28.558647,77.154719,243.5,2026-04-06 16:15:15
User_009,TRJ_User_009_008,28.558246,77.151045,216.6,2026-04-06 16:15:29
User_009,TRJ_User_009_008,28.557922,77.146001,219.7,2026-04-06 16:15:58
User_009,TRJ_User_009_008,28.557228,77.14237,233.7,2026-04-06 16:16:10
User_009,TRJ_User_009_008,28.557635,77.138091,227.9,2026-04-06 16:17:01
User_009,TRJ_User_009_008,28.557311,77.133773,217.7,2026-04-06 16:17:46
User_009,TRJ_User_009_008,28.556673,77.12998,213.4,2026-04-06 16:18:42
User_009,TRJ_User_009_008,28.556933,77.126146,201.9,2026-04-06 16:19:41
User_009,TRJ_User_009_008,28.556887,77.121945,247.3,2026-04-06 16:20:15
User_009,TRJ_User_009_009,28.634133,77.216332,247.1,2026-04-06 19:04:01
User_009,TRJ_User_009_009,28.63328,77.218523,205.4,2026-04-06 19:05:00
User_009,TRJ_User_009_009,28.631437,77.220723,206.0,2026-04-06 19:05:40
User_009,TRJ_User_009_009,28.630087,77.222558,249.1,2026-04-06 19:05:57
User_009,TRJ_User_009_009,28.629588,77.224251,246.6,2026-04-06 19:06:23
User_009,TRJ_User_009_009,28.627951,77.226537,228.2,2026-04-06 19:06:50
User_009,TRJ_User_009_009,28.62693,77.228918,252.4,2026-04-06 19:07:31
User_009,TRJ_User_009_009,28.625985,77.230636,203.3,2026-04-06 19:08:06
User_009,TRJ_User_009_009,28.624076,77.23269,249.1,2026-04-06 19:08:54
User_009,TRJ_User_009_009,28.622472,77.235496,212.8,2026-04-06 19:09:05
User_009,TRJ_User_009_009,28.622271,77.237577,253.8,2026-04-06 19:09:57
User_009,TRJ_User_009_009,28.620274,77.23913,209.7,2026-04-06 19:10:35
User_009,TRJ_User_009_009,28.618854,77.241289,257.2,2026-04-06 19:10:52
User_009,TRJ_User_009_009,28.616323,77.243673,210.5,2026-04-06 19:11:30
User_009,TRJ_User_009_009,28.614159,77.245652,215.9,2026-04-06 19:12:21
User_009,TRJ_User_009_009,28.613193,77.248019,232.1,2026-04-06 19:12:33
User_009,TRJ_User_009_009,28.611537,77.250756,240.1,2026-04-06 19:12:43
User_009,TRJ_User_009_009,28.610066,77.252758,246.4,2026-04-06 19:13:38
User_009,TRJ_User_009_009,28.608842,77.255406,238.8,2026-04-06 19:14:37
User_009,TRJ_User_009_009,28.607693,77.25827,254.0,2026-04-06 19:15:06
User_009,TRJ_User_009_009,28.605535,77.260153,247.0,2026-04-06 19:15:52
User_009,TRJ_User_009_009,28.603857,77.262743,256.9,2026-04-06 19:16:46
User_009,TRJ_User_009_009,28.602796,77.264344,203.5,2026-04-06 19:17:17
User_009,TRJ_User_009_009,28.601137,77.267018,234.5,2026-04-06 19:17:30
User_009,TRJ_User_009_009,28.599691,77.269247,220.8,2026-04-06 19:18:12
User_009,TRJ_User_009_009,28.598376,77.272119,218.6,2026-04-06 19:18:30
User_009,TRJ_User_009_009,28.596886,77.27427,200.3,2026-04-06 19:19:02
User_009,TRJ_User_009_009,28.595491,77.276809,212.6,2026-04-06 19:19:51
User_009,TRJ_User_009_009,28.593836,77.279585,244.1,2026-04-06 19:20:22
User_009,TRJ_User_009_009,28.592436,77.281602,227.8,2026-04-06 19:21:12
User_009,TRJ_User_009_009,28.592184,77.284012,222.3,2026-04-06 19:21:52
User_009,TRJ_User_009_009,28.591292,77.287005,206.8,2026-04-06 19:22:24
User_009,TRJ_User_009_009,28.589961,77.290079,246.9,2026-04-06 19:22:34
User_009,TRJ_User_009_009,28.588656,77.292215,249.2,2026-04-06 19:22:47
User_009,TRJ_User_009_009,28.587136,77.294751,225.8,2026-04-06 19:22:57
User_009,TRJ_User_009_009,28.585812,77.297777,221.3,2026-04-06 19:23:19
User_009,TRJ_User_009_009,28.584189,77.299974,218.5,2026-04-06 19:23:54
User_009,TRJ_User_009_009,28.582977,77.302037,202.8,2026-04-06 19:24:50
User_009,TRJ_User_009_009,28.581846,77.303776,245.3,2026-04-06 19:25:49
User_009,TRJ_User_009_009,28.580588,77.305893,224.7,2026-04-06 19:26:43
User_009,TRJ_User_009_009,28.580046,77.308141,213.1,2026-04-06 19:26:59
User_009,TRJ_User_009_009,28.578849,77.310532,250.8,2026-04-06 19:27:10
User_009,TRJ_User_009_009,28.577883,77.312786,211.9,2026-04-06 19:27:58
User_009,TRJ_User_009_009,28.576837,77.315692,230.0,2026-04-06 19:28:17
User_009,TRJ_User_009_009,28.575005,77.317875,235.1,2026-04-06 19:28:54
User_009,TRJ_User_009_009,28.573891,77.320019,225.8,2026-04-06 19:29:27
User_009,TRJ_User_009_009,28.572967,77.322107,242.1,2026-04-06 19:29:57
User_009,TRJ_User_009_009,28.571531,77.323844,210.2,2026-04-06 19:30:51
User_009,TRJ_User_009_009,28.570168,77.326139,239.6,2026-04-06 19:31:35
User_009,TRJ_User_009_009,28.569219,77.328262,238.6,2026-04-06 19:32:22
User_009,TRJ_User_009_010,28.570875,77.323923,239.7,2026-04-06 22:28:12
User_009,TRJ_User_009_010,28.569972,77.321655,257.9,2026-04-06 22:28:28
User_009,TRJ_User_009_010,28.569441,77.318793,200.9,2026-04-06 22:29:24
User_009,TRJ_User_009_010,28.569308,77.316422,248.2,2026-04-06 22:29:38
User_009,TRJ_User_009_010,28.569362,77.313703,223.2,2026-04-06 22:30:29
User_009,TRJ_User_009_010,28.568888,77.311191,251.5,2026-04-06 22:31:20
User_009,TRJ_User_009_010,28.569127,77.30849,240.9,2026-04-06 22:31:36
User_009,TRJ_User_009_010,28.568863,77.305513,238.6,2026-04-06 22:31:59
User_009,TRJ_User_009_010,28.568026,77.302895,206.3,2026-04-06 22:32:12
User_009,TRJ_User_009_010,28.567859,77.300414,220.7,2026-04-06 22:32:25
User_009,TRJ_User_009_010,28.567036,77.298002,200.1,2026-04-06 22:33:21
User_009,TRJ_User_009_010,28.566903,77.295507,220.0,2026-04-06 22:34:10
User_009,TRJ_User_009_010,28.566205,77.292957,244.5,2026-04-06 22:34:56
User_009,TRJ_User_009_010,28.565366,77.290911,210.8,2026-04-06 22:35:37
User_009,TRJ_User_009_010,28.56507,77.288827,258.9,2026-04-06 22:35:58
User_009,TRJ_User_009_010,28.563974,77.285633,219.1,2026-04-06 22:36:30
User_009,TRJ_User_009_010,28.563181,77.28347,242.3,2026-04-06 22:37:25
User_009,TRJ_User_009_010,28.562818,77.280933,240.4,2026-04-06 22:37:51
User_009,TRJ_User_009_010,28.56205,77.278105,203.6,2026-04-06 22:38:31
User_009,TRJ_User_009_010,28.561637,77.276431,201.8,2026-04-06 22:39:08
User_009,TRJ_User_009_010,28.561051,77.27339,207.1,2026-04-06 22:39:56
User_009,TRJ_User_009_010,28.561027,77.271318,205.6,2026-04-06 22:40:21
User_009,TRJ_User_009_010,28.561352,77.268409,256.2,2026-04-06 22:40:42
User_009,TRJ_User_009_010,28.56159,77.265685,239.3,2026-04-06 22:41:23
User_009,TRJ_User_009_010,28.560858,77.263423,249.7,2026-04-06 22:41:58
User_009,TRJ_User_009_010,28.560441,77.26122,242.3,2026-04-06 22:42:53
User_009,TRJ_User_009_010,28.560266,77.258996,202.2,2026-04-06 22:43:05
User_009,TRJ_User_009_010,28.559791,77.256507,218.5,2026-04-06 22:43:27
User_009,TRJ_User_009_010,28.559689,77.253478,236.5,2026-04-06 22:44:23
User_009,TRJ_User_009_010,28.558878,77.250259,246.3,2026-04-06 22:44:44
User_009,TRJ_User_009_010,28.557758,77.248141,227.6,2026-04-06 22:45:39
User_009,TRJ_User_009_010,28.557228,77.245579,258.9,2026-04-06 22:46:24
User_009,TRJ_User_009_010,28.557268,77.24291,232.8,2026-04-06 22:46:51
User_009,TRJ_User_009_010,28.557172,77.240717,230.0,2026-04-06 22:47:22
User_009,TRJ_User_009_010,28.556944,77.238568,250.3,2026-04-06 22:48:08
User_009,TRJ_User_009_010,28.55621,77.235118,217.9,2026-04-06 22:48:20
User_009,TRJ_User_009_010,28.55524,77.233183,237.6,2026-04-06 22:49:12
User_009,TRJ_User_009_010,28.555888,77.231459,236.0,2026-04-06 22:49:46
User_009,TRJ_User_009_010,28.555835,77.228076,256.5,2026-04-06 22:50:28
User_009,TRJ_User_009_010,28.555392,77.225696,256.3,2026-04-06 22:50:48
User_009,TRJ_User_009_010,28.555571,77.22347,219.3,2026-04-06 22:51:12
User_009,TRJ_User_009_010,28.555941,77.221061,250.1,2026-04-06 22:52:09
User_009,TRJ_User_009_010,28.555282,77.218582,206.1,2026-04-06 22:52:58
User_009,TRJ_User_009_010,28.554578,77.216887,233.2,2026-04-06 22:53:18
User_009,TRJ_User_009_010,28.554375,77.214605,201.3,2026-04-06 22:53:46
User_009,TRJ_User_009_010,28.554122,77.212128,202.9,2026-04-06 22:54:31
User_009,TRJ_User_009_010,28.553594,77.209726,227.4,2026-04-06 22:55:07
User_009,TRJ_User_009_010,28.553311,77.206279,203.2,2026-04-06 22:55:48
User_009,TRJ_User_009_010,28.552703,77.202925,253.7,2026-04-06 22:56:14
User_009,TRJ_User_009_010,28.552385,77.200909,211.4,2026-04-06 22:56:31
User_010,TRJ_User_010_001,28.490811,77.091745,232.5,2026-04-01 18:00:45
User_010,TRJ_User_010_001,28.492628,77.094113,204.1,2026-04-01 18:01:41
User_010,TRJ_User_010_001,28.49407,77.096587,201.3,2026-04-01 18:02:34
User_010,TRJ_User_010_001,28.495245,77.098893,257.0,2026-04-01 18:03:13
User_010,TRJ_User_010_001,28.496584,77.10081,227.0,2026-04-01 18:03:48
User_010,TRJ_User_010_001,28.497337,77.103022,252.3,2026-04-01 18:04:45
User_010,TRJ_User_010_001,28.498484,77.1056,224.3,2026-04-01 18:05:19
User_010,TRJ_User_010_001,28.49968,77.107298,229.7,2026-04-01 18:06:02
User_010,TRJ_User_010_001,28.501453,77.109726,242.8,2026-04-01 18:06:13
User_010,TRJ_User_010_001,28.503083,77.111777,244.2,2026-04-01 18:07:06
User_010,TRJ_User_010_001,28.505156,77.114233,259.7,2026-04-01 18:07:59
User_010,TRJ_User_010_001,28.507059,77.116476,219.6,2026-04-01 18:08:21
User_010,TRJ_User_010_001,28.50809,77.119199,219.2,2026-04-01 18:08:40
User_010,TRJ_User_010_001,28.509067,77.122081,253.4,2026-04-01 18:09:02
User_010,TRJ_User_010_001,28.510157,77.123893,259.8,2026-04-01 18:09:58
User_010,TRJ_User_010_001,28.512121,77.126192,202.6,2026-04-01 18:10:24
User_010,TRJ_User_010_001,28.513791,77.128673,229.7,2026-04-01 18:11:01
User_010,TRJ_User_010_001,28.514598,77.130572,250.1,2026-04-01 18:11:26
User_010,TRJ_User_010_001,28.516112,77.132737,233.6,2026-04-01 18:12:23
User_010,TRJ_User_010_001,28.516823,77.13455,252.9,2026-04-01 18:12:59
User_010,TRJ_User_010_001,28.518689,77.137247,242.8,2026-04-01 18:13:55
User_010,TRJ_User_010_001,28.519364,77.139715,252.4,2026-04-01 18:14:26
User_010,TRJ_User_010_001,28.520128,77.141742,230.0,2026-04-01 18:15:02
User_010,TRJ_User_010_001,28.521317,77.143465,234.8,2026-04-01 18:15:21
User_010,TRJ_User_010_001,28.52286,77.145234,224.0,2026-04-01 18:16:03
User_010,TRJ_User_010_001,28.524197,77.148105,218.8,2026-04-01 18:16:30
User_010,TRJ_User_010_001,28.525374,77.150194,243.7,2026-04-01 18:17:06
User_010,TRJ_User_010_001,28.526725,77.152957,201.6,2026-04-01 18:17:53
User_010,TRJ_User_010_001,28.527913,77.155225,257.8,2026-04-01 18:18:05
User_010,TRJ_User_010_001,28.528788,77.157463,217.2,2026-04-01 18:18:22
User_010,TRJ_User_010_001,28.53035,77.159196,244.2,2026-04-01 18:18:38
User_010,TRJ_User_010_001,28.53208,77.161406,222.8,2026-04-01 18:18:48
User_010,TRJ_User_010_001,28.534059,77.163076,200.4,2026-04-01 18:19:05
User_010,TRJ_User_010_001,28.535488,77.165528,211.5,2026-04-01 18:19:29
User_010,TRJ_User_010_001,28.536729,77.167235,217.1,2026-04-01 18:19:48
User_010,TRJ_User_010_001,28.538399,77.169287,250.6,2026-04-01 18:20:11
User_010,TRJ_User_010_001,28.539856,77.170821,252.6,2026-04-01 18:20:24
User_010,TRJ_User_010_001,28.540588,77.172412,257.5,2026-04-01 18:21:17
User_010,TRJ_User_010_001,28.541489,77.175033,202.3,2026-04-01 18:22:02
User_010,TRJ_User_010_001,28.542032,77.177144,230.7,2026-04-01 18:23:01
User_010,TRJ_User_010_001,28.54339,77.179916,217.2,2026-04-01 18:23:48
User_010,TRJ_User_010_001,28.544505,77.182134,254.1,2026-04-01 18:24:01
User_010,TRJ_User_010_001,28.545734,77.184419,219.2,2026-04-01 18:24:27
User_010,TRJ_User_010_001,28.547303,77.186574,247.3,2026-04-01 18:25:01
User_010,TRJ_User_010_001,28.548693,77.188969,234.4,2026-04-01 18:25:56
User_010,TRJ_User_010_001,28.550154,77.191459,221.0,2026-04-01 18:26:32
User_010,TRJ_User_010_001,28.550749,77.193812,239.0,2026-04-01 18:27:17
User_010,TRJ_User_010_001,28.551347,77.194922,210.7,2026-04-01 18:27:34
User_010,TRJ_User_010_001,28.552566,77.196377,220.5,2026-04-01 18:28:15
User_010,TRJ_User_010_001,28.553753,77.198812,231.8,2026-04-01 18:28:27
User_010,TRJ_User_010_002,28.549258,77.196942,226.6,2026-04-01 21:11:18
User_010,TRJ_User_010_002,28.548338,77.19624,259.7,2026-04-01 21:12:00
User_010,TRJ_User_010_002,28.548091,77.195538,227.3,2026-04-01 21:12:19
User_010,TRJ_User_010_002,28.548452,77.195471,210.2,2026-04-01 21:12:44
User_010,TRJ_User_010_002,28.548456,77.195853,238.8,2026-04-01 21:13:21
User_010,TRJ_User_010_002,28.5483,77.195316,255.7,2026-04-01 21:14:10
User_010,TRJ_User_010_002,28.548294,77.195772,221.4,2026-04-01 21:14:25
User_010,TRJ_User_010_002,28.547897,77.196655,223.5,2026-04-01 21:15:11
User_010,TRJ_User_010_002,28.548188,77.197436,258.7,2026-04-01 21:15:33
User_010,TRJ_User_010_002,28.548045,77.197412,220.2,2026-04-01 21:16:08
User_010,TRJ_User_010_002,28.548356,77.198081,251.2,2026-04-01 21:16:18
User_010,TRJ_User_010_002,28.548261,77.198515,224.1,2026-04-01 21:16:36
User_010,TRJ_User_010_002,28.548409,77.198618,222.3,2026-04-01 21:17:13
User_010,TRJ_User_010_002,28.547897,77.19823,204.5,2026-04-01 21:17:30
User_010,TRJ_User_010_002,28.547618,77.198688,238.5,2026-04-01 21:18:24
User_010,TRJ_User_010_002,28.547311,77.198379,258.3,2026-04-01 21:19:18
User_010,TRJ_User_010_002,28.547463,77.198089,248.2,2026-04-01 21:19:45
User_010,TRJ_User_010_002,28.547119,77.197491,214.5,2026-04-01 21:20:20
User_010,TRJ_User_010_002,28.546637,77.197597,236.8,2026-04-01 21:20:36
User_010,TRJ_User_010_002,28.546544,77.197175,237.9,2026-04-01 21:21:00
User_010,TRJ_User_010_002,28.54568,77.197076,242.6,2026-04-01 21:21:51
User_010,TRJ_User_010_002,28.545837,77.197839,216.2,2026-04-01 21:22:30
User_010,TRJ_User_010_002,28.54652,77.198241,240.9,2026-04-01 21:23:15
User_010,TRJ_User_010_002,28.546041,77.198481,256.6,2026-04-01 21:23:59
User_010,TRJ_User_010_002,28.545648,77.198799,203.2,2026-04-01 21:24:52
User_010,TRJ_User_010_002,28.54503,77.199182,255.5,2026-04-01 21:25:28
User_010,TRJ_User_010_002,28.544777,77.199504,220.6,2026-04-01 21:25:53
User_010,TRJ_User_010_002,28.543606,77.200357,245.1,2026-04-01 21:26:39
User_010,TRJ_User_010_002,28.543239,77.200489,211.6,2026-04-01 21:26:56
User_010,TRJ_User_010_002,28.543028,77.200494,208.0,2026-04-01 21:27:23
User_010,TRJ_User_010_002,28.543153,77.200745,235.8,2026-04-01 21:27:39
User_010,TRJ_User_010_002,28.543095,77.201216,255.9,2026-04-01 21:28:01
User_010,TRJ_User_010_002,28.543873,77.200992,258.7,2026-04-01 21:28:46
User_010,TRJ_User_010_002,28.543384,77.200522,207.1,2026-04-01 21:29:21
User_010,TRJ_User_010_002,28.543353,77.201098,215.7,2026-04-01 21:30:17
User_010,TRJ_User_010_002,28.543912,77.200835,205.0,2026-04-01 21:30:55
User_010,TRJ_User_010_002,28.544081,77.200893,250.8,2026-04-01 21:31:24
User_010,TRJ_User_010_002,28.544533,77.201455,216.3,2026-04-01 21:32:05
User_010,TRJ_User_010_002,28.544448,77.201279,213.6,2026-04-01 21:32:38
User_010,TRJ_User_010_002,28.544621,77.201227,220.0,2026-04-01 21:33:18
User_010,TRJ_User_010_002,28.545238,77.201467,245.1,2026-04-01 21:33:35
User_010,TRJ_User_010_002,28.545296,77.201901,232.3,2026-04-01 21:34:25
User_010,TRJ_User_010_002,28.54534,77.201963,225.9,2026-04-01 21:34:36
User_010,TRJ_User_010_002,28.545278,77.201451,246.8,2026-04-01 21:35:29
User_010,TRJ_User_010_002,28.546015,77.201684,259.9,2026-04-01 21:36:09
User_010,TRJ_User_010_002,28.545518,77.201713,206.2,2026-04-01 21:36:47
User_010,TRJ_User_010_002,28.545769,77.201816,217.9,2026-04-01 21:37:36
User_010,TRJ_User_010_002,28.545921,77.201415,217.3,2026-04-01 21:38:27
User_010,TRJ_User_010_002,28.545693,77.201291,227.4,2026-04-01 21:38:42
User_010,TRJ_User_010_002,28.546043,77.201113,211.2,2026-04-01 21:39:38
User_010,TRJ_User_010_003,28.498142,77.088811,224.9,2026-04-01 23:55:56
User_010,TRJ_User_010_003,28.499196,77.0911,225.5,2026-04-01 23:56:30
User_010,TRJ_User_010_003,28.499738,77.09353,208.0,2026-04-01 23:57:12
User_010,TRJ_User_010_003,28.500638,77.096125,218.3,2026-04-01 23:57:45
User_010,TRJ_User_010_003,28.501075,77.099556,241.4,2026-04-01 23:58:43
User_010,TRJ_User_010_003,28.502051,77.102184,248.4,2026-04-01 23:59:26
User_010,TRJ_User_010_003,28.502926,77.104153,228.9,2026-04-02 00:00:10
User_010,TRJ_User_010_003,28.50344,77.106139,202.4,2026-04-02 00:00:29
User_010,TRJ_User_010_003,28.504461,77.108857,258.4,2026-04-02 00:01:07
User_010,TRJ_User_010_003,28.506181,77.11166,228.6,2026-04-02 00:01:28
User_010,TRJ_User_010_003,28.506829,77.11368,239.3,2026-04-02 00:02:14
User_010,TRJ_User_010_003,28.507363,77.116134,225.7,2026-04-02 00:02:29
User_010,TRJ_User_010_003,28.508269,77.118427,257.2,2026-04-02 00:03:26
User_010,TRJ_User_010_003,28.509602,77.120138,255.4,2026-04-02 00:04:23
User_010,TRJ_User_010_003,28.511073,77.122221,237.7,2026-04-02 00:05:08
User_010,TRJ_User_010_003,28.512086,77.124295,243.1,2026-04-02 00:06:04
User_010,TRJ_User_010_003,28.512645,77.126918,207.8,2026-04-02 00:06:32
User_010,TRJ_User_010_003,28.514128,77.128704,232.4,2026-04-02 00:07:17
User_010,TRJ_User_010_003,28.514415,77.130467,227.9,2026-04-02 00:07:40
User_010,TRJ_User_010_003,28.514696,77.132989,207.3,2026-04-02 00:08:07
User_010,TRJ_User_010_003,28.515856,77.135262,245.0,2026-04-02 00:08:52
User_010,TRJ_User_010_003,28.516208,77.137668,229.6,2026-04-02 00:09:36
User_010,TRJ_User_010_003,28.517104,77.140288,257.9,2026-04-02 00:09:56
User_010,TRJ_User_010_003,28.518152,77.14341,228.1,2026-04-02 00:10:14
User_010,TRJ_User_010_003,28.518393,77.145214,230.0,2026-04-02 00:10:40
User_010,TRJ_User_010_003,28.519891,77.147899,222.7,2026-04-02 00:11:02
User_010,TRJ_User_010_003,28.521203,77.149292,227.2,2026-04-02 00:11:19
User_010,TRJ_User_010_003,28.521703,77.151115,205.5,2026-04-02 00:11:33
User_010,TRJ_User_010_003,28.522739,77.153507,212.7,2026-04-02 00:11:54
User_010,TRJ_User_010_003,28.523213,77.155363,225.6,2026-04-02 00:12:05
User_010,TRJ_User_010_003,28.523868,77.157164,222.3,2026-04-02 00:12:40
User_010,TRJ_User_010_003,28.524657,77.159964,252.8,2026-04-02 00:13:21
User_010,TRJ_User_010_003,28.526204,77.162134,210.0,2026-04-02 00:14:01
User_010,TRJ_User_010_003,28.526298,77.164594,231.1,2026-04-02 00:14:39
User_010,TRJ_User_010_003,28.527439,77.167201,227.2,2026-04-02 00:15:18
User_010,TRJ_User_010_003,28.529351,77.170058,225.6,2026-04-02 00:15:35
User_010,TRJ_User_010_003,28.530504,77.172686,206.9,2026-04-02 00:15:56
User_010,TRJ_User_010_003,28.531272,77.174966,236.4,2026-04-02 00:16:08
User_010,TRJ_User_010_003,28.531984,77.177658,237.4,2026-04-02 00:16:54
User_010,TRJ_User_010_003,28.533216,77.179878,204.3,2026-04-02 00:17:20
User_010,TRJ_User_010_003,28.533685,77.182386,246.3,2026-04-02 00:17:38
User_010,TRJ_User_010_003,28.534759,77.184581,229.5,2026-04-02 00:17:52
User_010,TRJ_User_010_003,28.5359,77.186678,226.2,2026-04-02 00:18:38
User_010,TRJ_User_010_003,28.536182,77.189133,246.5,2026-04-02 00:19:37
User_010,TRJ_User_010_003,28.537694,77.191204,229.9,2026-04-02 00:19:54
User_010,TRJ_User_010_003,28.538756,77.193776,228.0,2026-04-02 00:20:17
User_010,TRJ_User_010_003,28.539468,77.195591,255.9,2026-04-02 00:20:39
User_010,TRJ_User_010_003,28.540747,77.197705,243.3,2026-04-02 00:20:59
User_010,TRJ_User_010_003,28.541441,77.199795,230.7,2026-04-02 00:21:15
User_010,TRJ_User_010_003,28.543081,77.202223,251.5,2026-04-02 00:21:40
User_010,TRJ_User_010_004,28.545178,77.203335,245.6,2026-04-02 02:10:36
User_010,TRJ_User_010_004,28.54515,77.200239,219.8,2026-04-02 02:10:50
User_010,TRJ_User_010_004,28.545685,77.197648,256.0,2026-04-02 02:11:06
User_010,TRJ_User_010_004,28.546129,77.195094,206.9,2026-04-02 02:11:26
User_010,TRJ_User_010_004,28.546747,77.192749,242.3,2026-04-02 02:12:22
User_010,TRJ_User_010_004,28.547032,77.19021,210.8,2026-04-02 02:12:46
User_010,TRJ_User_010_004,28.547078,77.187168,222.0,2026-04-02 02:13:45
User_010,TRJ_User_010_004,28.547238,77.184254,206.2,2026-04-02 02:14:28
User_010,TRJ_User_010_004,28.54707,77.181516,236.2,2026-04-02 02:14:52
User_010,TRJ_User_010_004,28.546997,77.17893,216.2,2026-04-02 02:15:19
User_010,TRJ_User_010_004,28.547065,77.176046,200.9,2026-04-02 02:16:04
User_010,TRJ_User_010_004,28.547405,77.173273,253.6,2026-04-02 02:16:52
User_010,TRJ_User_010_004,28.547858,77.169757,255.0,2026-04-02 02:17:29
User_010,TRJ_User_010_004,28.548126,77.167786,208.7,2026-04-02 02:17:45
User_010,TRJ_User_010_004,28.547533,77.164552,242.4,2026-04-02 02:18:13
User_010,TRJ_User_010_004,28.547455,77.161206,258.9,2026-04-02 02:18:41
User_010,TRJ_User_010_004,28.547451,77.158166,216.4,2026-04-02 02:19:03
User_010,TRJ_User_010_004,28.547136,77.154948,252.3,2026-04-02 02:19:16
User_010,TRJ_User_010_004,28.547449,77.151545,223.2,2026-04-02 02:19:36
User_010,TRJ_User_010_004,28.547521,77.148625,235.6,2026-04-02 02:19:49
User_010,TRJ_User_010_004,28.547824,77.145574,257.0,2026-04-02 02:20:25
User_010,TRJ_User_010_004,28.547821,77.142376,248.5,2026-04-02 02:21:18
User_010,TRJ_User_010_004,28.548306,77.139659,221.5,2026-04-02 02:22:09
User_010,TRJ_User_010_004,28.547777,77.136925,259.5,2026-04-02 02:22:53
User_010,TRJ_User_010_004,28.547816,77.134476,232.2,2026-04-02 02:23:47
User_010,TRJ_User_010_004,28.54793,77.131019,227.8,2026-04-02 02:24:12
User_010,TRJ_User_010_004,28.548783,77.127853,208.1,2026-04-02 02:24:38
User_010,TRJ_User_010_004,28.549089,77.125417,230.7,2026-04-02 02:25:32
User_010,TRJ_User_010_004,28.549256,77.121399,231.3,2026-04-02 02:26:07
User_010,TRJ_User_010_004,28.548722,77.118595,208.0,2026-04-02 02:27:00
User_010,TRJ_User_010_004,28.548433,77.11611,248.9,2026-04-02 02:27:48
User_010,TRJ_User_010_004,28.548113,77.113299,225.3,2026-04-02 02:28:33
User_010,TRJ_User_010_004,28.548204,77.109999,253.4,2026-04-02 02:29:26
User_010,TRJ_User_010_004,28.548009,77.107453,245.5,2026-04-02 02:30:04
User_010,TRJ_User_010_004,28.548081,77.104863,247.4,2026-04-02 02:30:50
User_010,TRJ_User_010_004,28.548261,77.102149,245.6,2026-04-02 02:31:26
User_010,TRJ_User_010_004,28.548777,77.099186,252.6,2026-04-02 02:31:38
User_010,TRJ_User_010_004,28.548925,77.096395,202.8,2026-04-02 02:32:07
User_010,TRJ_User_010_004,28.548743,77.093673,220.8,2026-04-02 02:32:48
User_010,TRJ_User_010_004,28.548898,77.090328,246.3,2026-04-02 02:33:03
User_010,TRJ_User_010_004,28.549179,77.087115,213.8,2026-04-02 02:33:22
User_010,TRJ_User_010_004,28.548887,77.084805,204.2,2026-04-02 02:34:12
User_010,TRJ_User_010_004,28.548904,77.082073,211.4,2026-04-02 02:34:22
User_010,TRJ_User_010_004,28.548738,77.078658,219.2,2026-04-02 02:34:45
User_010,TRJ_User_010_004,28.548724,77.076053,206.8,2026-04-02 02:35:22
User_010,TRJ_User_010_004,28.549152,77.072633,230.6,2026-04-02 02:36:09
User_010,TRJ_User_010_004,28.548991,77.070267,204.4,2026-04-02 02:36:20
User_010,TRJ_User_010_004,28.548755,77.067593,236.4,2026-04-02 02:36:51
User_010,TRJ_User_010_004,28.549227,77.065037,217.4,2026-04-02 02:37:33
User_010,TRJ_User_010_004,28.549182,77.062405,215.6,2026-04-02 02:38:23
User_010,TRJ_User_010_005,28.499444,77.087596,259.7,2026-04-02 05:56:49
User_010,TRJ_User_010_005,28.500258,77.089736,254.8,2026-04-02 05:57:06
User_010,TRJ_User_010_005,28.501533,77.091677,204.5,2026-04-02 05:58:02
User_010,TRJ_User_010_005,28.501874,77.093736,238.4,2026-04-02 05:58:12
User_010,TRJ_User_010_005,28.50296,77.095658,239.7,2026-04-02 05:58:53
User_010,TRJ_User_010_005,28.50391,77.0978,241.5,2026-04-02 05:59:28
User_010,TRJ_User_010_005,28.504816,77.09963,247.2,2026-04-02 06:00:02
User_010,TRJ_User_010_005,28.505871,77.102704,214.5,2026-04-02 06:00:34
User_010,TRJ_User_010_005,28.506761,77.104184,212.0,2026-04-02 06:01:12
User_010,TRJ_User_010_005,28.507789,77.106182,230.0,2026-04-02 06:01:25
User_010,TRJ_User_010_005,28.508886,77.10822,202.5,2026-04-02 06:02:09
User_010,TRJ_User_010_005,28.510645,77.10993,256.8,2026-04-02 06:02:31
User_010,TRJ_User_010_005,28.511641,77.113144,236.2,2026-04-02 06:03:00
User_010,TRJ_User_010_005,28.512858,77.115858,227.5,2026-04-02 06:03:36
User_010,TRJ_User_010_005,28.51361,77.118016,243.9,2026-04-02 06:04:15
User_010,TRJ_User_010_005,28.515419,77.120913,219.9,2026-04-02 06:04:59
User_010,TRJ_User_010_005,28.515399,77.123203,254.5,2026-04-02 06:05:32
User_010,TRJ_User_010_005,28.517271,77.125947,211.1,2026-04-02 06:06:10
User_010,TRJ_User_010_005,28.519228,77.128475,256.5,2026-04-02 06:06:48
User_010,TRJ_User_010_005,28.520082,77.130961,220.0,2026-04-02 06:07:30
User_010,TRJ_User_010_005,28.521127,77.133628,258.6,2026-04-02 06:07:44
User_010,TRJ_User_010_005,28.521869,77.136366,248.3,2026-04-02 06:08:10
User_010,TRJ_User_010_005,28.523064,77.139044,250.7,2026-04-02 06:08:33
User_010,TRJ_User_010_005,28.524377,77.141414,213.7,2026-04-02 06:09:15
User_010,TRJ_User_010_005,28.525517,77.144037,214.6,2026-04-02 06:09:59
User_010,TRJ_User_010_005,28.5268,77.145823,215.6,2026-04-02 06:10:19
User_010,TRJ_User_010_005,28.527811,77.14818,241.7,2026-04-02 06:11:10
User_010,TRJ_User_010_005,28.529192,77.149943,223.6,2026-04-02 06:11:40
User_010,TRJ_User_010_005,28.53008,77.151557,248.4,2026-04-02 06:12:32
User_010,TRJ_User_010_005,28.531297,77.153342,245.5,2026-04-02 06:13:10
User_010,TRJ_User_010_005,28.531936,77.155522,252.2,2026-04-02 06:13:27
User_010,TRJ_User_010_005,28.532575,77.157597,255.9,2026-04-02 06:13:41
User_010,TRJ_User_010_005,28.532966,77.159892,211.6,2026-04-02 06:14:03
User_010,TRJ_User_010_005,28.534045,77.161973,238.5,2026-04-02 06:14:42
User_010,TRJ_User_010_005,28.534893,77.163709,251.4,2026-04-02 06:15:41
User_010,TRJ_User_010_005,28.535945,77.166378,231.8,2026-04-02 06:16:02
User_010,TRJ_User_010_005,28.537342,77.168397,240.3,2026-04-02 06:16:30
User_010,TRJ_User_010_005,28.538137,77.170444,202.8,2026-04-02 06:17:18
User_010,TRJ_User_010_005,28.538421,77.172113,246.7,2026-04-02 06:17:54
User_010,TRJ_User_010_005,28.539298,77.175041,247.1,2026-04-02 06:18:30
User_010,TRJ_User_010_005,28.540237,77.177687,239.2,2026-04-02 06:18:56
User_010,TRJ_User_010_005,28.541288,77.179682,259.4,2026-04-02 06:19:37
User_010,TRJ_User_010_005,28.542565,77.18179,251.5,2026-04-02 06:20:16
User_010,TRJ_User_010_005,28.543388,77.184425,217.1,2026-04-02 06:20:35
User_010,TRJ_User_010_005,28.543848,77.186959,231.5,2026-04-02 06:21:22
User_010,TRJ_User_010_005,28.544467,77.188975,241.9,2026-04-02 06:21:56
User_010,TRJ_User_010_005,28.546318,77.19085,204.2,2026-04-02 06:22:17
User_010,TRJ_User_010_005,28.547461,77.194251,250.4,2026-04-02 06:22:52
User_010,TRJ_User_010_005,28.548789,77.19662,237.7,2026-04-02 06:23:03
User_010,TRJ_User_010_005,28.549116,77.199278,231.9,2026-04-02 06:23:17
User_010,TRJ_User_010_006,28.551407,77.20307,208.5,2026-04-02 09:23:41
User_010,TRJ_User_010_006,28.551024,77.20251,250.6,2026-04-02 09:24:05
User_010,TRJ_User_010_006,28.550269,77.202352,224.2,2026-04-02 09:24:32
User_010,TRJ_User_010_006,28.549943,77.202006,251.8,2026-04-02 09:25:08
User_010,TRJ_User_010_006,28.549958,77.201998,240.9,2026-04-02 09:25:28
User_010,TRJ_User_010_006,28.550267,77.201943,219.6,2026-04-02 09:26:14
User_010,TRJ_User_010_006,28.550173,77.202208,218.2,2026-04-02 09:27:09
User_010,TRJ_User_010_006,28.55052,77.201617,202.4,2026-04-02 09:27:48
User_010,TRJ_User_010_006,28.550334,77.202484,259.4,2026-04-02 09:28:25
User_010,TRJ_User_010_006,28.550793,77.20247,219.4,2026-04-02 09:29:21
User_010,TRJ_User_010_006,28.551032,77.202797,207.7,2026-04-02 09:29:41
User_010,TRJ_User_010_006,28.550467,77.203452,230.2,2026-04-02 09:30:28
User_010,TRJ_User_010_006,28.549875,77.203323,231.2,2026-04-02 09:31:13
User_010,TRJ_User_010_006,28.550046,77.203831,236.5,2026-04-02 09:31:53
User_010,TRJ_User_010_006,28.550134,77.203978,240.1,2026-04-02 09:32:34
User_010,TRJ_User_010_006,28.549866,77.204356,245.5,2026-04-02 09:33:10
User_010,TRJ_User_010_006,28.550285,77.203476,212.3,2026-04-02 09:33:45
User_010,TRJ_User_010_006,28.550101,77.20348,235.9,2026-04-02 09:34:41
User_010,TRJ_User_010_006,28.549338,77.20351,221.0,2026-04-02 09:34:56
User_010,TRJ_User_010_006,28.548733,77.203648,215.8,2026-04-02 09:35:14
User_010,TRJ_User_010_006,28.549204,77.203515,225.4,2026-04-02 09:36:08
User_010,TRJ_User_010_006,28.549077,77.202904,256.4,2026-04-02 09:36:26
User_010,TRJ_User_010_006,28.548979,77.202834,222.5,2026-04-02 09:36:41
User_010,TRJ_User_010_006,28.548461,77.203125,200.4,2026-04-02 09:37:08
User_010,TRJ_User_010_006,28.549299,77.202433,241.0,2026-04-02 09:37:23
User_010,TRJ_User_010_006,28.549626,77.202142,234.0,2026-04-02 09:38:16
User_010,TRJ_User_010_006,28.549276,77.201964,202.5,2026-04-02 09:38:35
User_010,TRJ_User_010_006,28.549431,77.201468,250.8,2026-04-02 09:39:27
User_010,TRJ_User_010_006,28.549336,77.201245,201.4,2026-04-02 09:39:44
User_010,TRJ_User_010_006,28.549259,77.201124,246.1,2026-04-02 09:40:05
User_010,TRJ_User_010_006,28.54889,77.201566,256.7,2026-04-02 09:40:22
User_010,TRJ_User_010_006,28.548595,77.201732,233.5,2026-04-02 09:40:47
User_010,TRJ_User_010_006,28.549112,77.201175,219.8,2026-04-02 09:41:24
User_010,TRJ_User_010_006,28.549398,77.200725,221.6,2026-04-02 09:41:52
User_010,TRJ_User_010_006,28.549601,77.20041,256.9,2026-04-02 09:42:40
User_010,TRJ_User_010_006,28.549204,77.199665,248.5,2026-04-02 09:43:33
User_010,TRJ_User_010_006,28.549471,77.19963,232.2,2026-04-02 09:44:15
User_010,TRJ_User_010_006,28.549096,77.198589,250.7,2026-04-02 09:44:44
User_010,TRJ_User_010_006,28.549392,77.198312,209.9,2026-04-02 09:45:29
User_010,TRJ_User_010_006,28.548533,77.198268,212.3,2026-04-02 09:46:21
User_010,TRJ_User_010_006,28.548251,77.198448,215.7,2026-04-02 09:47:16
User_010,TRJ_User_010_006,28.548319,77.198533,204.5,2026-04-02 09:47:59
User_010,TRJ_User_010_006,28.548307,77.198557,240.5,2026-04-02 09:48:39
User_010,TRJ_User_010_006,28.548405,77.198668,227.5,2026-04-02 09:48:53
User_010,TRJ_User_010_006,28.547941,77.197763,231.4,2026-04-02 09:49:04
User_010,TRJ_User_010_006,28.548309,77.197653,254.2,2026-04-02 09:49:21
User_010,TRJ_User_010_006,28.548907,77.197937,201.2,2026-04-02 09:49:52
User_010,TRJ_User_010_006,28.548785,77.197765,203.1,2026-04-02 09:50:03
User_010,TRJ_User_010_006,28.549093,77.198413,250.6,2026-04-02 09:50:51
User_010,TRJ_User_010_006,28.548818,77.197898,250.7,2026-04-02 09:51:34
User_010,TRJ_User_010_007,28.495737,77.094976,220.3,2026-04-02 12:24:57
User_010,TRJ_User_010_007,28.496558,77.097414,258.4,2026-04-02 12:25:50
User_010,TRJ_User_010_007,28.497905,77.099829,207.9,2026-04-02 12:26:43
User_010,TRJ_User_010_007,28.499025,77.101848,217.4,2026-04-02 12:27:02
User_010,TRJ_User_010_007,28.500038,77.103713,239.0,2026-04-02 12:27:56
User_010,TRJ_User_010_007,28.500865,77.105554,210.7,2026-04-02 12:28:35
User_010,TRJ_User_010_007,28.501189,77.107592,252.4,2026-04-02 12:29:30
User_010,TRJ_User_010_007,28.501605,77.10942,254.7,2026-04-02 12:30:22
User_010,TRJ_User_010_007,28.502239,77.111729,259.7,2026-04-02 12:30:56
User_010,TRJ_User_010_007,28.503595,77.114103,207.5,2026-04-02 12:31:29
User_010,TRJ_User_010_007,28.504713,77.116602,217.3,2026-04-02 12:31:52
User_010,TRJ_User_010_007,28.505999,77.118152,225.2,2026-04-02 12:32:35
User_010,TRJ_User_010_007,28.506992,77.119962,227.5,2026-04-02 12:33:08
User_010,TRJ_User_010_007,28.507861,77.122186,257.9,2026-04-02 12:33:34
User_010,TRJ_User_010_007,28.50861,77.125008,239.7,2026-04-02 12:33:55
User_010,TRJ_User_010_007,28.508888,77.127717,246.4,2026-04-02 12:34:31
User_010,TRJ_User_010_007,28.509632,77.130398,259.3,2026-04-02 12:35:03
User_010,TRJ_User_010_007,28.511295,77.132631,236.6,2026-04-02 12:35:35
User_010,TRJ_User_010_007,28.51168,77.134585,235.3,2026-04-02 12:36:16
User_010,TRJ_User_010_007,28.513227,77.136338,209.7,2026-04-02 12:36:28
User_010,TRJ_User_010_007,28.514564,77.138545,236.6,2026-04-02 12:37:13
User_010,TRJ_User_010_007,28.514742,77.14004,227.6,2026-04-02 12:38:07
User_010,TRJ_User_010_007,28.516001,77.141874,224.1,2026-04-02 12:38:48
User_010,TRJ_User_010_007,28.516849,77.144213,245.8,2026-04-02 12:39:42
User_010,TRJ_User_010_007,28.517959,77.146822,232.1,2026-04-02 12:40:25
User_010,TRJ_User_010_007,28.518808,77.149172,248.0,2026-04-02 12:41:22
User_010,TRJ_User_010_007,28.519755,77.15084,229.7,2026-04-02 12:42:19
User_010,TRJ_User_010_007,28.520874,77.152982,241.4,2026-04-02 12:43:11
User_010,TRJ_User_010_007,28.521796,77.154987,215.1,2026-04-02 12:43:58
User_010,TRJ_User_010_007,28.522363,77.157701,230.0,2026-04-02 12:44:25
User_010,TRJ_User_010_007,28.5237,77.159169,219.3,2026-04-02 12:45:04
User_010,TRJ_User_010_007,28.52527,77.161483,205.6,2026-04-02 12:45:23
User_010,TRJ_User_010_007,28.527001,77.163978,223.4,2026-04-02 12:45:45
User_010,TRJ_User_010_007,28.528011,77.165849,254.9,2026-04-02 12:46:06
User_010,TRJ_User_010_007,28.529452,77.168189,236.0,2026-04-02 12:46:42
User_010,TRJ_User_010_007,28.53014,77.169981,218.2,2026-04-02 12:47:19
User_010,TRJ_User_010_007,28.530751,77.1716,203.1,2026-04-02 12:47:37
User_010,TRJ_User_010_007,28.532425,77.173566,204.9,2026-04-02 12:48:25
User_010,TRJ_User_010_007,28.533885,77.17632,238.7,2026-04-02 12:49:03
User_010,TRJ_User_010_007,28.535267,77.178743,227.6,2026-04-02 12:49:49
User_010,TRJ_User_010_007,28.536341,77.180441,214.9,2026-04-02 12:50:17
User_010,TRJ_User_010_007,28.537481,77.182055,258.5,2026-04-02 12:50:51
User_010,TRJ_User_010_007,28.539455,77.183923,222.6,2026-04-02 12:51:28
User_010,TRJ_User_010_007,28.54075,77.186512,210.3,2026-04-02 12:51:48
User_010,TRJ_User_010_007,28.541773,77.188733,222.0,2026-04-02 12:52:14
User_010,TRJ_User_010_007,28.542299,77.190645,214.6,2026-04-02 12:52:31
User_010,TRJ_User_010_007,28.543174,77.191811,232.6,2026-04-02 12:52:51
User_010,TRJ_User_010_007,28.544632,77.194684,250.9,2026-04-02 12:53:22
User_010,TRJ_User_010_007,28.545793,77.197341,219.9,2026-04-02 12:53:59
User_010,TRJ_User_010_007,28.547205,77.199596,203.3,2026-04-02 12:54:21
User_010,TRJ_User_010_008,28.549509,77.19923,224.4,2026-04-02 16:09:52
User_010,TRJ_User_010_008,28.549531,77.198219,231.9,2026-04-02 16:10:42
User_010,TRJ_User_010_008,28.55039,77.195928,217.9,2026-04-02 16:10:58
User_010,TRJ_User_010_008,28.550154,77.194333,244.6,2026-04-02 16:11:14
User_010,TRJ_User_010_008,28.55122,77.191673,200.1,2026-04-02 16:11:55
User_010,TRJ_User_010_008,28.551175,77.190449,257.5,2026-04-02 16:12:43
User_010,TRJ_User_010_008,28.551886,77.187831,232.6,2026-04-02 16:13:34
User_010,TRJ_User_010_008,28.552276,77.186222,230.3,2026-04-02 16:13:47
User_010,TRJ_User_010_008,28.552104,77.185192,231.4,2026-04-02 16:14:27
User_010,TRJ_User_010_008,28.551907,77.183304,252.0,2026-04-02 16:15:21
User_010,TRJ_User_010_008,28.551657,77.181464,224.2,2026-04-02 16:16:19
User_010,TRJ_User_010_008,28.552148,77.179891,210.9,2026-04-02 16:16:46
User_010,TRJ_User_010_008,28.552389,77.177808,254.7,2026-04-02 16:17:31
User_010,TRJ_User_010_008,28.551807,77.176703,205.2,2026-04-02 16:17:50
User_010,TRJ_User_010_008,28.551652,77.175611,214.1,2026-04-02 16:18:30
User_010,TRJ_User_010_008,28.551975,77.17444,208.2,2026-04-02 16:19:27
User_010,TRJ_User_010_008,28.55206,77.172602,259.0,2026-04-02 16:19:44
User_010,TRJ_User_010_008,28.552094,77.170997,207.3,2026-04-02 16:20:34
User_010,TRJ_User_010_008,28.552452,77.169275,224.4,2026-04-02 16:21:01
User_010,TRJ_User_010_008,28.552907,77.168098,208.0,2026-04-02 16:21:53
User_010,TRJ_User_010_008,28.55277,77.166758,252.3,2026-04-02 16:22:39
User_010,TRJ_User_010_008,28.552605,77.164934,235.4,2026-04-02 16:23:15
User_010,TRJ_User_010_008,28.553102,77.163608,256.0,2026-04-02 16:23:49
User_010,TRJ_User_010_008,28.553339,77.162243,232.8,2026-04-02 16:24:21
User_010,TRJ_User_010_008,28.553597,77.159921,210.7,2026-04-02 16:25:18
User_010,TRJ_User_010_008,28.55286,77.158222,247.4,2026-04-02 16:26:10
User_010,TRJ_User_010_008,28.553834,77.155908,200.2,2026-04-02 16:26:39
User_010,TRJ_User_010_008,28.554254,77.154134,244.7,2026-04-02 16:27:08
User_010,TRJ_User_010_008,28.554265,77.15177,212.6,2026-04-02 16:27:27
User_010,TRJ_User_010_008,28.554689,77.149929,227.9,2026-04-02 16:27:58
User_010,TRJ_User_010_008,28.554862,77.14873,259.4,2026-04-02 16:28:44
User_010,TRJ_User_010_008,28.555484,77.146675,251.0,2026-04-02 16:29:23
User_010,TRJ_User_010_008,28.556102,77.144774,235.1,2026-04-02 16:30:22
User_010,TRJ_User_010_008,28.55672,77.14376,254.3,2026-04-02 16:30:43
User_010,TRJ_User_010_008,28.556482,77.142847,241.0,2026-04-02 16:31:42
User_010,TRJ_User_010_008,28.556534,77.141523,230.9,2026-04-02 16:32:31
User_010,TRJ_User_010_008,28.55681,77.140199,216.7,2026-04-02 16:33:24
User_010,TRJ_User_010_008,28.557157,77.138555,210.5,2026-04-02 16:34:02
User_010,TRJ_User_010_008,28.557693,77.136918,214.5,2026-04-02 16:34:20
User_010,TRJ_User_010_008,28.558679,77.135365,233.8,2026-04-02 16:34:33
User_010,TRJ_User_010_008,28.55874,77.133769,219.5,2026-04-02 16:34:46
User_010,TRJ_User_010_008,28.559016,77.132095,215.0,2026-04-02 16:35:36
User_010,TRJ_User_010_008,28.558997,77.129894,252.3,2026-04-02 16:35:46
User_010,TRJ_User_010_008,28.559034,77.128656,250.0,2026-04-02 16:36:25
User_010,TRJ_User_010_008,28.559202,77.126964,249.1,2026-04-02 16:37:19
User_010,TRJ_User_010_008,28.559596,77.125382,200.3,2026-04-02 16:37:59
User_010,TRJ_User_010_008,28.560022,77.123943,256.1,2026-04-02 16:38:33
User_010,TRJ_User_010_008,28.559566,77.12293,240.0,2026-04-02 16:39:09
User_010,TRJ_User_010_008,28.56067,77.121287,241.4,2026-04-02 16:39:31
User_010,TRJ_User_010_008,28.561026,77.119646,223.1,2026-04-02 16:40:00
User_010,TRJ_User_010_009,28.492309,77.086316,240.0,2026-04-02 18:57:49
User_010,TRJ_User_010_009,28.493933,77.089362,238.0,2026-04-02 18:58:00
User_010,TRJ_User_010_009,28.49523,77.091824,249.8,2026-04-02 18:58:58
User_010,TRJ_User_010_009,28.49641,77.09436,259.6,2026-04-02 18:59:10
User_010,TRJ_User_010_009,28.496594,77.096831,235.6,2026-04-02 18:59:49
User_010,TRJ_User_010_009,28.49753,77.098913,217.3,2026-04-02 18:59:59
User_010,TRJ_User_010_009,28.49878,77.100973,215.5,2026-04-02 19:00:10
User_010,TRJ_User_010_009,28.500054,77.103347,219.0,2026-04-02 19:00:31
User_010,TRJ_User_010_009,28.501016,77.105566,258.2,2026-04-02 19:01:27
User_010,TRJ_User_010_009,28.502485,77.107891,220.2,2026-04-02 19:02:18
User_010,TRJ_User_010_009,28.504231,77.110114,209.2,2026-04-02 19:02:51
User_010,TRJ_User_010_009,28.504948,77.112337,243.4,2026-04-02 19:03:29
User_010,TRJ_User_010_009,28.505701,77.114304,255.2,2026-04-02 19:04:06
User_010,TRJ_User_010_009,28.507161,77.117193,214.3,2026-04-02 19:04:57
User_010,TRJ_User_010_009,28.507841,77.119452,249.4,2026-04-02 19:05:17
User_010,TRJ_User_010_009,28.50942,77.121882,222.5,2026-04-02 19:05:36
User_010,TRJ_User_010_009,28.511159,77.124163,204.4,2026-04-02 19:06:22
User_010,TRJ_User_010_009,28.512121,77.126094,236.3,2026-04-02 19:06:58
User_010,TRJ_User_010_009,28.513608,77.1281,242.6,2026-04-02 19:07:24
User_010,TRJ_User_010_009,28.513847,77.129408,218.3,2026-04-02 19:08:13
User_010,TRJ_User_010_009,28.515074,77.131879,258.4,2026-04-02 19:09:00
User_010,TRJ_User_010_009,28.515614,77.134252,250.8,2026-04-02 19:09:38
User_010,TRJ_User_010_009,28.517355,77.135878,215.5,2026-04-02 19:10:03
User_010,TRJ_User_010_009,28.518862,77.137738,258.9,2026-04-02 19:10:19
User_010,TRJ_User_010_009,28.520027,77.139503,212.2,2026-04-02 19:10:50
User_010,TRJ_User_010_009,28.52207,77.141697,252.6,2026-04-02 19:11:10
User_010,TRJ_User_010_009,28.523366,77.144225,223.2,2026-04-02 19:11:26
User_010,TRJ_User_010_009,28.524634,77.146176,237.2,2026-04-02 19:11:43
User_010,TRJ_User_010_009,28.525809,77.148716,250.8,2026-04-02 19:12:15
User_010,TRJ_User_010_009,28.526812,77.150951,258.5,2026-04-02 19:12:28
User_010,TRJ_User_010_009,28.52851,77.152602,234.8,2026-04-02 19:13:25
User_010,TRJ_User_010_009,28.52912,77.154487,236.7,2026-04-02 19:13:55
User_010,TRJ_User_010_009,28.53043,77.156454,246.5,2026-04-02 19:14:12
User_010,TRJ_User_010_009,28.531836,77.158247,247.8,2026-04-02 19:15:00
User_010,TRJ_User_010_009,28.533175,77.160479,219.8,2026-04-02 19:15:44
User_010,TRJ_User_010_009,28.534387,77.163138,204.2,2026-04-02 19:16:43
User_010,TRJ_User_010_009,28.535316,77.165233,228.2,2026-04-02 19:17:27
User_010,TRJ_User_010_009,28.536758,77.167866,236.3,2026-04-02 19:17:38
User_010,TRJ_User_010_009,28.538471,77.170601,203.5,2026-04-02 19:17:55
User_010,TRJ_User_010_009,28.540494,77.172629,257.7,2026-04-02 19:18:09
User_010,TRJ_User_010_009,28.541754,77.175784,209.7,2026-04-02 19:18:23
User_010,TRJ_User_010_009,28.542657,77.178186,200.4,2026-04-02 19:19:08
User_010,TRJ_User_010_009,28.544128,77.179914,208.3,2026-04-02 19:19:24
User_010,TRJ_User_010_009,28.5447,77.18204,230.9,2026-04-02 19:19:40
User_010,TRJ_User_010_009,28.545841,77.184078,216.6,2026-04-02 19:19:51
User_010,TRJ_User_010_009,28.546743,77.18665,244.3,2026-04-02 19:20:05
User_010,TRJ_User_010_009,28.547394,77.18849,228.8,2026-04-02 19:20:29
User_010,TRJ_User_010_009,28.548576,77.19094,209.9,2026-04-02 19:20:44
User_010,TRJ_User_010_009,28.549741,77.192706,227.0,2026-04-02 19:21:33
User_010,TRJ_User_010_009,28.551263,77.194605,255.7,2026-04-02 19:21:49
User_010,TRJ_User_010_010,28.550679,77.19586,259.8,2026-04-02 20:43:59
User_010,TRJ_User_010_010,28.550424,77.196113,237.3,2026-04-02 20:44:10
User_010,TRJ_User_010_010,28.549824,77.196116,252.0,2026-04-02 20:44:37
User_010,TRJ_User_010_010,28.549554,77.196437,209.2,2026-04-02 20:45:30
User_010,TRJ_User_010_010,28.549821,77.196472,218.1,2026-04-02 20:45:41
User_010,TRJ_User_010_010,28.549524,77.197225,218.4,2026-04-02 20:46:31
User_010,TRJ_User_010_010,28.549579,77.19806,250.4,2026-04-02 20:47:14
User_010,TRJ_User_010_010,28.549667,77.198446,226.3,2026-04-02 20:48:08
User_010,TRJ_User_010_010,28.549813,77.198465,218.6,2026-04-02 20:48:38
User_010,TRJ_User_010_010,28.55084,77.198104,248.5,2026-04-02 20:48:54
User_010,TRJ_User_010_010,28.550766,77.198137,233.8,2026-04-02 20:49:15
User_010,TRJ_User_010_010,28.55117,77.198336,235.1,2026-04-02 20:50:09
User_010,TRJ_User_010_010,28.551749,77.198231,252.5,2026-04-02 20:50:26
User_010,TRJ_User_010_010,28.552371,77.19762,242.4,2026-04-02 20:50:39
User_010,TRJ_User_010_010,28.552282,77.197935,221.9,2026-04-02 20:51:35
User_010,TRJ_User_010_010,28.552115,77.198319,245.0,2026-04-02 20:51:54
User_010,TRJ_User_010_010,28.552432,77.199074,208.7,2026-04-02 20:52:17
User_010,TRJ_User_010_010,28.552541,77.198846,226.3,2026-04-02 20:52:50
User_010,TRJ_User_010_010,28.55285,77.199195,243.5,2026-04-02 20:53:49
User_010,TRJ_User_010_010,28.553704,77.19842,214.5,2026-04-02 20:54:02
User_010,TRJ_User_010_010,28.55415,77.198373,223.4,2026-04-02 20:54:51
User_010,TRJ_User_010_010,28.554582,77.19842,255.6,2026-04-02 20:55:45
User_010,TRJ_User_010_010,28.554404,77.198355,247.3,2026-04-02 20:56:16
User_010,TRJ_User_010_010,28.555134,77.199042,230.9,2026-04-02 20:57:07
User_010,TRJ_User_010_010,28.555022,77.198842,216.5,2026-04-02 20:57:29
User_010,TRJ_User_010_010,28.55483,77.199081,256.0,2026-04-02 20:57:49
User_010,TRJ_User_010_010,28.555449,77.198837,205.3,2026-04-02 20:58:41
User_010,TRJ_User_010_010,28.555047,77.199012,242.0,2026-04-02 20:58:52
User_010,TRJ_User_010_010,28.555231,77.198646,235.4,2026-04-02 20:59:22
User_010,TRJ_User_010_010,28.555207,77.198477,254.4,2026-04-02 20:59:57
User_010,TRJ_User_010_010,28.554948,77.19832,216.6,2026-04-02 21:00:54
User_010,TRJ_User_010_010,28.555197,77.198684,246.8,2026-04-02 21:01:15
User_010,TRJ_User_010_010,28.554748,77.19827,209.9,2026-04-02 21:01:33
User_010,TRJ_User_010_010,28.554943,77.198151,216.5,2026-04-02 21:02:01
User_010,TRJ_User_010_010,28.554326,77.19746,224.7,2026-04-02 21:02:28
User_010,TRJ_User_010_010,28.55404,77.197394,245.2,2026-04-02 21:03:09
User_010,TRJ_User_010_010,28.554051,77.197455,207.2,2026-04-02 21:03:44
User_010,TRJ_User_010_010,28.554457,77.197605,259.4,2026-04-02 21:03:55
User_010,TRJ_User_010_010,28.554694,77.198062,247.7,2026-04-02 21:04:50
User_010,TRJ_User_010_010,28.554885,77.197894,220.7,2026-04-02 21:05:03
User_010,TRJ_User_010_010,28.554943,77.197962,235.0,2026-04-02 21:05:32
User_010,TRJ_User_010_010,28.555354,77.198264,223.7,2026-04-02 21:06:13
User_010,TRJ_User_010_010,28.555708,77.198366,224.3,2026-04-02 21:06:34
User_010,TRJ_User_010_010,28.555459,77.198164,254.6,2026-04-02 21:07:20
User_010,TRJ_User_010_010,28.555962,77.198694,201.3,2026-04-02 21:08:07
User_010,TRJ_User_010_010,28.555542,77.198504,247.5,2026-04-02 21:08:30
User_010,TRJ_User_010_010,28.556396,77.199122,218.1,2026-04-02 21:09:15
User_010,TRJ_User_010_010,28.556225,77.199282,202.4,2026-04-02 21:09:31
User_010,TRJ_User_010_010,28.55608,77.199665,214.9,2026-04-02 21:10:01
User_010,TRJ_User_010_010,28.555794,77.199433,208.9,2026-04-02 21:10:58
User_011,TRJ_User_011_001,28.568568,77.320749,219.9,2026-04-02 19:00:43
User_011,TRJ_User_011_001,28.567424,77.315482,253.3,2026-04-02 19:01:10
User_011,TRJ_User_011_001,28.567693,77.31024,240.5,2026-04-02 19:01:44
User_011,TRJ_User_011_001,28.567851,77.304934,204.1,2026-04-02 19:02:12
User_011,TRJ_User_011_001,28.56833,77.299915,212.7,2026-04-02 19:02:36
User_011,TRJ_User_011_001,28.567714,77.294375,252.2,2026-04-02 19:02:51
User_011,TRJ_User_011_001,28.567265,77.289096,233.9,2026-04-02 19:03:29
User_011,TRJ_User_011_001,28.567363,77.283609,200.3,2026-04-02 19:04:23
User_011,TRJ_User_011_001,28.566683,77.27824,225.7,2026-04-02 19:05:18
User_011,TRJ_User_011_001,28.566481,77.273023,250.0,2026-04-02 19:06:03
User_011,TRJ_User_011_001,28.566163,77.267617,218.4,2026-04-02 19:06:35
User_011,TRJ_User_011_001,28.565927,77.262977,243.8,2026-04-02 19:07:17
User_011,TRJ_User_011_001,28.565644,77.257752,257.1,2026-04-02 19:07:27
User_011,TRJ_User_011_001,28.565484,77.252671,256.0,2026-04-02 19:07:50
User_011,TRJ_User_011_001,28.564717,77.247006,234.3,2026-04-02 19:08:45
User_011,TRJ_User_011_001,28.56496,77.241743,212.1,2026-04-02 19:09:43
User_011,TRJ_User_011_001,28.564762,77.236279,206.9,2026-04-02 19:10:38
User_011,TRJ_User_011_001,28.563535,77.230826,219.5,2026-04-02 19:11:35
User_011,TRJ_User_011_001,28.563856,77.225742,225.0,2026-04-02 19:12:32
User_011,TRJ_User_011_001,28.563477,77.219844,204.1,2026-04-02 19:12:54
User_011,TRJ_User_011_001,28.563198,77.214571,257.8,2026-04-02 19:13:14
User_011,TRJ_User_011_001,28.562737,77.209602,252.8,2026-04-02 19:14:03
User_011,TRJ_User_011_001,28.56254,77.203882,239.8,2026-04-02 19:14:30
User_011,TRJ_User_011_001,28.562119,77.198711,253.2,2026-04-02 19:15:09
User_011,TRJ_User_011_001,28.56115,77.193563,254.7,2026-04-02 19:15:39
User_011,TRJ_User_011_001,28.561366,77.187894,225.6,2026-04-02 19:16:16
User_011,TRJ_User_011_001,28.561108,77.182324,257.9,2026-04-02 19:16:59
User_011,TRJ_User_011_001,28.560802,77.176969,251.7,2026-04-02 19:17:34
User_011,TRJ_User_011_001,28.559915,77.171528,205.2,2026-04-02 19:18:30
User_011,TRJ_User_011_001,28.559775,77.166254,250.8,2026-04-02 19:19:00
User_011,TRJ_User_011_001,28.55967,77.160943,244.1,2026-04-02 19:19:27
User_011,TRJ_User_011_001,28.559625,77.155953,257.1,2026-04-02 19:20:21
User_011,TRJ_User_011_001,28.55913,77.150011,253.4,2026-04-02 19:20:56
User_011,TRJ_User_011_001,28.558486,77.144507,249.6,2026-04-02 19:21:22
User_011,TRJ_User_011_001,28.558146,77.138756,228.0,2026-04-02 19:21:35
User_011,TRJ_User_011_001,28.558243,77.133906,221.9,2026-04-02 19:21:59
User_011,TRJ_User_011_001,28.557671,77.128164,205.7,2026-04-02 19:22:49
User_011,TRJ_User_011_001,28.557161,77.12381,211.9,2026-04-02 19:23:21
User_011,TRJ_User_011_001,28.556749,77.118403,234.6,2026-04-02 19:23:40
User_011,TRJ_User_011_001,28.556645,77.112584,237.0,2026-04-02 19:24:31
User_011,TRJ_User_011_001,28.555866,77.107099,210.6,2026-04-02 19:25:04
User_011,TRJ_User_011_001,28.555311,77.101772,227.9,2026-04-02 19:25:14
User_011,TRJ_User_011_001,28.554412,77.096604,235.3,2026-04-02 19:25:32
User_011,TRJ_User_011_001,28.554268,77.091572,249.1,2026-04-02 19:26:20
User_011,TRJ_User_011_001,28.554193,77.086978,221.3,2026-04-02 19:26:51
User_011,TRJ_User_011_001,28.553699,77.080983,216.8,2026-04-02 19:27:36
User_011,TRJ_User_011_001,28.552982,77.075922,218.0,2026-04-02 19:28:14
User_011,TRJ_User_011_001,28.552261,77.070499,208.3,2026-04-02 19:28:50
User_011,TRJ_User_011_001,28.551818,77.064879,237.5,2026-04-02 19:29:36
User_011,TRJ_User_011_001,28.5514,77.059624,201.2,2026-04-02 19:29:59
User_011,TRJ_User_011_002,28.552704,77.065264,246.7,2026-04-02 21:21:48
User_011,TRJ_User_011_002,28.553027,77.071048,252.3,2026-04-02 21:22:15
User_011,TRJ_User_011_002,28.553817,77.07709,211.0,2026-04-02 21:22:36
User_011,TRJ_User_011_002,28.553873,77.082503,253.7,2026-04-02 21:23:35
User_011,TRJ_User_011_002,28.554556,77.08794,251.0,2026-04-02 21:24:25
User_011,TRJ_User_011_002,28.555362,77.092286,242.2,2026-04-02 21:24:45
User_011,TRJ_User_011_002,28.555609,77.097679,202.9,2026-04-02 21:25:20
User_011,TRJ_User_011_002,28.556047,77.103095,223.4,2026-04-02 21:25:52
User_011,TRJ_User_011_002,28.556866,77.108443,200.5,2026-04-02 21:26:38
User_011,TRJ_User_011_002,28.557384,77.113929,218.9,2026-04-02 21:27:10
User_011,TRJ_User_011_002,28.557781,77.118961,209.2,2026-04-02 21:28:00
User_011,TRJ_User_011_002,28.558935,77.124691,211.2,2026-04-02 21:28:34
User_011,TRJ_User_011_002,28.559785,77.130203,235.4,2026-04-02 21:29:12
User_011,TRJ_User_011_002,28.559966,77.135642,216.3,2026-04-02 21:30:05
User_011,TRJ_User_011_002,28.559878,77.141147,212.6,2026-04-02 21:30:46
User_011,TRJ_User_011_002,28.55969,77.146678,229.8,2026-04-02 21:31:32
User_011,TRJ_User_011_002,28.559689,77.15136,209.2,2026-04-02 21:31:55
User_011,TRJ_User_011_002,28.560084,77.156705,204.9,2026-04-02 21:32:06
User_011,TRJ_User_011_002,28.560961,77.162754,222.5,2026-04-02 21:32:22
User_011,TRJ_User_011_002,28.561335,77.167724,200.6,2026-04-02 21:32:32
User_011,TRJ_User_011_002,28.561622,77.173113,245.0,2026-04-02 21:33:06
User_011,TRJ_User_011_002,28.561576,77.178696,221.6,2026-04-02 21:33:50
User_011,TRJ_User_011_002,28.561575,77.184298,242.7,2026-04-02 21:34:27
User_011,TRJ_User_011_002,28.562273,77.189497,204.9,2026-04-02 21:34:49
User_011,TRJ_User_011_002,28.562761,77.194131,250.0,2026-04-02 21:35:38
User_011,TRJ_User_011_002,28.563352,77.199864,200.8,2026-04-02 21:35:56
User_011,TRJ_User_011_002,28.563223,77.2052,238.4,2026-04-02 21:36:50
User_011,TRJ_User_011_002,28.563077,77.210914,255.8,2026-04-02 21:37:05
User_011,TRJ_User_011_002,28.56326,77.216647,225.6,2026-04-02 21:37:53
User_011,TRJ_User_011_002,28.563649,77.222161,253.8,2026-04-02 21:38:03
User_011,TRJ_User_011_002,28.563703,77.227367,236.1,2026-04-02 21:38:16
User_011,TRJ_User_011_002,28.564378,77.233005,254.1,2026-04-02 21:39:05
User_011,TRJ_User_011_002,28.563614,77.237939,243.5,2026-04-02 21:39:32
User_011,TRJ_User_011_002,28.564432,77.243125,202.8,2026-04-02 21:40:28
User_011,TRJ_User_011_002,28.564773,77.248494,243.4,2026-04-02 21:41:06
User_011,TRJ_User_011_002,28.566262,77.254322,219.9,2026-04-02 21:41:28
User_011,TRJ_User_011_002,28.567022,77.260286,259.1,2026-04-02 21:42:18
User_011,TRJ_User_011_002,28.567687,77.265705,242.5,2026-04-02 21:42:49
User_011,TRJ_User_011_002,28.568267,77.271013,232.8,2026-04-02 21:43:02
User_011,TRJ_User_011_002,28.568866,77.277005,228.2,2026-04-02 21:43:20
User_011,TRJ_User_011_002,28.56911,77.282295,226.5,2026-04-02 21:43:51
User_011,TRJ_User_011_002,28.568777,77.287794,259.0,2026-04-02 21:44:36
User_011,TRJ_User_011_002,28.569695,77.293416,217.7,2026-04-02 21:45:34
User_011,TRJ_User_011_002,28.570109,77.298494,245.1,2026-04-02 21:46:08
User_011,TRJ_User_011_002,28.570038,77.303994,212.0,2026-04-02 21:47:03
User_011,TRJ_User_011_002,28.570594,77.309262,223.5,2026-04-02 21:47:13
User_011,TRJ_User_011_002,28.571432,77.313897,258.7,2026-04-02 21:47:23
User_011,TRJ_User_011_002,28.571621,77.319772,229.7,2026-04-02 21:47:54
User_011,TRJ_User_011_002,28.572503,77.324421,213.0,2026-04-02 21:48:24
User_011,TRJ_User_011_002,28.572869,77.32969,244.9,2026-04-02 21:49:06
User_011,TRJ_User_011_003,28.575105,77.32785,242.2,2026-04-03 00:32:51
User_011,TRJ_User_011_003,28.575458,77.322881,232.3,2026-04-03 00:33:35
User_011,TRJ_User_011_003,28.575337,77.317131,206.8,2026-04-03 00:33:48
User_011,TRJ_User_011_003,28.575148,77.311422,254.2,2026-04-03 00:34:18
User_011,TRJ_User_011_003,28.574383,77.306585,235.9,2026-04-03 00:34:56
User_011,TRJ_User_011_003,28.574302,77.301045,209.7,2026-04-03 00:35:26
User_011,TRJ_User_011_003,28.57366,77.295338,200.7,2026-04-03 00:35:55
User_011,TRJ_User_011_003,28.573712,77.289187,238.8,2026-04-03 00:36:15
User_011,TRJ_User_011_003,28.573941,77.283723,228.6,2026-04-03 00:36:40
User_011,TRJ_User_011_003,28.573231,77.278681,203.8,2026-04-03 00:37:12
User_011,TRJ_User_011_003,28.57212,77.273108,259.3,2026-04-03 00:37:38
User_011,TRJ_User_011_003,28.572335,77.267282,252.6,2026-04-03 00:37:49
User_011,TRJ_User_011_003,28.572097,77.261075,237.1,2026-04-03 00:38:48
User_011,TRJ_User_011_003,28.570937,77.254993,229.3,2026-04-03 00:39:35
User_011,TRJ_User_011_003,28.570682,77.249253,242.2,2026-04-03 00:40:08
User_011,TRJ_User_011_003,28.570092,77.243827,216.7,2026-04-03 00:40:29
User_011,TRJ_User_011_003,28.569629,77.238042,202.7,2026-04-03 00:40:54
User_011,TRJ_User_011_003,28.569424,77.232382,250.8,2026-04-03 00:41:49
User_011,TRJ_User_011_003,28.569577,77.226377,216.7,2026-04-03 00:42:43
User_011,TRJ_User_011_003,28.569425,77.220957,208.0,2026-04-03 00:43:06
User_011,TRJ_User_011_003,28.568589,77.214704,221.9,2026-04-03 00:43:16
User_011,TRJ_User_011_003,28.568257,77.20871,241.6,2026-04-03 00:43:31
User_011,TRJ_User_011_003,28.567574,77.203617,245.9,2026-04-03 00:44:16
User_011,TRJ_User_011_003,28.567057,77.198329,259.5,2026-04-03 00:44:42
User_011,TRJ_User_011_003,28.56757,77.193301,255.3,2026-04-03 00:45:35
User_011,TRJ_User_011_003,28.566858,77.187811,218.7,2026-04-03 00:45:53
User_011,TRJ_User_011_003,28.56668,77.182473,210.8,2026-04-03 00:46:37
User_011,TRJ_User_011_003,28.566206,77.176759,235.7,2026-04-03 00:47:10
User_011,TRJ_User_011_003,28.566221,77.171593,204.4,2026-04-03 00:47:37
User_011,TRJ_User_011_003,28.565749,77.16658,227.7,2026-04-03 00:48:25
User_011,TRJ_User_011_003,28.565515,77.161046,212.6,2026-04-03 00:48:46
User_011,TRJ_User_011_003,28.564736,77.155056,247.8,2026-04-03 00:49:16
User_011,TRJ_User_011_003,28.563646,77.149727,226.4,2026-04-03 00:49:48
User_011,TRJ_User_011_003,28.562946,77.144939,243.9,2026-04-03 00:50:46
User_011,TRJ_User_011_003,28.562533,77.139915,250.7,2026-04-03 00:51:34
User_011,TRJ_User_011_003,28.561981,77.134962,204.5,2026-04-03 00:52:32
User_011,TRJ_User_011_003,28.56175,77.129724,205.4,2026-04-03 00:52:44
User_011,TRJ_User_011_003,28.561092,77.123793,254.8,2026-04-03 00:53:08
User_011,TRJ_User_011_003,28.560324,77.118553,229.4,2026-04-03 00:53:36
User_011,TRJ_User_011_003,28.56081,77.113008,223.5,2026-04-03 00:54:07
User_011,TRJ_User_011_003,28.56055,77.107763,220.8,2026-04-03 00:54:45
User_011,TRJ_User_011_003,28.559796,77.102173,208.3,2026-04-03 00:55:00
User_011,TRJ_User_011_003,28.559926,77.097116,233.7,2026-04-03 00:55:22
User_011,TRJ_User_011_003,28.560157,77.091265,235.6,2026-04-03 00:55:47
User_011,TRJ_User_011_003,28.56014,77.086185,259.1,2026-04-03 00:56:22
User_011,TRJ_User_011_003,28.559773,77.08072,225.3,2026-04-03 00:56:38
User_011,TRJ_User_011_003,28.559876,77.075123,255.0,2026-04-03 00:57:11
User_011,TRJ_User_011_003,28.559631,77.069055,258.2,2026-04-03 00:58:08
User_011,TRJ_User_011_003,28.558683,77.0643,216.0,2026-04-03 00:58:57
User_011,TRJ_User_011_003,28.558092,77.058666,225.2,2026-04-03 00:59:45
User_011,TRJ_User_011_004,28.552304,77.056821,218.1,2026-04-03 01:43:11
User_011,TRJ_User_011_004,28.551939,77.060126,214.5,2026-04-03 01:43:52
User_011,TRJ_User_011_004,28.552645,77.062892,244.5,2026-04-03 01:44:45
User_011,TRJ_User_011_004,28.551616,77.065147,254.0,2026-04-03 01:45:20
User_011,TRJ_User_011_004,28.552136,77.068039,237.8,2026-04-03 01:46:05
User_011,TRJ_User_011_004,28.552056,77.071197,230.2,2026-04-03 01:46:17
User_011,TRJ_User_011_004,28.551794,77.074167,222.5,2026-04-03 01:47:16
User_011,TRJ_User_011_004,28.551619,77.077658,257.6,2026-04-03 01:48:14
User_011,TRJ_User_011_004,28.551731,77.081196,242.0,2026-04-03 01:48:58
User_011,TRJ_User_011_004,28.55169,77.083764,231.7,2026-04-03 01:49:48
User_011,TRJ_User_011_004,28.551856,77.086517,228.5,2026-04-03 01:50:45
User_011,TRJ_User_011_004,28.551843,77.089553,231.3,2026-04-03 01:51:09
User_011,TRJ_User_011_004,28.552312,77.091771,243.5,2026-04-03 01:51:48
User_011,TRJ_User_011_004,28.552385,77.094525,248.2,2026-04-03 01:52:41
User_011,TRJ_User_011_004,28.552251,77.096836,255.0,2026-04-03 01:53:12
User_011,TRJ_User_011_004,28.551919,77.099409,255.2,2026-04-03 01:53:54
User_011,TRJ_User_011_004,28.550981,77.102117,207.6,2026-04-03 01:54:05
User_011,TRJ_User_011_004,28.550888,77.105381,243.3,2026-04-03 01:55:02
User_011,TRJ_User_011_004,28.55063,77.107976,251.6,2026-04-03 01:55:18
User_011,TRJ_User_011_004,28.550616,77.111006,203.7,2026-04-03 01:55:30
User_011,TRJ_User_011_004,28.550741,77.113992,201.2,2026-04-03 01:55:49
User_011,TRJ_User_011_004,28.550566,77.116624,209.7,2026-04-03 01:56:31
User_011,TRJ_User_011_004,28.550851,77.119517,229.5,2026-04-03 01:57:01
User_011,TRJ_User_011_004,28.550567,77.121836,252.7,2026-04-03 01:57:26
User_011,TRJ_User_011_004,28.551109,77.125078,218.8,2026-04-03 01:57:55
User_011,TRJ_User_011_004,28.550221,77.128441,227.6,2026-04-03 01:58:47
User_011,TRJ_User_011_004,28.550076,77.131094,203.8,2026-04-03 01:59:20
User_011,TRJ_User_011_004,28.549605,77.134224,222.3,2026-04-03 01:59:41
User_011,TRJ_User_011_004,28.549874,77.137121,254.9,2026-04-03 01:59:52
User_011,TRJ_User_011_004,28.549869,77.140038,248.7,2026-04-03 02:00:03
User_011,TRJ_User_011_004,28.549725,77.143587,212.2,2026-04-03 02:00:51
User_011,TRJ_User_011_004,28.549613,77.146558,214.0,2026-04-03 02:01:20
User_011,TRJ_User_011_004,28.548839,77.148711,216.5,2026-04-03 02:02:15
User_011,TRJ_User_011_004,28.548049,77.15116,221.0,2026-04-03 02:03:12
User_011,TRJ_User_011_004,28.547888,77.154511,207.4,2026-04-03 02:04:03
User_011,TRJ_User_011_004,28.547835,77.157783,217.9,2026-04-03 02:04:30
User_011,TRJ_User_011_004,28.547649,77.160354,235.4,2026-04-03 02:05:10
User_011,TRJ_User_011_004,28.547895,77.162662,246.5,2026-04-03 02:05:55
User_011,TRJ_User_011_004,28.548455,77.166089,254.6,2026-04-03 02:06:37
User_011,TRJ_User_011_004,28.547708,77.169139,217.2,2026-04-03 02:07:31
User_011,TRJ_User_011_004,28.548416,77.172025,223.7,2026-04-03 02:08:19
User_011,TRJ_User_011_004,28.547775,77.17457,216.8,2026-04-03 02:09:10
User_011,TRJ_User_011_004,28.547266,77.17739,232.1,2026-04-03 02:09:27
User_011,TRJ_User_011_004,28.547199,77.179761,242.3,2026-04-03 02:09:38
User_011,TRJ_User_011_004,28.546986,77.182644,251.9,2026-04-03 02:10:13
User_011,TRJ_User_011_004,28.546082,77.185469,244.5,2026-04-03 02:10:43
User_011,TRJ_User_011_004,28.545927,77.188562,255.9,2026-04-03 02:11:05
User_011,TRJ_User_011_004,28.545958,77.191698,214.9,2026-04-03 02:11:38
User_011,TRJ_User_011_004,28.545594,77.194289,213.8,2026-04-03 02:11:50
User_011,TRJ_User_011_004,28.544924,77.196544,226.5,2026-04-03 02:12:46
User_011,TRJ_User_011_005,28.570352,77.320956,203.4,2026-04-03 04:43:14
User_011,TRJ_User_011_005,28.570232,77.315571,228.5,2026-04-03 04:44:00
User_011,TRJ_User_011_005,28.570276,77.309927,219.4,2026-04-03 04:44:32
User_011,TRJ_User_011_005,28.570256,77.304221,203.3,2026-04-03 04:45:10
User_011,TRJ_User_011_005,28.570421,77.29878,200.8,2026-04-03 04:46:03
User_011,TRJ_User_011_005,28.570231,77.292527,207.0,2026-04-03 04:46:59
User_011,TRJ_User_011_005,28.569728,77.287218,242.9,2026-04-03 04:47:13
User_011,TRJ_User_011_005,28.569522,77.281462,253.4,2026-04-03 04:47:39
User_011,TRJ_User_011_005,28.5689,77.276445,247.8,2026-04-03 04:47:58
User_011,TRJ_User_011_005,28.568691,77.271006,242.5,2026-04-03 04:48:53
User_011,TRJ_User_011_005,28.568433,77.265841,229.0,2026-04-03 04:49:48
User_011,TRJ_User_011_005,28.56869,77.260846,206.4,2026-04-03 04:50:34
User_011,TRJ_User_011_005,28.568072,77.255497,217.3,2026-04-03 04:51:32
User_011,TRJ_User_011_005,28.567947,77.250315,235.2,2026-04-03 04:51:47
User_011,TRJ_User_011_005,28.567623,77.244587,249.0,2026-04-03 04:52:05
User_011,TRJ_User_011_005,28.567698,77.239437,226.1,2026-04-03 04:52:32
User_011,TRJ_User_011_005,28.567367,77.234356,236.9,2026-04-03 04:53:26
User_011,TRJ_User_011_005,28.567488,77.228772,219.0,2026-04-03 04:53:36
User_011,TRJ_User_011_005,28.567668,77.222587,225.0,2026-04-03 04:54:20
User_011,TRJ_User_011_005,28.567638,77.217054,234.1,2026-04-03 04:55:15
User_011,TRJ_User_011_005,28.567936,77.211663,252.1,2026-04-03 04:55:54
User_011,TRJ_User_011_005,28.567143,77.206301,206.9,2026-04-03 04:56:22
User_011,TRJ_User_011_005,28.567262,77.200526,238.8,2026-04-03 04:57:20
User_011,TRJ_User_011_005,28.566713,77.195468,247.6,2026-04-03 04:57:32
User_011,TRJ_User_011_005,28.566055,77.190013,237.5,2026-04-03 04:58:20
User_011,TRJ_User_011_005,28.56552,77.185156,227.5,2026-04-03 04:59:16
User_011,TRJ_User_011_005,28.565949,77.179381,207.4,2026-04-03 04:59:46
User_011,TRJ_User_011_005,28.564991,77.173223,248.5,2026-04-03 05:00:34
User_011,TRJ_User_011_005,28.564574,77.167288,258.8,2026-04-03 05:01:27
User_011,TRJ_User_011_005,28.56456,77.162486,204.9,2026-04-03 05:02:13
User_011,TRJ_User_011_005,28.56422,77.158096,201.0,2026-04-03 05:03:00
User_011,TRJ_User_011_005,28.563701,77.152896,224.8,2026-04-03 05:03:42
User_011,TRJ_User_011_005,28.562637,77.147541,223.4,2026-04-03 05:04:35
User_011,TRJ_User_011_005,28.562159,77.142545,223.7,2026-04-03 05:05:06
User_011,TRJ_User_011_005,28.5611,77.137636,245.5,2026-04-03 05:05:58
User_011,TRJ_User_011_005,28.560054,77.132088,245.9,2026-04-03 05:06:23
User_011,TRJ_User_011_005,28.559593,77.12691,237.1,2026-04-03 05:06:39
User_011,TRJ_User_011_005,28.558808,77.121479,259.3,2026-04-03 05:07:02
User_011,TRJ_User_011_005,28.557416,77.116798,257.6,2026-04-03 05:07:28
User_011,TRJ_User_011_005,28.557369,77.111896,228.0,2026-04-03 05:08:08
User_011,TRJ_User_011_005,28.556055,77.105512,218.6,2026-04-03 05:08:50
User_011,TRJ_User_011_005,28.556137,77.10014,251.4,2026-04-03 05:09:23
User_011,TRJ_User_011_005,28.556232,77.09512,248.8,2026-04-03 05:10:05
User_011,TRJ_User_011_005,28.555833,77.090134,226.4,2026-04-03 05:10:25
User_011,TRJ_User_011_005,28.555696,77.084348,214.6,2026-04-03 05:10:37
User_011,TRJ_User_011_005,28.555099,77.079144,247.9,2026-04-03 05:11:23
User_011,TRJ_User_011_005,28.554237,77.073767,229.7,2026-04-03 05:11:51
User_011,TRJ_User_011_005,28.553867,77.068397,212.2,2026-04-03 05:12:35
User_011,TRJ_User_011_005,28.553528,77.062792,214.1,2026-04-03 05:13:05
User_011,TRJ_User_011_005,28.553037,77.057255,244.2,2026-04-03 05:13:34
User_011,TRJ_User_011_006,28.555482,77.059346,208.9,2026-04-03 08:43:12
User_011,TRJ_User_011_006,28.554044,77.060271,206.5,2026-04-03 08:43:53
User_011,TRJ_User_011_006,28.552529,77.060978,201.3,2026-04-03 08:44:11
User_011,TRJ_User_011_006,28.551689,77.0618,256.6,2026-04-03 08:44:51
User_011,TRJ_User_011_006,28.550585,77.061642,231.0,2026-04-03 08:45:09
User_011,TRJ_User_011_006,28.548858,77.06178,241.7,2026-04-03 08:45:42
User_011,TRJ_User_011_006,28.54791,77.062239,236.2,2026-04-03 08:46:19
User_011,TRJ_User_011_006,28.54606,77.063218,247.9,2026-04-03 08:47:03
User_011,TRJ_User_011_006,28.54457,77.063611,241.8,2026-04-03 08:47:28
User_011,TRJ_User_011_006,28.543615,77.063933,213.7,2026-04-03 08:48:19
User_011,TRJ_User_011_006,28.542241,77.064918,223.1,2026-04-03 08:48:38
User_011,TRJ_User_011_006,28.541099,77.065479,239.2,2026-04-03 08:48:56
User_011,TRJ_User_011_006,28.539412,77.066166,216.7,2026-04-03 08:49:33
User_011,TRJ_User_011_006,28.538264,77.066988,218.3,2026-04-03 08:50:08
User_011,TRJ_User_011_006,28.537365,77.06838,245.7,2026-04-03 08:50:38
User_011,TRJ_User_011_006,28.536112,77.069465,240.2,2026-04-03 08:50:50
User_011,TRJ_User_011_006,28.534484,77.070297,240.8,2026-04-03 08:51:06
User_011,TRJ_User_011_006,28.533413,77.070629,240.8,2026-04-03 08:51:41
User_011,TRJ_User_011_006,28.532234,77.071339,247.8,2026-04-03 08:51:53
User_011,TRJ_User_011_006,28.531067,77.072047,239.3,2026-04-03 08:52:46
User_011,TRJ_User_011_006,28.529648,77.073274,242.6,2026-04-03 08:53:39
User_011,TRJ_User_011_006,28.528097,77.074503,207.1,2026-04-03 08:54:32
User_011,TRJ_User_011_006,28.526493,77.075034,214.9,2026-04-03 08:55:26
User_011,TRJ_User_011_006,28.524916,77.075982,256.5,2026-04-03 08:56:03
User_011,TRJ_User_011_006,28.523294,77.076474,219.2,2026-04-03 08:56:29
User_011,TRJ_User_011_006,28.522034,77.077584,252.8,2026-04-03 08:57:08
User_011,TRJ_User_011_006,28.52049,77.07849,235.2,2026-04-03 08:57:56
User_011,TRJ_User_011_006,28.518875,77.079053,216.4,2026-04-03 08:58:28
User_011,TRJ_User_011_006,28.517499,77.079496,206.2,2026-04-03 08:58:57
User_011,TRJ_User_011_006,28.516719,77.080224,225.1,2026-04-03 08:59:33
User_011,TRJ_User_011_006,28.5161,77.081437,244.2,2026-04-03 09:00:06
User_011,TRJ_User_011_006,28.515625,77.081618,228.8,2026-04-03 09:00:22
User_011,TRJ_User_011_006,28.51486,77.082166,249.4,2026-04-03 09:01:12
User_011,TRJ_User_011_006,28.513115,77.083135,247.8,2026-04-03 09:02:05
User_011,TRJ_User_011_006,28.511243,77.08327,225.9,2026-04-03 09:02:22
User_011,TRJ_User_011_006,28.51056,77.083949,257.7,2026-04-03 09:02:34
User_011,TRJ_User_011_006,28.509347,77.084495,226.2,2026-04-03 09:03:21
User_011,TRJ_User_011_006,28.508381,77.085079,243.6,2026-04-03 09:03:59
User_011,TRJ_User_011_006,28.507326,77.08639,245.3,2026-04-03 09:04:36
User_011,TRJ_User_011_006,28.507052,77.086883,217.4,2026-04-03 09:04:58
User_011,TRJ_User_011_006,28.506631,77.087699,216.7,2026-04-03 09:05:10
User_011,TRJ_User_011_006,28.505903,77.08789,228.4,2026-04-03 09:06:06
User_011,TRJ_User_011_006,28.505243,77.088691,205.4,2026-04-03 09:06:54
User_011,TRJ_User_011_006,28.503792,77.088645,240.8,2026-04-03 09:07:14
User_011,TRJ_User_011_006,28.502634,77.08925,229.4,2026-04-03 09:08:10
User_011,TRJ_User_011_006,28.502015,77.089692,241.1,2026-04-03 09:08:43
User_011,TRJ_User_011_006,28.501016,77.090623,236.6,2026-04-03 09:09:36
User_011,TRJ_User_011_006,28.498993,77.091045,259.0,2026-04-03 09:10:34
User_011,TRJ_User_011_006,28.497395,77.091041,229.6,2026-04-03 09:10:45
User_011,TRJ_User_011_006,28.49609,77.091518,233.2,2026-04-03 09:11:44
User_011,TRJ_User_011_007,28.572734,77.325958,227.6,2026-04-03 11:27:40
User_011,TRJ_User_011_007,28.572903,77.320885,223.9,2026-04-03 11:28:29
User_011,TRJ_User_011_007,28.572541,77.315174,211.0,2026-04-03 11:28:50
User_011,TRJ_User_011_007,28.571974,77.309776,251.4,2026-04-03 11:29:34
User_011,TRJ_User_011_007,28.571553,77.305188,247.8,2026-04-03 11:29:54
User_011,TRJ_User_011_007,28.571729,77.299483,208.0,2026-04-03 11:30:16
User_011,TRJ_User_011_007,28.570874,77.294428,231.3,2026-04-03 11:30:48
User_011,TRJ_User_011_007,28.570158,77.289722,203.6,2026-04-03 11:31:07
User_011,TRJ_User_011_007,28.56961,77.284469,221.0,2026-04-03 11:31:35
User_011,TRJ_User_011_007,28.568912,77.278864,227.4,2026-04-03 11:32:21
User_011,TRJ_User_011_007,28.568785,77.272881,204.6,2026-04-03 11:32:51
User_011,TRJ_User_011_007,28.56821,77.267616,245.2,2026-04-03 11:33:38
User_011,TRJ_User_011_007,28.567605,77.26174,258.2,2026-04-03 11:33:50
User_011,TRJ_User_011_007,28.567183,77.256966,202.8,2026-04-03 11:34:39
User_011,TRJ_User_011_007,28.565882,77.25144,216.8,2026-04-03 11:35:15
User_011,TRJ_User_011_007,28.565851,77.245221,223.1,2026-04-03 11:35:59
User_011,TRJ_User_011_007,28.565216,77.240048,225.6,2026-04-03 11:36:58
User_011,TRJ_User_011_007,28.564249,77.2345,209.6,2026-04-03 11:37:20
User_011,TRJ_User_011_007,28.564077,77.229057,246.4,2026-04-03 11:37:39
User_011,TRJ_User_011_007,28.563805,77.223807,253.7,2026-04-03 11:38:11
User_011,TRJ_User_011_007,28.56335,77.218128,219.1,2026-04-03 11:38:50
User_011,TRJ_User_011_007,28.563018,77.212504,244.1,2026-04-03 11:39:05
User_011,TRJ_User_011_007,28.563323,77.207659,235.2,2026-04-03 11:39:32
User_011,TRJ_User_011_007,28.562441,77.201988,214.9,2026-04-03 11:39:57
User_011,TRJ_User_011_007,28.562384,77.196566,254.8,2026-04-03 11:40:45
User_011,TRJ_User_011_007,28.561677,77.19111,253.7,2026-04-03 11:41:05
User_011,TRJ_User_011_007,28.560455,77.185863,242.4,2026-04-03 11:41:28
User_011,TRJ_User_011_007,28.559773,77.180809,235.3,2026-04-03 11:42:00
User_011,TRJ_User_011_007,28.559319,77.174895,209.4,2026-04-03 11:42:31
User_011,TRJ_User_011_007,28.559195,77.169093,201.7,2026-04-03 11:43:09
User_011,TRJ_User_011_007,28.558245,77.163656,247.7,2026-04-03 11:43:31
User_011,TRJ_User_011_007,28.55756,77.158308,239.8,2026-04-03 11:44:24
User_011,TRJ_User_011_007,28.556934,77.152763,225.0,2026-04-03 11:44:58
User_011,TRJ_User_011_007,28.556291,77.146723,219.7,2026-04-03 11:45:42
User_011,TRJ_User_011_007,28.55677,77.141306,227.7,2026-04-03 11:46:06
User_011,TRJ_User_011_007,28.556492,77.135919,253.0,2026-04-03 11:46:24
User_011,TRJ_User_011_007,28.556101,77.13072,200.4,2026-04-03 11:47:05
User_011,TRJ_User_011_007,28.55601,77.124683,257.7,2026-04-03 11:47:38
User_011,TRJ_User_011_007,28.5559,77.119146,221.6,2026-04-03 11:47:53
User_011,TRJ_User_011_007,28.555202,77.114105,242.1,2026-04-03 11:48:12
User_011,TRJ_User_011_007,28.555106,77.109038,219.7,2026-04-03 11:48:31
User_011,TRJ_User_011_007,28.553709,77.103278,221.2,2026-04-03 11:49:06
User_011,TRJ_User_011_007,28.553606,77.097278,257.3,2026-04-03 11:50:04
User_011,TRJ_User_011_007,28.552875,77.092073,212.1,2026-04-03 11:51:02
User_011,TRJ_User_011_007,28.551765,77.086267,250.8,2026-04-03 11:51:19
User_011,TRJ_User_011_007,28.551785,77.081412,226.8,2026-04-03 11:51:58
User_011,TRJ_User_011_007,28.551423,77.075872,227.1,2026-04-03 11:52:52
User_011,TRJ_User_011_007,28.551773,77.070888,256.1,2026-04-03 11:53:41
User_011,TRJ_User_011_007,28.550953,77.064985,247.8,2026-04-03 11:53:54
User_011,TRJ_User_011_007,28.549554,77.058759,239.2,2026-04-03 11:54:24
User_011,TRJ_User_011_008,28.551959,77.058064,247.4,2026-04-03 15:00:58
User_011,TRJ_User_011_008,28.552134,77.059335,206.0,2026-04-03 15:01:16
User_011,TRJ_User_011_008,28.552553,77.060885,223.8,2026-04-03 15:01:41
User_011,TRJ_User_011_008,28.552081,77.062089,209.7,2026-04-03 15:01:59
User_011,TRJ_User_011_008,28.552621,77.063534,253.3,2026-04-03 15:02:23
User_011,TRJ_User_011_008,28.552665,77.064311,204.1,2026-04-03 15:03:19
User_011,TRJ_User_011_008,28.553445,77.065765,201.8,2026-04-03 15:04:16
User_011,TRJ_User_011_008,28.553967,77.066809,210.4,2026-04-03 15:04:35
User_011,TRJ_User_011_008,28.553564,77.068351,208.8,2026-04-03 15:05:07
User_011,TRJ_User_011_008,28.553253,77.069257,211.2,2026-04-03 15:05:31
User_011,TRJ_User_011_008,28.553079,77.070391,232.8,2026-04-03 15:06:03
User_011,TRJ_User_011_008,28.552601,77.072197,240.1,2026-04-03 15:06:33
User_011,TRJ_User_011_008,28.553492,77.072987,240.6,2026-04-03 15:07:26
User_011,TRJ_User_011_008,28.553405,77.073687,220.7,2026-04-03 15:07:44
User_011,TRJ_User_011_008,28.553924,77.07533,259.6,2026-04-03 15:08:18
User_011,TRJ_User_011_008,28.554,77.076875,206.9,2026-04-03 15:08:56
User_011,TRJ_User_011_008,28.554461,77.078549,246.5,2026-04-03 15:09:39
User_011,TRJ_User_011_008,28.554723,77.079694,238.3,2026-04-03 15:10:20
User_011,TRJ_User_011_008,28.555042,77.080982,259.7,2026-04-03 15:11:19
User_011,TRJ_User_011_008,28.555403,77.082011,221.2,2026-04-03 15:11:48
User_011,TRJ_User_011_008,28.556188,77.083168,251.5,2026-04-03 15:12:15
User_011,TRJ_User_011_008,28.556544,77.083987,254.9,2026-04-03 15:12:30
User_011,TRJ_User_011_008,28.556757,77.085279,256.3,2026-04-03 15:13:17
User_011,TRJ_User_011_008,28.55695,77.086134,216.8,2026-04-03 15:14:01
User_011,TRJ_User_011_008,28.556958,77.087234,219.2,2026-04-03 15:14:22
User_011,TRJ_User_011_008,28.556336,77.088534,249.6,2026-04-03 15:14:41
User_011,TRJ_User_011_008,28.556216,77.089876,252.6,2026-04-03 15:15:25
User_011,TRJ_User_011_008,28.556875,77.090408,219.0,2026-04-03 15:15:36
User_011,TRJ_User_011_008,28.556842,77.091763,224.5,2026-04-03 15:16:09
User_011,TRJ_User_011_008,28.556254,77.093317,238.2,2026-04-03 15:17:06
User_011,TRJ_User_011_008,28.556021,77.094288,251.0,2026-04-03 15:17:45
User_011,TRJ_User_011_008,28.556476,77.095377,223.2,2026-04-03 15:18:41
User_011,TRJ_User_011_008,28.556236,77.096314,256.6,2026-04-03 15:19:34
User_011,TRJ_User_011_008,28.555725,77.097527,217.1,2026-04-03 15:20:21
User_011,TRJ_User_011_008,28.55551,77.099187,205.4,2026-04-03 15:20:46
User_011,TRJ_User_011_008,28.555777,77.100917,211.5,2026-04-03 15:21:29
User_011,TRJ_User_011_008,28.555631,77.102281,235.1,2026-04-03 15:22:17
User_011,TRJ_User_011_008,28.556346,77.103826,258.7,2026-04-03 15:22:35
User_011,TRJ_User_011_008,28.556812,77.104682,245.8,2026-04-03 15:22:48
User_011,TRJ_User_011_008,28.556803,77.106422,208.0,2026-04-03 15:23:39
User_011,TRJ_User_011_008,28.556939,77.107616,215.1,2026-04-03 15:23:59
User_011,TRJ_User_011_008,28.55677,77.108969,220.7,2026-04-03 15:24:53
User_011,TRJ_User_011_008,28.556656,77.110536,212.9,2026-04-03 15:25:35
User_011,TRJ_User_011_008,28.556649,77.111677,237.3,2026-04-03 15:26:16
User_011,TRJ_User_011_008,28.556988,77.112944,225.2,2026-04-03 15:26:53
User_011,TRJ_User_011_008,28.557243,77.114127,225.7,2026-04-03 15:27:15
User_011,TRJ_User_011_008,28.556712,77.115436,217.4,2026-04-03 15:27:55
User_011,TRJ_User_011_008,28.556957,77.116736,251.3,2026-04-03 15:28:35
User_011,TRJ_User_011_008,28.556931,77.117864,235.8,2026-04-03 15:29:27
User_011,TRJ_User_011_008,28.556493,77.118855,220.2,2026-04-03 15:30:25
User_011,TRJ_User_011_009,28.575751,77.322829,204.9,2026-04-03 18:48:03
User_011,TRJ_User_011_009,28.574789,77.316856,220.7,2026-04-03 18:48:35
User_011,TRJ_User_011_009,28.57467,77.310875,207.2,2026-04-03 18:49:28
User_011,TRJ_User_011_009,28.574096,77.304677,230.7,2026-04-03 18:49:38
User_011,TRJ_User_011_009,28.573385,77.298924,208.2,2026-04-03 18:50:06
User_011,TRJ_User_011_009,28.573202,77.29343,234.0,2026-04-03 18:50:31
User_011,TRJ_User_011_009,28.57358,77.287771,213.8,2026-04-03 18:50:49
User_011,TRJ_User_011_009,28.573564,77.281795,204.1,2026-04-03 18:51:43
User_011,TRJ_User_011_009,28.572963,77.276731,208.0,2026-04-03 18:52:16
User_011,TRJ_User_011_009,28.572485,77.271977,243.5,2026-04-03 18:52:46
User_011,TRJ_User_011_009,28.571835,77.265841,205.6,2026-04-03 18:52:58
User_011,TRJ_User_011_009,28.571032,77.26051,221.5,2026-04-03 18:53:33
User_011,TRJ_User_011_009,28.570794,77.2556,202.8,2026-04-03 18:54:29
User_011,TRJ_User_011_009,28.570022,77.249861,205.6,2026-04-03 18:55:02
User_011,TRJ_User_011_009,28.569383,77.245198,227.6,2026-04-03 18:55:22
User_011,TRJ_User_011_009,28.568266,77.239908,205.8,2026-04-03 18:55:55
User_011,TRJ_User_011_009,28.567981,77.234732,243.3,2026-04-03 18:56:16
User_011,TRJ_User_011_009,28.567379,77.230024,203.1,2026-04-03 18:56:48
User_011,TRJ_User_011_009,28.567456,77.225066,212.7,2026-04-03 18:57:06
User_011,TRJ_User_011_009,28.567511,77.22005,238.6,2026-04-03 18:57:43
User_011,TRJ_User_011_009,28.566597,77.214467,212.3,2026-04-03 18:58:07
User_011,TRJ_User_011_009,28.566798,77.209034,204.0,2026-04-03 18:58:53
User_011,TRJ_User_011_009,28.566088,77.203484,211.6,2026-04-03 18:59:21
User_011,TRJ_User_011_009,28.565126,77.197766,243.6,2026-04-03 19:00:07
User_011,TRJ_User_011_009,28.564988,77.192285,215.6,2026-04-03 19:00:58
User_011,TRJ_User_011_009,28.564498,77.186592,207.2,2026-04-03 19:01:09
User_011,TRJ_User_011_009,28.563447,77.181354,224.2,2026-04-03 19:01:49
User_011,TRJ_User_011_009,28.563503,77.176166,227.0,2026-04-03 19:02:14
User_011,TRJ_User_011_009,28.562466,77.170331,256.5,2026-04-03 19:02:50
User_011,TRJ_User_011_009,28.561144,77.164838,210.6,2026-04-03 19:03:37
User_011,TRJ_User_011_009,28.561288,77.159129,204.2,2026-04-03 19:03:48
User_011,TRJ_User_011_009,28.561138,77.153838,210.1,2026-04-03 19:04:25
User_011,TRJ_User_011_009,28.560123,77.148256,218.3,2026-04-03 19:05:21
User_011,TRJ_User_011_009,28.559887,77.142955,226.1,2026-04-03 19:05:48
User_011,TRJ_User_011_009,28.560347,77.137208,225.0,2026-04-03 19:06:08
User_011,TRJ_User_011_009,28.560003,77.131796,229.8,2026-04-03 19:07:04
User_011,TRJ_User_011_009,28.559498,77.12611,244.3,2026-04-03 19:07:52
User_011,TRJ_User_011_009,28.559101,77.120768,213.1,2026-04-03 19:08:50
User_011,TRJ_User_011_009,28.558365,77.114892,243.7,2026-04-03 19:09:40
User_011,TRJ_User_011_009,28.557705,77.109446,206.3,2026-04-03 19:10:36
User_011,TRJ_User_011_009,28.55733,77.103598,249.2,2026-04-03 19:11:31
User_011,TRJ_User_011_009,28.55651,77.09838,215.5,2026-04-03 19:12:20
User_011,TRJ_User_011_009,28.555786,77.093146,213.7,2026-04-03 19:12:52
User_011,TRJ_User_011_009,28.555227,77.08865,200.3,2026-04-03 19:13:46
User_011,TRJ_User_011_009,28.554861,77.082734,203.0,2026-04-03 19:14:10
User_011,TRJ_User_011_009,28.555101,77.077125,210.5,2026-04-03 19:14:37
User_011,TRJ_User_011_009,28.554622,77.071187,222.2,2026-04-03 19:15:01
User_011,TRJ_User_011_009,28.554228,77.066216,225.2,2026-04-03 19:15:22
User_011,TRJ_User_011_009,28.553365,77.061523,230.2,2026-04-03 19:15:59
User_011,TRJ_User_011_009,28.55323,77.056002,204.9,2026-04-03 19:16:11
User_011,TRJ_User_011_010,28.550702,77.063693,204.4,2026-04-03 20:54:25
User_011,TRJ_User_011_010,28.550317,77.066505,258.7,2026-04-03 20:55:16
User_011,TRJ_User_011_010,28.549747,77.069226,227.7,2026-04-03 20:55:36
User_011,TRJ_User_011_010,28.549083,77.072203,211.8,2026-04-03 20:56:32
User_011,TRJ_User_011_010,28.548558,77.075797,203.5,2026-04-03 20:56:57
User_011,TRJ_User_011_010,28.54817,77.078335,232.6,2026-04-03 20:57:10
User_011,TRJ_User_011_010,28.547869,77.081196,235.5,2026-04-03 20:57:26
User_011,TRJ_User_011_010,28.547581,77.083864,258.3,2026-04-03 20:57:51
User_011,TRJ_User_011_010,28.547185,77.086935,234.8,2026-04-03 20:58:50
User_011,TRJ_User_011_010,28.547352,77.090474,244.5,2026-04-03 20:59:25
User_011,TRJ_User_011_010,28.546652,77.09388,234.3,2026-04-03 20:59:42
User_011,TRJ_User_011_010,28.546849,77.097222,223.0,2026-04-03 21:00:33
User_011,TRJ_User_011_010,28.546724,77.09974,213.5,2026-04-03 21:01:01
User_011,TRJ_User_011_010,28.546202,77.102949,225.6,2026-04-03 21:01:29
User_011,TRJ_User_011_010,28.545155,77.106531,228.9,2026-04-03 21:02:16
User_011,TRJ_User_011_010,28.54506,77.110216,233.3,2026-04-03 21:02:34
User_011,TRJ_User_011_010,28.544,77.114082,208.7,2026-04-03 21:03:27
User_011,TRJ_User_011_010,28.543366,77.117129,249.1,2026-04-03 21:04:04
User_011,TRJ_User_011_010,28.543364,77.120392,207.7,2026-04-03 21:04:45
User_011,TRJ_User_011_010,28.543032,77.123774,226.9,2026-04-03 21:05:20
User_011,TRJ_User_011_010,28.54151,77.127087,231.1,2026-04-03 21:05:58
User_011,TRJ_User_011_010,28.541329,77.130316,246.8,2026-04-03 21:06:18
User_011,TRJ_User_011_010,28.540339,77.133702,223.8,2026-04-03 21:07:12
User_011,TRJ_User_011_010,28.540104,77.136163,221.9,2026-04-03 21:07:50
User_011,TRJ_User_011_010,28.538874,77.139126,205.7,2026-04-03 21:08:37
User_011,TRJ_User_011_010,28.537475,77.142221,212.2,2026-04-03 21:09:19
User_011,TRJ_User_011_010,28.536331,77.145537,200.9,2026-04-03 21:10:11
User_011,TRJ_User_011_010,28.535459,77.148668,250.5,2026-04-03 21:10:27
User_011,TRJ_User_011_010,28.535153,77.151482,209.3,2026-04-03 21:11:17
User_011,TRJ_User_011_010,28.534593,77.154542,249.1,2026-04-03 21:11:50
User_011,TRJ_User_011_010,28.534377,77.157741,255.0,2026-04-03 21:12:05
User_011,TRJ_User_011_010,28.534079,77.16086,258.1,2026-04-03 21:12:37
User_011,TRJ_User_011_010,28.533843,77.164226,247.1,2026-04-03 21:13:16
User_011,TRJ_User_011_010,28.533364,77.166862,244.9,2026-04-03 21:13:51
User_011,TRJ_User_011_010,28.532755,77.169525,230.6,2026-04-03 21:14:42
User_011,TRJ_User_011_010,28.532596,77.172667,200.1,2026-04-03 21:14:55
User_011,TRJ_User_011_010,28.532495,77.176069,219.2,2026-04-03 21:15:54
User_011,TRJ_User_011_010,28.531792,77.178862,254.6,2026-04-03 21:16:35
User_011,TRJ_User_011_010,28.531941,77.18228,251.2,2026-04-03 21:16:57
User_011,TRJ_User_011_010,28.532084,77.185357,202.9,2026-04-03 21:17:16
User_011,TRJ_User_011_010,28.531596,77.188558,203.1,2026-04-03 21:18:00
User_011,TRJ_User_011_010,28.531522,77.191304,244.3,2026-04-03 21:18:59
User_011,TRJ_User_011_010,28.531634,77.194458,203.9,2026-04-03 21:19:31
User_011,TRJ_User_011_010,28.531472,77.19695,249.1,2026-04-03 21:20:26
User_011,TRJ_User_011_010,28.530298,77.199532,206.2,2026-04-03 21:20:48
User_011,TRJ_User_011_010,28.52875,77.202891,249.1,2026-04-03 21:21:45
User_011,TRJ_User_011_010,28.528096,77.205381,216.0,2026-04-03 21:22:22
User_011,TRJ_User_011_010,28.527295,77.208063,239.1,2026-04-03 21:23:01
User_011,TRJ_User_011_010,28.52653,77.211508,246.3,2026-04-03 21:23:52
User_011,TRJ_User_011_010,28.526317,77.214702,201.7,2026-04-03 21:24:49
User_012,TRJ_User_012_001,28.550277,77.197645,215.1,2026-04-03 08:00:27
User_012,TRJ_User_012_001,28.550755,77.196187,231.5,2026-04-03 08:00:37
User_012,TRJ_User_012_001,28.550918,77.193952,232.1,2026-04-03 08:01:08
User_012,TRJ_User_012_001,28.551078,77.192195,235.7,2026-04-03 08:02:05
User_012,TRJ_User_012_001,28.551426,77.190721,209.9,2026-04-03 08:02:31
User_012,TRJ_User_012_001,28.552063,77.189413,249.2,2026-04-03 08:03:12
User_012,TRJ_User_012_001,28.551982,77.187883,222.9,2026-04-03 08:04:08
User_012,TRJ_User_012_001,28.552225,77.187018,249.0,2026-04-03 08:04:29
User_012,TRJ_User_012_001,28.55237,77.185166,232.2,2026-04-03 08:05:06
User_012,TRJ_User_012_001,28.552729,77.184304,222.0,2026-04-03 08:05:26
User_012,TRJ_User_012_001,28.553095,77.182615,245.5,2026-04-03 08:05:40
User_012,TRJ_User_012_001,28.552634,77.181223,235.2,2026-04-03 08:06:06
User_012,TRJ_User_012_001,28.553366,77.17912,234.3,2026-04-03 08:06:46
User_012,TRJ_User_012_001,28.554501,77.17726,225.6,2026-04-03 08:07:25
User_012,TRJ_User_012_001,28.554788,77.17575,251.5,2026-04-03 08:08:15
User_012,TRJ_User_012_001,28.555376,77.173604,231.6,2026-04-03 08:09:03
User_012,TRJ_User_012_001,28.555657,77.172345,221.8,2026-04-03 08:10:00
User_012,TRJ_User_012_001,28.556353,77.170105,227.0,2026-04-03 08:10:43
User_012,TRJ_User_012_001,28.556328,77.168029,204.1,2026-04-03 08:11:18
User_012,TRJ_User_012_001,28.556026,77.166277,212.6,2026-04-03 08:11:43
User_012,TRJ_User_012_001,28.555876,77.16434,212.1,2026-04-03 08:12:22
User_012,TRJ_User_012_001,28.555872,77.16317,254.8,2026-04-03 08:13:14
User_012,TRJ_User_012_001,28.556125,77.162133,219.6,2026-04-03 08:13:58
User_012,TRJ_User_012_001,28.556567,77.159847,256.3,2026-04-03 08:14:50
User_012,TRJ_User_012_001,28.55668,77.158415,256.3,2026-04-03 08:15:02
User_012,TRJ_User_012_001,28.556466,77.156443,253.1,2026-04-03 08:15:12
User_012,TRJ_User_012_001,28.556226,77.154873,259.6,2026-04-03 08:15:46
User_012,TRJ_User_012_001,28.556532,77.152649,238.0,2026-04-03 08:16:02
User_012,TRJ_User_012_001,28.556541,77.151352,231.9,2026-04-03 08:16:43
User_012,TRJ_User_012_001,28.556489,77.149442,214.8,2026-04-03 08:17:20
User_012,TRJ_User_012_001,28.556599,77.14783,220.9,2026-04-03 08:18:10
User_012,TRJ_User_012_001,28.556312,77.145861,252.2,2026-04-03 08:18:44
User_012,TRJ_User_012_001,28.556692,77.144271,237.5,2026-04-03 08:19:22
User_012,TRJ_User_012_001,28.556706,77.141885,244.1,2026-04-03 08:20:08
User_012,TRJ_User_012_001,28.556759,77.139727,227.7,2026-04-03 08:20:34
User_012,TRJ_User_012_001,28.557013,77.138042,226.8,2026-04-03 08:21:29
User_012,TRJ_User_012_001,28.557058,77.13622,240.8,2026-04-03 08:21:50
User_012,TRJ_User_012_001,28.5579,77.135095,224.7,2026-04-03 08:22:43
User_012,TRJ_User_012_001,28.557557,77.133561,227.7,2026-04-03 08:23:03
User_012,TRJ_User_012_001,28.557572,-999.0,206.4,2026-04-03 08:23:48
User_012,TRJ_User_012_001,28.557064,77.130515,211.5,2026-04-03 08:24:46
User_012,TRJ_User_012_001,28.557276,77.129022,235.4,2026-04-03 08:25:27
User_012,TRJ_User_012_001,28.557536,77.12708,257.2,2026-04-03 08:25:54
User_012,TRJ_User_012_001,28.557329,77.12595,249.0,2026-04-03 08:26:11
User_012,TRJ_User_012_001,28.557536,77.124522,224.6,2026-04-03 08:27:01
User_012,TRJ_User_012_001,28.557423,77.122407,247.5,2026-04-03 08:27:43
User_012,TRJ_User_012_001,28.557871,77.120771,242.4,2026-04-03 08:28:22
User_012,TRJ_User_012_001,28.558021,77.119648,213.9,2026-04-03 08:28:58
User_012,TRJ_User_012_001,28.558369,77.118021,216.1,2026-04-03 08:29:41
User_012,TRJ_User_012_001,28.557401,77.11659,217.2,2026-04-03 08:30:36
User_012,TRJ_User_012_002,28.559237,77.127704,211.0,2026-04-03 11:12:27
User_012,TRJ_User_012_002,28.558244,77.129192,203.0,2026-04-03 11:13:08
User_012,TRJ_User_012_002,28.557583,77.130961,222.3,2026-04-03 11:14:01
User_012,TRJ_User_012_002,28.557346,77.132215,250.2,2026-04-03 11:14:29
User_012,TRJ_User_012_002,28.557783,77.134287,208.3,2026-04-03 11:15:13
User_012,TRJ_User_012_002,28.556621,77.136101,242.7,2026-04-03 11:15:59
User_012,TRJ_User_012_002,28.555805,77.137367,259.6,2026-04-03 11:16:30
User_012,TRJ_User_012_002,28.55524,77.139285,259.5,2026-04-03 11:16:42
User_012,TRJ_User_012_002,28.554269,77.141413,218.2,2026-04-03 11:16:56
User_012,TRJ_User_012_002,28.553145,77.143274,218.1,2026-04-03 11:17:26
User_012,TRJ_User_012_002,28.552313,77.145419,234.0,2026-04-03 11:18:03
User_012,TRJ_User_012_002,28.551076,77.147145,249.3,2026-04-03 11:18:47
User_012,TRJ_User_012_002,28.550253,77.149274,222.8,2026-04-03 11:19:42
User_012,TRJ_User_012_002,28.548699,77.151467,207.7,2026-04-03 11:20:00
User_012,TRJ_User_012_002,28.547833,77.153846,249.3,2026-04-03 11:20:57
User_012,TRJ_User_012_002,28.546888,77.154686,239.4,2026-04-03 11:21:44
User_012,TRJ_User_012_002,28.546067,77.156401,203.8,2026-04-03 11:21:58
User_012,TRJ_User_012_002,28.54559,77.158267,256.3,2026-04-03 11:22:49
User_012,TRJ_User_012_002,28.544585,77.160122,208.5,2026-04-03 11:23:05
User_012,TRJ_User_012_002,28.543495,77.162993,229.0,2026-04-03 11:24:02
User_012,TRJ_User_012_002,28.542481,77.164491,259.7,2026-04-03 11:24:56
User_012,TRJ_User_012_002,28.54209,77.165909,251.6,2026-04-03 11:25:23
User_012,TRJ_User_012_002,28.541328,77.167664,213.3,2026-04-03 11:25:46
User_012,TRJ_User_012_002,28.540841,77.170246,225.1,2026-04-03 11:26:23
User_012,TRJ_User_012_002,28.539903,77.171274,233.5,2026-04-03 11:26:48
User_012,TRJ_User_012_002,28.539017,77.173561,245.8,2026-04-03 11:27:16
User_012,TRJ_User_012_002,28.538087,77.176206,209.5,2026-04-03 11:28:00
User_012,TRJ_User_012_002,28.537193,77.177709,212.4,2026-04-03 11:28:59
User_012,TRJ_User_012_002,28.536725,77.179555,257.6,2026-04-03 11:29:11
User_012,TRJ_User_012_002,28.536264,77.181925,218.5,2026-04-03 11:30:01
User_012,TRJ_User_012_002,28.535508,77.183463,232.0,2026-04-03 11:30:26
User_012,TRJ_User_012_002,28.535036,77.185961,208.7,2026-04-03 11:31:10
User_012,TRJ_User_012_002,28.534353,77.187506,235.8,2026-04-03 11:31:50
User_012,TRJ_User_012_002,28.53431,77.189374,211.4,2026-04-03 11:32:18
User_012,TRJ_User_012_002,28.533296,77.191638,204.1,2026-04-03 11:32:47
User_012,TRJ_User_012_002,28.532404,77.19397,244.8,2026-04-03 11:33:04
User_012,TRJ_User_012_002,28.531929,77.195553,235.9,2026-04-03 11:33:51
User_012,TRJ_User_012_002,28.531507,77.197854,245.6,2026-04-03 11:34:45
User_012,TRJ_User_012_002,28.530213,77.199303,251.9,2026-04-03 11:35:37
User_012,TRJ_User_012_002,28.529492,77.201108,235.2,2026-04-03 11:36:05
User_012,TRJ_User_012_002,28.528364,77.203491,224.3,2026-04-03 11:37:00
User_012,TRJ_User_012_002,28.527457,77.205722,217.9,2026-04-03 11:37:44
User_012,TRJ_User_012_002,28.526901,77.207051,235.4,2026-04-03 11:38:27
User_012,TRJ_User_012_002,28.52578,77.20901,228.1,2026-04-03 11:39:18
User_012,TRJ_User_012_002,28.525118,77.210321,240.4,2026-04-03 11:39:42
User_012,TRJ_User_012_002,28.524759,77.212705,210.7,2026-04-03 11:40:41
User_012,TRJ_User_012_002,28.52451,77.214697,222.3,2026-04-03 11:41:20
User_012,TRJ_User_012_002,28.524213,77.2164,247.6,2026-04-03 11:42:00
User_012,TRJ_User_012_002,28.52334,77.217748,211.8,2026-04-03 11:42:42
User_012,TRJ_User_012_002,28.523252,77.219994,223.1,2026-04-03 11:43:07
User_012,TRJ_User_012_003,28.551691,77.194655,243.5,2026-04-03 15:37:04
User_012,TRJ_User_012_003,28.551662,77.193636,240.1,2026-04-03 15:37:15
User_012,TRJ_User_012_003,28.551981,77.191973,245.2,2026-04-03 15:37:46
User_012,TRJ_User_012_003,28.551998,77.19028,208.2,2026-04-03 15:38:30
User_012,TRJ_User_012_003,28.552175,77.18857,210.4,2026-04-03 15:38:53
User_012,TRJ_User_012_003,28.552124,77.186715,215.3,2026-04-03 15:39:11
User_012,TRJ_User_012_003,28.55219,77.18513,201.4,2026-04-03 15:39:42
User_012,TRJ_User_012_003,28.552677,77.18396,201.3,2026-04-03 15:40:32
User_012,TRJ_User_012_003,28.552704,77.182929,226.1,2026-04-03 15:41:12
User_012,TRJ_User_012_003,28.552452,77.18107,206.0,2026-04-03 15:41:52
User_012,TRJ_User_012_003,28.552436,77.179335,202.7,2026-04-03 15:42:08
User_012,TRJ_User_012_003,28.552575,77.177491,242.1,2026-04-03 15:42:46
User_012,TRJ_User_012_003,28.552019,77.175689,216.5,2026-04-03 15:43:12
User_012,TRJ_User_012_003,28.55231,77.174271,238.0,2026-04-03 15:43:24
User_012,TRJ_User_012_003,28.552977,77.172843,241.8,2026-04-03 15:44:01
User_012,TRJ_User_012_003,28.553554,77.171002,257.6,2026-04-03 15:44:50
User_012,TRJ_User_012_003,28.553667,77.168684,230.1,2026-04-03 15:45:46
User_012,TRJ_User_012_003,28.554311,77.16745,247.1,2026-04-03 15:46:36
User_012,TRJ_User_012_003,28.554241,77.165302,212.6,2026-04-03 15:47:10
User_012,TRJ_User_012_003,28.554228,77.164286,231.0,2026-04-03 15:47:47
User_012,TRJ_User_012_003,28.553584,77.162866,239.5,2026-04-03 15:48:11
User_012,TRJ_User_012_003,28.552879,77.161046,212.8,2026-04-03 15:48:41
User_012,TRJ_User_012_003,28.552879,77.159274,244.2,2026-04-03 15:49:36
User_012,TRJ_User_012_003,28.55295,77.157629,202.4,2026-04-03 15:49:46
User_012,TRJ_User_012_003,28.553371,77.156185,211.4,2026-04-03 15:50:32
User_012,TRJ_User_012_003,28.552939,77.154495,257.8,2026-04-03 15:51:00
User_012,TRJ_User_012_003,28.553034,77.152945,244.6,2026-04-03 15:51:16
User_012,TRJ_User_012_003,28.553246,77.151223,239.3,2026-04-03 15:52:09
User_012,TRJ_User_012_003,28.553311,77.149824,236.8,2026-04-03 15:52:26
User_012,TRJ_User_012_003,28.552427,77.148795,242.5,2026-04-03 15:53:23
User_012,TRJ_User_012_003,28.552902,77.147344,213.1,2026-04-03 15:54:22
User_012,TRJ_User_012_003,28.552688,77.14614,211.5,2026-04-03 15:54:37
User_012,TRJ_User_012_003,28.552064,77.144285,243.2,2026-04-03 15:54:52
User_012,TRJ_User_012_003,28.552497,77.141797,257.2,2026-04-03 15:55:22
User_012,TRJ_User_012_003,28.552183,77.140916,208.0,2026-04-03 15:55:32
User_012,TRJ_User_012_003,28.552725,77.139051,201.5,2026-04-03 15:56:21
User_012,TRJ_User_012_003,28.552565,77.137605,203.5,2026-04-03 15:56:34
User_012,TRJ_User_012_003,28.552364,77.135809,251.5,2026-04-03 15:57:04
User_012,TRJ_User_012_003,28.55245,77.134309,222.5,2026-04-03 15:57:46
User_012,TRJ_User_012_003,28.552895,77.133402,260.0,2026-04-03 15:57:57
User_012,TRJ_User_012_003,28.552683,77.131666,218.7,2026-04-03 15:58:35
User_012,TRJ_User_012_003,28.552059,77.130174,212.6,2026-04-03 15:59:33
User_012,TRJ_User_012_003,28.551855,77.128666,241.6,2026-04-03 15:59:53
User_012,TRJ_User_012_003,28.552335,77.12723,224.6,2026-04-03 16:00:12
User_012,TRJ_User_012_003,28.553149,77.125667,231.0,2026-04-03 16:00:32
User_012,TRJ_User_012_003,28.55344,77.124132,205.3,2026-04-03 16:01:18
User_012,TRJ_User_012_003,28.553593,77.122365,204.7,2026-04-03 16:01:34
User_012,TRJ_User_012_003,28.553432,77.1209,238.7,2026-04-03 16:02:06
User_012,TRJ_User_012_003,28.553623,77.119341,206.6,2026-04-03 16:02:28
User_012,TRJ_User_012_003,28.552807,77.117233,220.2,2026-04-03 16:02:40
User_012,TRJ_User_012_004,28.557354,77.125066,255.5,2026-04-03 17:50:26
User_012,TRJ_User_012_004,28.556622,77.127064,214.4,2026-04-03 17:50:49
User_012,TRJ_User_012_004,28.555268,77.129389,222.3,2026-04-03 17:51:37
User_012,TRJ_User_012_004,28.555141,77.131006,248.5,2026-04-03 17:52:28
User_012,TRJ_User_012_004,28.554398,77.132403,213.0,2026-04-03 17:52:47
User_012,TRJ_User_012_004,28.553631,77.133645,257.9,2026-04-03 17:53:18
User_012,TRJ_User_012_004,28.55264,77.135029,255.0,2026-04-03 17:53:32
User_012,TRJ_User_012_004,28.552017,77.13714,218.2,2026-04-03 17:53:47
User_012,TRJ_User_012_004,28.55143,77.139629,230.2,2026-04-03 17:54:04
User_012,TRJ_User_012_004,28.550353,77.1423,201.1,2026-04-03 17:54:50
User_012,TRJ_User_012_004,28.549456,77.144328,216.4,2026-04-03 17:55:41
User_012,TRJ_User_012_004,28.548589,77.146326,255.8,2026-04-03 17:56:36
User_012,TRJ_User_012_004,28.547312,77.148116,209.7,2026-04-03 17:57:10
User_012,TRJ_User_012_004,28.546715,77.149648,214.6,2026-04-03 17:57:25
User_012,TRJ_User_012_004,28.545676,77.151845,209.4,2026-04-03 17:58:09
User_012,TRJ_User_012_004,28.54465,77.153809,256.1,2026-04-03 17:58:28
User_012,TRJ_User_012_004,28.544513,77.155818,214.3,2026-04-03 17:59:23
User_012,TRJ_User_012_004,28.543852,77.15756,205.2,2026-04-03 17:59:59
User_012,TRJ_User_012_004,28.543227,77.159382,211.4,2026-04-03 18:00:40
User_012,TRJ_User_012_004,28.543428,77.162301,223.2,2026-04-03 18:01:39
User_012,TRJ_User_012_004,28.542329,77.163269,257.9,2026-04-03 18:01:51
User_012,TRJ_User_012_004,28.541337,77.165983,204.9,2026-04-03 18:02:39
User_012,TRJ_User_012_004,28.540792,77.167992,207.1,2026-04-03 18:03:30
User_012,TRJ_User_012_004,28.539776,77.169828,257.7,2026-04-03 18:04:29
User_012,TRJ_User_012_004,28.539276,77.171323,242.1,2026-04-03 18:05:06
User_012,TRJ_User_012_004,28.538658,77.173158,238.7,2026-04-03 18:05:43
User_012,TRJ_User_012_004,28.537903,77.175737,236.7,2026-04-03 18:06:04
User_012,TRJ_User_012_004,28.537279,77.177826,243.7,2026-04-03 18:06:37
User_012,TRJ_User_012_004,28.537023,77.17978,243.5,2026-04-03 18:07:34
User_012,TRJ_User_012_004,28.536228,77.181435,204.1,2026-04-03 18:08:25
User_012,TRJ_User_012_004,28.535647,77.183243,255.9,2026-04-03 18:08:39
User_012,TRJ_User_012_004,28.535192,77.184919,218.4,2026-04-03 18:09:15
User_012,TRJ_User_012_004,28.534585,77.187238,253.2,2026-04-03 18:09:46
User_012,TRJ_User_012_004,28.533944,77.188271,203.7,2026-04-03 18:09:59
User_012,TRJ_User_012_004,28.533501,77.190481,211.6,2026-04-03 18:10:20
User_012,TRJ_User_012_004,28.532865,77.192037,231.3,2026-04-03 18:10:43
User_012,TRJ_User_012_004,28.531615,77.19374,223.2,2026-04-03 18:11:14
User_012,TRJ_User_012_004,28.531577,77.195703,221.5,2026-04-03 18:11:48
User_012,TRJ_User_012_004,28.530808,77.197976,216.2,2026-04-03 18:12:13
User_012,TRJ_User_012_004,28.530694,77.200371,205.1,2026-04-03 18:13:06
User_012,TRJ_User_012_004,28.529926,77.203131,202.0,2026-04-03 18:13:59
User_012,TRJ_User_012_004,28.530033,77.204528,254.5,2026-04-03 18:14:53
User_012,TRJ_User_012_004,28.529695,77.206693,232.5,2026-04-03 18:15:47
User_012,TRJ_User_012_004,28.529262,77.208241,203.0,2026-04-03 18:16:35
User_012,TRJ_User_012_004,28.528634,77.210398,248.3,2026-04-03 18:17:16
User_012,TRJ_User_012_004,28.527673,77.211757,204.2,2026-04-03 18:17:53
User_012,TRJ_User_012_004,28.526748,77.213714,224.1,2026-04-03 18:18:41
User_012,TRJ_User_012_004,28.526341,77.214837,220.8,2026-04-03 18:19:04
User_012,TRJ_User_012_004,28.524865,77.217137,246.5,2026-04-03 18:19:27
User_012,TRJ_User_012_004,28.524625,77.21866,233.1,2026-04-03 18:19:52
User_012,TRJ_User_012_005,28.543461,77.197552,206.8,2026-04-03 20:08:49
User_012,TRJ_User_012_005,28.543129,77.196024,205.7,2026-04-03 20:09:31
User_012,TRJ_User_012_005,28.543652,77.194271,217.0,2026-04-03 20:10:07
User_012,TRJ_User_012_005,28.543217,77.192472,223.0,2026-04-03 20:10:44
User_012,TRJ_User_012_005,28.54369,77.19123,259.4,2026-04-03 20:11:15
User_012,TRJ_User_012_005,28.544184,77.190445,225.8,2026-04-03 20:12:07
User_012,TRJ_User_012_005,28.544098,77.188938,200.1,2026-04-03 20:12:42
User_012,TRJ_User_012_005,28.544324,77.187266,235.3,2026-04-03 20:13:20
User_012,TRJ_User_012_005,28.544845,77.186157,236.7,2026-04-03 20:13:37
User_012,TRJ_User_012_005,28.545364,77.184879,235.9,2026-04-03 20:14:32
User_012,TRJ_User_012_005,28.545134,77.183404,204.0,2026-04-03 20:15:00
User_012,TRJ_User_012_005,28.545089,77.181452,213.2,2026-04-03 20:15:14
User_012,TRJ_User_012_005,28.544962,77.1802,235.5,2026-04-03 20:15:52
User_012,TRJ_User_012_005,28.545416,77.1789,249.9,2026-04-03 20:16:43
User_012,TRJ_User_012_005,28.544974,77.177722,211.8,2026-04-03 20:17:11
User_012,TRJ_User_012_005,28.545701,77.176241,222.8,2026-04-03 20:18:10
User_012,TRJ_User_012_005,28.546466,77.174736,224.1,2026-04-03 20:18:29
User_012,TRJ_User_012_005,28.546144,77.173315,200.9,2026-04-03 20:19:05
User_012,TRJ_User_012_005,28.54634,77.171356,247.1,2026-04-03 20:19:29
User_012,TRJ_User_012_005,28.547054,77.169369,208.9,2026-04-03 20:19:44
User_012,TRJ_User_012_005,28.547536,77.168126,239.8,2026-04-03 20:20:31
User_012,TRJ_User_012_005,28.548609,77.165965,229.8,2026-04-03 20:20:48
User_012,TRJ_User_012_005,28.548724,77.164001,225.3,2026-04-03 20:21:38
User_012,TRJ_User_012_005,28.548958,77.16255,215.0,2026-04-03 20:22:01
User_012,TRJ_User_012_005,28.549744,77.161327,211.7,2026-04-03 20:22:41
User_012,TRJ_User_012_005,28.549738,77.160087,230.5,2026-04-03 20:22:53
User_012,TRJ_User_012_005,28.549942,77.158354,259.7,2026-04-03 20:23:42
User_012,TRJ_User_012_005,28.550397,77.157291,214.6,2026-04-03 20:23:58
User_012,TRJ_User_012_005,28.550459,77.155498,206.0,2026-04-03 20:24:08
User_012,TRJ_User_012_005,28.550331,77.154761,209.5,2026-04-03 20:24:20
User_012,TRJ_User_012_005,28.550855,77.153288,208.1,2026-04-03 20:25:02
User_012,TRJ_User_012_005,28.550519,77.151457,201.8,2026-04-03 20:25:12
User_012,TRJ_User_012_005,28.550675,77.149747,248.2,2026-04-03 20:25:59
User_012,TRJ_User_012_005,28.551201,77.148539,201.6,2026-04-03 20:26:43
User_012,TRJ_User_012_005,28.551246,77.147423,209.6,2026-04-03 20:27:37
User_012,TRJ_User_012_005,28.551848,77.145876,235.2,2026-04-03 20:28:02
User_012,TRJ_User_012_005,28.552228,77.144528,256.4,2026-04-03 20:28:21
User_012,TRJ_User_012_005,28.553103,77.142593,235.0,2026-04-03 20:28:45
User_012,TRJ_User_012_005,28.553563,77.140335,226.8,2026-04-03 20:29:04
User_012,TRJ_User_012_005,28.553693,77.138884,254.3,2026-04-03 20:29:23
User_012,TRJ_User_012_005,28.554186,77.138135,232.6,2026-04-03 20:29:47
User_012,TRJ_User_012_005,28.554146,77.136015,251.6,2026-04-03 20:30:13
User_012,TRJ_User_012_005,28.554416,77.135232,235.0,2026-04-03 20:30:44
User_012,TRJ_User_012_005,28.554907,77.133374,213.4,2026-04-03 20:30:56
User_012,TRJ_User_012_005,28.554931,77.131703,241.5,2026-04-03 20:31:46
User_012,TRJ_User_012_005,28.555317,77.130405,251.9,2026-04-03 20:32:31
User_012,TRJ_User_012_005,28.555554,77.12949,236.0,2026-04-03 20:33:22
User_012,TRJ_User_012_005,28.55591,77.128317,222.0,2026-04-03 20:33:43
User_012,TRJ_User_012_005,28.555612,77.127196,245.2,2026-04-03 20:34:24
User_012,TRJ_User_012_005,28.556317,77.1254,255.4,2026-04-03 20:35:20
User_012,TRJ_User_012_006,28.557659,77.116582,235.8,2026-04-03 22:38:36
User_012,TRJ_User_012_006,28.556328,77.116486,239.6,2026-04-03 22:39:13
User_012,TRJ_User_012_006,28.555167,77.115855,233.8,2026-04-03 22:40:11
User_012,TRJ_User_012_006,28.554088,77.11504,221.9,2026-04-03 22:40:41
User_012,TRJ_User_012_006,28.553372,77.114793,247.5,2026-04-03 22:41:33
User_012,TRJ_User_012_006,28.551913,77.114758,239.9,2026-04-03 22:42:07
User_012,TRJ_User_012_006,28.551315,77.113883,216.1,2026-04-03 22:43:06
User_012,TRJ_User_012_006,28.54949,77.113705,229.7,2026-04-03 22:43:32
User_012,TRJ_User_012_006,28.548075,77.112622,250.0,2026-04-03 22:44:13
User_012,TRJ_User_012_006,28.54719,77.112157,218.5,2026-04-03 22:44:40
User_012,TRJ_User_012_006,28.546023,77.111783,200.3,2026-04-03 22:45:26
User_012,TRJ_User_012_006,28.544466,77.110618,226.5,2026-04-03 22:45:53
User_012,TRJ_User_012_006,28.54365,77.110286,236.4,2026-04-03 22:46:15
User_012,TRJ_User_012_006,28.542078,77.10973,223.5,2026-04-03 22:47:05
User_012,TRJ_User_012_006,28.541113,77.10877,218.1,2026-04-03 22:47:24
User_012,TRJ_User_012_006,28.5397,77.108679,237.0,2026-04-03 22:47:41
User_012,TRJ_User_012_006,28.537708,77.107832,250.4,2026-04-03 22:48:36
User_012,TRJ_User_012_006,28.537095,77.107279,229.7,2026-04-03 22:48:50
User_012,TRJ_User_012_006,28.53536,77.106133,227.7,2026-04-03 22:49:28
User_012,TRJ_User_012_006,28.534004,77.105184,212.7,2026-04-03 22:49:41
User_012,TRJ_User_012_006,28.532818,77.103917,237.6,2026-04-03 22:50:16
User_012,TRJ_User_012_006,28.531604,77.103857,251.4,2026-04-03 22:51:11
User_012,TRJ_User_012_006,28.529985,77.102556,203.7,2026-04-03 22:51:36
User_012,TRJ_User_012_006,28.529036,77.102001,225.1,2026-04-03 22:52:17
User_012,TRJ_User_012_006,28.527739,77.101165,211.3,2026-04-03 22:52:55
User_012,TRJ_User_012_006,28.525996,77.100186,218.5,2026-04-03 22:53:21
User_012,TRJ_User_012_006,28.524702,77.098856,211.1,2026-04-03 22:54:00
User_012,TRJ_User_012_006,28.523445,77.098096,222.3,2026-04-03 22:54:26
User_012,TRJ_User_012_006,28.521958,77.097235,235.7,2026-04-03 22:54:49
User_012,TRJ_User_012_006,28.521173,77.096355,252.9,2026-04-03 22:55:09
User_012,TRJ_User_012_006,28.519541,77.095909,215.3,2026-04-03 22:55:43
User_012,TRJ_User_012_006,28.518647,77.094757,253.1,2026-04-03 22:56:26
User_012,TRJ_User_012_006,28.517011,77.094131,207.2,2026-04-03 22:57:05
User_012,TRJ_User_012_006,28.515746,77.093714,256.9,2026-04-03 22:57:39
User_012,TRJ_User_012_006,28.514656,77.092823,245.0,2026-04-03 22:58:14
User_012,TRJ_User_012_006,28.51375,77.092126,201.8,2026-04-03 22:59:03
User_012,TRJ_User_012_006,28.512565,77.091669,228.3,2026-04-03 22:59:26
User_012,TRJ_User_012_006,28.510711,77.091173,226.7,2026-04-03 22:59:50
User_012,TRJ_User_012_006,28.509108,77.090366,218.8,2026-04-03 23:00:06
User_012,TRJ_User_012_006,28.508476,77.088903,236.4,2026-04-03 23:01:02
User_012,TRJ_User_012_006,28.507445,77.087722,217.0,2026-04-03 23:01:43
User_012,TRJ_User_012_006,28.506234,77.08741,225.9,2026-04-03 23:02:17
User_012,TRJ_User_012_006,28.504745,77.087236,257.4,2026-04-03 23:03:05
User_012,TRJ_User_012_006,28.503769,77.087159,225.3,2026-04-03 23:03:31
User_012,TRJ_User_012_006,28.502547,77.087092,244.3,2026-04-03 23:04:29
User_012,TRJ_User_012_006,28.50085,77.086478,233.5,2026-04-03 23:04:59
User_012,TRJ_User_012_006,28.499705,77.085831,250.4,2026-04-03 23:05:16
User_012,TRJ_User_012_006,28.498494,77.085818,200.6,2026-04-03 23:05:45
User_012,TRJ_User_012_006,28.497239,77.085395,223.5,2026-04-03 23:06:40
User_012,TRJ_User_012_006,28.496295,77.085015,257.6,2026-04-03 23:07:04
User_012,TRJ_User_012_007,28.547357,77.198617,250.3,2026-04-03 23:59:37
User_012,TRJ_User_012_007,28.548701,77.197751,258.3,2026-04-03 23:59:50
User_012,TRJ_User_012_007,28.548455,77.196318,217.0,2026-04-04 00:00:06
User_012,TRJ_User_012_007,28.548946,77.195143,236.6,2026-04-04 00:01:04
User_012,TRJ_User_012_007,28.548371,77.193401,214.2,2026-04-04 00:01:57
User_012,TRJ_User_012_007,28.54787,77.192095,222.9,2026-04-04 00:02:40
User_012,TRJ_User_012_007,28.547714,77.190233,252.2,2026-04-04 00:03:12
User_012,TRJ_User_012_007,28.547826,77.18872,220.6,2026-04-04 00:04:00
User_012,TRJ_User_012_007,28.547845,77.187624,232.1,2026-04-04 00:04:32
User_012,TRJ_User_012_007,28.548241,77.185637,221.2,2026-04-04 00:05:00
User_012,TRJ_User_012_007,28.548232,77.184607,212.8,2026-04-04 00:05:58
User_012,TRJ_User_012_007,28.548831,77.183367,227.6,2026-04-04 00:06:25
User_012,TRJ_User_012_007,28.549097,77.181678,246.2,2026-04-04 00:07:05
User_012,TRJ_User_012_007,28.548839,77.180311,216.1,2026-04-04 00:07:45
User_012,TRJ_User_012_007,28.549411,77.178496,227.9,2026-04-04 00:08:14
User_012,TRJ_User_012_007,28.549388,77.177131,248.9,2026-04-04 00:09:07
User_012,TRJ_User_012_007,28.550296,77.175422,225.0,2026-04-04 00:09:55
User_012,TRJ_User_012_007,28.550478,77.174268,256.1,2026-04-04 00:10:14
User_012,TRJ_User_012_007,28.550858,77.173285,229.2,2026-04-04 00:11:02
User_012,TRJ_User_012_007,28.550364,77.171799,221.3,2026-04-04 00:11:52
User_012,TRJ_User_012_007,28.54989,77.170442,228.0,2026-04-04 00:12:17
User_012,TRJ_User_012_007,28.550423,77.168731,251.2,2026-04-04 00:13:11
User_012,TRJ_User_012_007,28.5509,77.16799,240.3,2026-04-04 00:13:45
User_012,TRJ_User_012_007,28.551048,77.166182,227.7,2026-04-04 00:13:59
User_012,TRJ_User_012_007,28.551648,77.16438,220.6,2026-04-04 00:14:16
User_012,TRJ_User_012_007,28.552116,77.163178,208.4,2026-04-04 00:14:33
User_012,TRJ_User_012_007,28.551747,77.161255,213.8,2026-04-04 00:14:52
User_012,TRJ_User_012_007,28.551544,77.159327,252.2,2026-04-04 00:15:34
User_012,TRJ_User_012_007,28.55283,77.158115,219.9,2026-04-04 00:15:52
User_012,TRJ_User_012_007,28.553913,77.156425,206.2,2026-04-04 00:16:38
User_012,TRJ_User_012_007,28.553952,77.154933,217.4,2026-04-04 00:17:03
User_012,TRJ_User_012_007,28.554356,77.152638,259.0,2026-04-04 00:17:34
User_012,TRJ_User_012_007,28.554707,77.151347,248.0,2026-04-04 00:18:13
User_012,TRJ_User_012_007,28.554773,77.149525,203.5,2026-04-04 00:19:00
User_012,TRJ_User_012_007,28.555784,77.147995,213.7,2026-04-04 00:19:14
User_012,TRJ_User_012_007,28.555825,77.146284,220.2,2026-04-04 00:20:06
User_012,TRJ_User_012_007,28.555899,77.144537,200.5,2026-04-04 00:20:41
User_012,TRJ_User_012_007,28.555809,77.143015,235.0,2026-04-04 00:21:19
User_012,TRJ_User_012_007,28.556095,77.140982,207.9,2026-04-04 00:22:08
User_012,TRJ_User_012_007,28.55608,77.138779,221.4,2026-04-04 00:22:55
User_012,TRJ_User_012_007,28.556153,77.137197,211.9,2026-04-04 00:23:06
User_012,TRJ_User_012_007,28.556292,77.13492,214.2,2026-04-04 00:23:54
User_012,TRJ_User_012_007,28.556698,77.13336,232.9,2026-04-04 00:24:22
User_012,TRJ_User_012_007,28.556974,77.131631,222.4,2026-04-04 00:24:37
User_012,TRJ_User_012_007,28.557039,77.130697,259.1,2026-04-04 00:25:34
User_012,TRJ_User_012_007,28.557228,77.128931,218.5,2026-04-04 00:26:22
User_012,TRJ_User_012_007,28.557089,77.127435,242.0,2026-04-04 00:26:52
User_012,TRJ_User_012_007,28.557613,77.126017,228.2,2026-04-04 00:27:15
User_012,TRJ_User_012_007,28.558012,77.124737,252.3,2026-04-04 00:27:46
User_012,TRJ_User_012_007,28.558452,77.122962,238.9,2026-04-04 00:28:24
User_012,TRJ_User_012_008,28.556851,77.117738,253.3,2026-04-04 02:11:21
User_012,TRJ_User_012_008,28.558752,77.118456,222.8,2026-04-04 02:12:17
User_012,TRJ_User_012_008,28.560717,77.120073,243.3,2026-04-04 02:12:53
User_012,TRJ_User_012_008,28.562921,77.121757,255.7,2026-04-04 02:13:39
User_012,TRJ_User_012_008,28.564845,77.123857,202.5,2026-04-04 02:14:23
User_012,TRJ_User_012_008,28.566189,77.12497,215.2,2026-04-04 02:14:33
User_012,TRJ_User_012_008,28.568199,77.126903,223.0,2026-04-04 02:15:28
User_012,TRJ_User_012_008,28.57018,77.129542,229.5,2026-04-04 02:15:54
User_012,TRJ_User_012_008,28.572128,77.131877,220.1,2026-04-04 02:16:41
User_012,TRJ_User_012_008,28.573738,77.133573,248.8,2026-04-04 02:17:32
User_012,TRJ_User_012_008,28.576664,77.135091,229.3,2026-04-04 02:18:11
User_012,TRJ_User_012_008,28.579077,77.136216,255.4,2026-04-04 02:18:31
User_012,TRJ_User_012_008,28.581072,77.137456,258.0,2026-04-04 02:19:03
User_012,TRJ_User_012_008,28.582704,77.138465,202.6,2026-04-04 02:19:37
User_012,TRJ_User_012_008,28.584119,77.13955,240.5,2026-04-04 02:19:58
User_012,TRJ_User_012_008,28.586103,77.140794,253.2,2026-04-04 02:20:10
User_012,TRJ_User_012_008,28.588113,77.142373,204.6,2026-04-04 02:21:04
User_012,TRJ_User_012_008,28.589767,77.144649,217.4,2026-04-04 02:21:26
User_012,TRJ_User_012_008,28.592147,77.14587,217.3,2026-04-04 02:22:21
User_012,TRJ_User_012_008,28.594463,77.147934,256.5,2026-04-04 02:23:01
User_012,TRJ_User_012_008,28.595743,77.149291,231.3,2026-04-04 02:23:22
User_012,TRJ_User_012_008,28.59814,77.150408,215.1,2026-04-04 02:23:35
User_012,TRJ_User_012_008,28.600024,77.15166,220.2,2026-04-04 02:24:19
User_012,TRJ_User_012_008,28.60226,77.152957,203.6,2026-04-04 02:25:15
User_012,TRJ_User_012_008,28.604256,77.154361,231.0,2026-04-04 02:26:04
User_012,TRJ_User_012_008,28.606144,77.155554,244.5,2026-04-04 02:26:41
User_012,TRJ_User_012_008,28.607739,77.157138,225.2,2026-04-04 02:27:04
User_012,TRJ_User_012_008,28.609034,77.158665,211.6,2026-04-04 02:27:45
User_012,TRJ_User_012_008,28.610362,77.160224,219.2,2026-04-04 02:28:17
User_012,TRJ_User_012_008,28.612815,77.161154,257.7,2026-04-04 02:29:16
User_012,TRJ_User_012_008,28.614303,77.162401,255.8,2026-04-04 02:29:48
User_012,TRJ_User_012_008,28.616469,77.164052,229.2,2026-04-04 02:30:24
User_012,TRJ_User_012_008,28.618174,77.165587,248.9,2026-04-04 02:30:46
User_012,TRJ_User_012_008,28.6201,77.167775,246.0,2026-04-04 02:31:04
User_012,TRJ_User_012_008,28.622488,77.169477,256.8,2026-04-04 02:31:25
User_012,TRJ_User_012_008,28.624613,77.171021,204.8,2026-04-04 02:31:52
User_012,TRJ_User_012_008,28.626151,77.1725,228.0,2026-04-04 02:32:06
User_012,TRJ_User_012_008,28.627233,77.173848,237.7,2026-04-04 02:32:40
User_012,TRJ_User_012_008,28.629185,77.174556,222.6,2026-04-04 02:33:39
User_012,TRJ_User_012_008,28.631887,77.175338,210.8,2026-04-04 02:34:19
User_012,TRJ_User_012_008,28.634232,77.17685,255.3,2026-04-04 02:35:12
User_012,TRJ_User_012_008,28.636,77.178608,239.9,2026-04-04 02:35:52
User_012,TRJ_User_012_008,28.637971,77.180352,240.1,2026-04-04 02:36:44
User_012,TRJ_User_012_008,28.639401,77.182129,256.2,2026-04-04 02:36:58
User_012,TRJ_User_012_008,28.641234,77.18396,242.8,2026-04-04 02:37:43
User_012,TRJ_User_012_008,28.643585,77.185564,200.2,2026-04-04 02:38:17
User_012,TRJ_User_012_008,28.645657,77.187871,256.6,2026-04-04 02:38:37
User_012,TRJ_User_012_008,28.647615,77.189617,255.8,2026-04-04 02:39:01
User_012,TRJ_User_012_008,28.649656,77.191047,240.0,2026-04-04 02:39:43
User_012,TRJ_User_012_008,28.65123,77.193197,206.9,2026-04-04 02:40:32
User_012,TRJ_User_012_009,28.551855,77.200282,253.0,2026-04-04 03:14:49
User_012,TRJ_User_012_009,28.551901,77.199184,243.4,2026-04-04 03:15:16
User_012,TRJ_User_012_009,28.552248,77.1972,229.5,2026-04-04 03:16:12
User_012,TRJ_User_012_009,28.552567,77.19461,240.6,2026-04-04 03:16:48
User_012,TRJ_User_012_009,28.552677,77.192536,207.5,2026-04-04 03:17:29
User_012,TRJ_User_012_009,28.553014,77.19048,224.9,2026-04-04 03:17:54
User_012,TRJ_User_012_009,28.553556,77.188611,247.8,2026-04-04 03:18:12
User_012,TRJ_User_012_009,28.553996,77.187339,217.0,2026-04-04 03:18:42
User_012,TRJ_User_012_009,28.553984,77.185696,228.5,2026-04-04 03:19:32
User_012,TRJ_User_012_009,28.554313,77.184695,203.0,2026-04-04 03:20:04
User_012,TRJ_User_012_009,28.554163,77.183125,206.5,2026-04-04 03:20:42
User_012,TRJ_User_012_009,28.554233,77.181769,214.9,2026-04-04 03:20:53
User_012,TRJ_User_012_009,28.554717,77.179883,235.6,2026-04-04 03:21:18
User_012,TRJ_User_012_009,28.554327,77.17807,241.5,2026-04-04 03:22:08
User_012,TRJ_User_012_009,28.55501,77.176416,215.7,2026-04-04 03:22:22
User_012,TRJ_User_012_009,28.55535,77.17496,248.3,2026-04-04 03:22:49
User_012,TRJ_User_012_009,28.555994,77.1739,208.0,2026-04-04 03:23:11
User_012,TRJ_User_012_009,28.556342,77.172512,240.2,2026-04-04 03:23:58
User_012,TRJ_User_012_009,28.556376,77.1709,223.9,2026-04-04 03:24:36
User_012,TRJ_User_012_009,28.556765,77.168971,257.8,2026-04-04 03:25:22
User_012,TRJ_User_012_009,28.556432,77.167482,221.2,2026-04-04 03:26:17
User_012,TRJ_User_012_009,28.556583,77.165611,231.7,2026-04-04 03:27:02
User_012,TRJ_User_012_009,28.556516,77.163564,209.0,2026-04-04 03:27:28
User_012,TRJ_User_012_009,28.556864,77.162031,257.9,2026-04-04 03:28:04
User_012,TRJ_User_012_009,28.556163,77.160042,238.9,2026-04-04 03:28:34
User_012,TRJ_User_012_009,28.556383,77.15872,218.8,2026-04-04 03:28:45
User_012,TRJ_User_012_009,28.556511,77.156391,233.2,2026-04-04 03:29:26
User_012,TRJ_User_012_009,28.555899,77.154651,200.4,2026-04-04 03:30:16
User_012,TRJ_User_012_009,28.556407,77.153301,216.8,2026-04-04 03:30:29
User_012,TRJ_User_012_009,28.556739,77.151597,240.6,2026-04-04 03:30:46
User_012,TRJ_User_012_009,28.55659,77.149508,239.9,2026-04-04 03:31:42
User_012,TRJ_User_012_009,28.557066,77.147822,213.2,2026-04-04 03:32:35
User_012,TRJ_User_012_009,28.556841,77.145767,211.0,2026-04-04 03:32:47
User_012,TRJ_User_012_009,28.55764,77.143987,249.2,2026-04-04 03:33:44
User_012,TRJ_User_012_009,28.557319,77.142663,221.7,2026-04-04 03:34:16
User_012,TRJ_User_012_009,28.5572,77.141214,256.2,2026-04-04 03:35:07
User_012,TRJ_User_012_009,28.556849,77.138518,233.9,2026-04-04 03:36:04
User_012,TRJ_User_012_009,28.557128,77.136573,201.8,2026-04-04 03:36:53
User_012,TRJ_User_012_009,28.557016,77.134888,244.8,2026-04-04 03:37:46
User_012,TRJ_User_012_009,28.55711,77.133526,226.8,2026-04-04 03:38:44
User_012,TRJ_User_012_009,28.557172,77.132141,240.2,2026-04-04 03:39:00
User_012,TRJ_User_012_009,28.557517,77.131356,236.4,2026-04-04 03:39:49
User_012,TRJ_User_012_009,28.557267,77.129305,240.7,2026-04-04 03:40:36
User_012,TRJ_User_012_009,28.557186,77.127258,240.0,2026-04-04 03:41:16
User_012,TRJ_User_012_009,28.557419,77.1259,249.7,2026-04-04 03:41:52
User_012,TRJ_User_012_009,28.557715,77.12383,245.5,2026-04-04 03:42:49
User_012,TRJ_User_012_009,28.55712,77.122009,231.4,2026-04-04 03:43:47
User_012,TRJ_User_012_009,28.557578,77.120721,259.1,2026-04-04 03:44:24
User_012,TRJ_User_012_009,28.557487,77.119564,210.2,2026-04-04 03:44:34
User_012,TRJ_User_012_009,28.557429,77.11846,235.4,2026-04-04 03:45:15
User_012,TRJ_User_012_010,28.557143,77.119659,241.9,2026-04-04 05:35:38
User_012,TRJ_User_012_010,28.555766,77.119453,215.8,2026-04-04 05:35:51
User_012,TRJ_User_012_010,28.553812,77.118216,221.4,2026-04-04 05:36:35
User_012,TRJ_User_012_010,28.552872,77.117785,211.7,2026-04-04 05:37:02
User_012,TRJ_User_012_010,28.551805,77.117768,205.8,2026-04-04 05:37:40
User_012,TRJ_User_012_010,28.551159,77.116681,225.2,2026-04-04 05:38:35
User_012,TRJ_User_012_010,28.549911,77.116459,238.7,2026-04-04 05:39:01
User_012,TRJ_User_012_010,28.548852,77.115605,224.4,2026-04-04 05:39:20
User_012,TRJ_User_012_010,28.54834,77.114637,202.0,2026-04-04 05:40:01
User_012,TRJ_User_012_010,28.547511,77.113794,212.1,2026-04-04 05:40:30
User_012,TRJ_User_012_010,28.545918,77.113502,255.5,2026-04-04 05:41:19
User_012,TRJ_User_012_010,28.544592,77.112701,237.2,2026-04-04 05:41:50
User_012,TRJ_User_012_010,28.543985,77.112377,251.2,2026-04-04 05:42:42
User_012,TRJ_User_012_010,28.542442,77.111439,218.2,2026-04-04 05:43:12
User_012,TRJ_User_012_010,28.541132,77.110913,222.0,2026-04-04 05:43:37
User_012,TRJ_User_012_010,28.539524,77.110972,233.3,2026-04-04 05:43:52
User_012,TRJ_User_012_010,28.538564,77.1104,242.8,2026-04-04 05:44:17
User_012,TRJ_User_012_010,28.537004,77.110014,225.3,2026-04-04 05:44:51
User_012,TRJ_User_012_010,28.535842,77.109046,227.8,2026-04-04 05:45:49
User_012,TRJ_User_012_010,28.534878,77.108708,208.9,2026-04-04 05:46:00
User_012,TRJ_User_012_010,28.533151,77.107893,240.5,2026-04-04 05:46:11
User_012,TRJ_User_012_010,28.53172,77.107605,200.1,2026-04-04 05:46:50
User_012,TRJ_User_012_010,28.531213,77.106736,219.1,2026-04-04 05:47:19
User_012,TRJ_User_012_010,28.528794,77.106603,226.1,2026-04-04 05:48:17
User_012,TRJ_User_012_010,28.526824,77.105189,238.0,2026-04-04 05:48:37
User_012,TRJ_User_012_010,28.525261,77.104528,231.8,2026-04-04 05:49:11
User_012,TRJ_User_012_010,28.523431,77.104057,208.7,2026-04-04 05:49:30
User_012,TRJ_User_012_010,28.521783,77.104182,257.7,2026-04-04 05:49:59
User_012,TRJ_User_012_010,28.519824,77.103855,244.7,2026-04-04 05:50:40
User_012,TRJ_User_012_010,28.519181,77.102831,203.2,2026-04-04 05:51:03
User_012,TRJ_User_012_010,28.518359,77.101572,242.1,2026-04-04 05:51:51
User_012,TRJ_User_012_010,28.517355,77.101049,226.7,2026-04-04 05:52:22
User_012,TRJ_User_012_010,28.516595,77.100256,231.5,2026-04-04 05:53:09
User_012,TRJ_User_012_010,28.515151,77.099125,251.6,2026-04-04 05:53:57
User_012,TRJ_User_012_010,28.513433,77.099003,253.1,2026-04-04 05:54:49
User_012,TRJ_User_012_010,28.511676,77.098617,236.4,2026-04-04 05:55:09
User_012,TRJ_User_012_010,28.510612,77.097563,220.3,2026-04-04 05:55:23
User_012,TRJ_User_012_010,28.510792,77.096969,238.1,2026-04-04 05:55:50
User_012,TRJ_User_012_010,28.508822,77.096277,252.5,2026-04-04 05:56:48
User_012,TRJ_User_012_010,28.507688,77.096291,215.1,2026-04-04 05:57:04
User_012,TRJ_User_012_010,28.506002,77.095191,230.4,2026-04-04 05:57:53
User_012,TRJ_User_012_010,28.50464,77.095139,219.4,2026-04-04 05:58:21
User_012,TRJ_User_012_010,28.503904,77.094743,204.5,2026-04-04 05:59:09
User_012,TRJ_User_012_010,28.502184,77.093645,230.1,2026-04-04 05:59:51
User_012,TRJ_User_012_010,28.500963,77.09393,257.4,2026-04-04 06:00:18
User_012,TRJ_User_012_010,28.500363,77.093765,212.6,2026-04-04 06:01:07
User_012,TRJ_User_012_010,28.498999,77.092951,259.1,2026-04-04 06:01:50
User_012,TRJ_User_012_010,28.4978,77.092079,259.9,2026-04-04 06:02:19
User_012,TRJ_User_012_010,28.49668,77.092092,213.7,2026-04-04 06:03:01
User_012,TRJ_User_012_010,28.495282,77.091196,205.4,2026-04-04 06:03:17
User_013,TRJ_User_013_001,28.558538,77.063137,203.4,2026-04-04 09:00:32
User_013,TRJ_User_013_001,28.560604,77.065353,203.2,2026-04-04 09:01:12
User_013,TRJ_User_013_001,28.562612,77.06757,236.4,2026-04-04 09:01:36
User_013,TRJ_User_013_001,28.564407,77.069955,256.8,2026-04-04 09:02:35
User_013,TRJ_User_013_001,28.566864,77.072725,245.2,2026-04-04 09:02:56
User_013,TRJ_User_013_001,28.568434,77.075603,202.8,2026-04-04 09:03:26
User_013,TRJ_User_013_001,28.570234,77.077453,206.5,2026-04-04 09:03:56
User_013,TRJ_User_013_001,28.57184,77.0803,247.2,2026-04-04 09:04:10
User_013,TRJ_User_013_001,28.573162,77.083953,223.1,2026-04-04 09:04:55
User_013,TRJ_User_013_001,28.575079,77.08637,240.8,2026-04-04 09:05:18
User_013,TRJ_User_013_001,28.576607,77.089216,230.6,2026-04-04 09:05:58
User_013,TRJ_User_013_001,28.579019,77.090893,258.9,2026-04-04 09:06:14
User_013,TRJ_User_013_001,28.580754,77.092835,238.5,2026-04-04 09:06:42
User_013,TRJ_User_013_001,28.583442,77.094645,220.4,2026-04-04 09:07:03
User_013,TRJ_User_013_001,28.585923,77.097149,205.6,2026-04-04 09:07:31
User_013,TRJ_User_013_001,28.587174,77.099845,223.1,2026-04-04 09:08:13
User_013,TRJ_User_013_001,28.588708,77.102461,210.0,2026-04-04 09:08:28
User_013,TRJ_User_013_001,28.590256,77.105277,228.6,2026-04-04 09:09:19
User_013,TRJ_User_013_001,28.593419,77.107611,201.9,2026-04-04 09:10:18
User_013,TRJ_User_013_001,28.595139,77.110388,245.8,2026-04-04 09:10:47
User_013,TRJ_User_013_001,28.596378,77.112842,209.4,2026-04-04 09:11:35
User_013,TRJ_User_013_001,28.598017,77.115973,209.4,2026-04-04 09:12:19
User_013,TRJ_User_013_001,28.599915,77.11879,216.6,2026-04-04 09:13:11
User_013,TRJ_User_013_001,28.601953,77.122147,236.2,2026-04-04 09:13:23
User_013,TRJ_User_013_001,28.604439,77.125151,234.2,2026-04-04 09:14:03
User_013,TRJ_User_013_001,28.607246,77.128055,209.0,2026-04-04 09:14:55
User_013,TRJ_User_013_001,28.609465,77.130612,247.7,2026-04-04 09:15:17
User_013,TRJ_User_013_001,28.611691,77.133106,212.4,2026-04-04 09:15:50
User_013,TRJ_User_013_001,28.613858,77.136026,216.5,2026-04-04 09:16:03
User_013,TRJ_User_013_001,28.615535,77.138642,210.9,2026-04-04 09:16:49
User_013,TRJ_User_013_001,28.617423,77.141819,237.9,2026-04-04 09:17:31
User_013,TRJ_User_013_001,28.61922,77.145035,220.9,2026-04-04 09:18:04
User_013,TRJ_User_013_001,28.620735,77.147801,237.0,2026-04-04 09:18:39
User_013,TRJ_User_013_001,28.622873,77.150617,202.8,2026-04-04 09:19:38
User_013,TRJ_User_013_001,28.624408,77.153496,206.8,2026-04-04 09:20:08
User_013,TRJ_User_013_001,28.626589,77.156133,210.6,2026-04-04 09:20:51
User_013,TRJ_User_013_001,28.628457,77.158777,228.1,2026-04-04 09:21:13
User_013,TRJ_User_013_001,28.629887,77.161181,249.0,2026-04-04 09:22:01
User_013,TRJ_User_013_001,28.632091,77.16385,200.6,2026-04-04 09:22:55
User_013,TRJ_User_013_001,28.633723,77.166346,254.7,2026-04-04 09:23:28
User_013,TRJ_User_013_001,28.635222,77.169205,227.0,2026-04-04 09:24:01
User_013,TRJ_User_013_001,28.637356,77.171314,252.8,2026-04-04 09:24:27
User_013,TRJ_User_013_001,28.640358,77.173874,222.4,2026-04-04 09:25:06
User_013,TRJ_User_013_001,28.642096,77.176629,223.5,2026-04-04 09:25:28
User_013,TRJ_User_013_001,28.643908,77.179007,255.6,2026-04-04 09:26:04
User_013,TRJ_User_013_001,28.646379,77.181134,220.5,2026-04-04 09:26:20
User_013,TRJ_User_013_001,28.64923,77.183776,214.3,2026-04-04 09:27:06
User_013,TRJ_User_013_001,28.65134,77.186591,229.9,2026-04-04 09:27:45
User_013,TRJ_User_013_001,28.65293,77.188902,222.1,2026-04-04 09:28:38
User_013,TRJ_User_013_001,28.6552,77.191592,241.2,2026-04-04 09:29:20
User_013,TRJ_User_013_002,28.651021,77.190641,200.3,2026-04-04 11:09:51
User_013,TRJ_User_013_002,28.651045,77.190865,256.7,2026-04-04 11:10:10
User_013,TRJ_User_013_002,28.650214,77.191012,228.3,2026-04-04 11:10:55
User_013,TRJ_User_013_002,28.65012,77.192409,200.6,2026-04-04 11:11:48
User_013,TRJ_User_013_002,28.650438,77.192756,219.3,2026-04-04 11:12:47
User_013,TRJ_User_013_002,28.650082,77.193752,258.1,2026-04-04 11:13:27
User_013,TRJ_User_013_002,28.650317,77.194314,236.0,2026-04-04 11:13:49
User_013,TRJ_User_013_002,28.649709,77.195124,213.8,2026-04-04 11:14:42
User_013,TRJ_User_013_002,28.650489,77.195252,246.0,2026-04-04 11:15:16
User_013,TRJ_User_013_002,28.649963,77.195891,229.3,2026-04-04 11:15:37
User_013,TRJ_User_013_002,28.649317,77.196238,210.8,2026-04-04 11:16:13
User_013,TRJ_User_013_002,28.649792,77.197424,200.4,2026-04-04 11:17:09
User_013,TRJ_User_013_002,28.649613,77.198264,211.3,2026-04-04 11:17:49
User_013,TRJ_User_013_002,28.649345,77.199003,229.2,2026-04-04 11:18:10
User_013,TRJ_User_013_002,28.649752,77.199322,217.8,2026-04-04 11:18:58
User_013,TRJ_User_013_002,28.648952,77.199528,219.5,2026-04-04 11:19:16
User_013,TRJ_User_013_002,28.64866,77.199333,244.6,2026-04-04 11:19:43
User_013,TRJ_User_013_002,28.648168,77.200192,252.1,2026-04-04 11:20:05
User_013,TRJ_User_013_002,28.647123,77.201008,225.6,2026-04-04 11:20:19
User_013,TRJ_User_013_002,28.647053,77.201336,228.7,2026-04-04 11:20:52
User_013,TRJ_User_013_002,28.646244,77.202025,211.4,2026-04-04 11:21:06
User_013,TRJ_User_013_002,28.645176,77.202691,228.1,2026-04-04 11:21:50
User_013,TRJ_User_013_002,28.644711,77.203323,205.9,2026-04-04 11:22:38
User_013,TRJ_User_013_002,28.644215,77.20354,225.4,2026-04-04 11:22:48
User_013,TRJ_User_013_002,28.643435,77.20394,236.5,2026-04-04 11:23:10
User_013,TRJ_User_013_002,28.642382,77.204422,237.3,2026-04-04 11:23:38
User_013,TRJ_User_013_002,28.642334,77.205109,258.6,2026-04-04 11:24:15
User_013,TRJ_User_013_002,28.642431,77.205486,242.7,2026-04-04 11:24:53
User_013,TRJ_User_013_002,28.642213,77.206119,203.3,2026-04-04 11:25:27
User_013,TRJ_User_013_002,28.642573,77.206099,234.4,2026-04-04 11:26:18
User_013,TRJ_User_013_002,28.641662,77.206179,215.7,2026-04-04 11:26:31
User_013,TRJ_User_013_002,28.641893,77.206171,214.6,2026-04-04 11:26:55
User_013,TRJ_User_013_002,28.640776,77.206307,203.5,2026-04-04 11:27:38
User_013,TRJ_User_013_002,28.640689,77.20677,200.8,2026-04-04 11:28:14
User_013,TRJ_User_013_002,28.640796,77.20717,217.0,2026-04-04 11:28:39
User_013,TRJ_User_013_002,28.640486,77.20808,202.7,2026-04-04 11:29:07
User_013,TRJ_User_013_002,28.639601,77.208429,257.8,2026-04-04 11:29:27
User_013,TRJ_User_013_002,28.639469,77.209132,236.6,2026-04-04 11:29:58
User_013,TRJ_User_013_002,28.638903,77.21006,225.1,2026-04-04 11:30:51
User_013,TRJ_User_013_002,28.638266,77.211647,232.1,2026-04-04 11:31:13
User_013,TRJ_User_013_002,28.638124,77.212142,228.8,2026-04-04 11:31:55
User_013,TRJ_User_013_002,28.638279,77.212495,200.9,2026-04-04 11:32:42
User_013,TRJ_User_013_002,28.637765,77.21308,202.0,2026-04-04 11:33:21
User_013,TRJ_User_013_002,28.637294,77.213678,233.3,2026-04-04 11:34:03
User_013,TRJ_User_013_002,28.636925,77.21358,254.7,2026-04-04 11:34:17
User_013,TRJ_User_013_002,28.63733,77.214141,237.1,2026-04-04 11:34:59
User_013,TRJ_User_013_002,28.636566,77.214161,213.1,2026-04-04 11:35:44
User_013,TRJ_User_013_002,28.636504,77.214579,236.7,2026-04-04 11:36:23
User_013,TRJ_User_013_002,28.636572,77.21495,246.8,2026-04-04 11:37:12
User_013,TRJ_User_013_002,28.636067,77.215222,223.3,2026-04-04 11:38:01
User_013,TRJ_User_013_003,28.552529,77.059862,238.0,2026-04-04 14:27:42
User_013,TRJ_User_013_003,28.554958,77.06231,248.5,2026-04-04 14:27:56
User_013,TRJ_User_013_003,28.556886,77.064763,258.7,2026-04-04 14:28:12
User_013,TRJ_User_013_003,28.558919,77.067174,222.0,2026-04-04 14:28:53
User_013,TRJ_User_013_003,28.560869,77.069709,233.7,2026-04-04 14:29:11
User_013,TRJ_User_013_003,28.562824,77.072027,258.6,2026-04-04 14:29:47
User_013,TRJ_User_013_003,28.564116,77.074143,218.4,2026-04-04 14:30:44
User_013,TRJ_User_013_003,28.566058,77.077077,201.3,2026-04-04 14:31:14
User_013,TRJ_User_013_003,28.567104,77.080158,220.3,2026-04-04 14:31:31
User_013,TRJ_User_013_003,28.569127,77.082399,233.3,2026-04-04 14:32:30
User_013,TRJ_User_013_003,28.571376,77.085095,228.9,2026-04-04 14:33:06
User_013,TRJ_User_013_003,28.573068,77.087636,224.8,2026-04-04 14:33:23
User_013,TRJ_User_013_003,28.57479,77.089871,251.2,2026-04-04 14:33:58
User_013,TRJ_User_013_003,28.57633,77.093006,234.1,2026-04-04 14:34:22
User_013,TRJ_User_013_003,28.57896,77.095997,249.6,2026-04-04 14:35:19
User_013,TRJ_User_013_003,28.581353,77.098741,222.9,2026-04-04 14:36:18
User_013,TRJ_User_013_003,28.582787,77.101321,217.2,2026-04-04 14:36:43
User_013,TRJ_User_013_003,28.584689,77.1042,207.7,2026-04-04 14:37:25
User_013,TRJ_User_013_003,28.587014,77.106941,235.0,2026-04-04 14:38:11
User_013,TRJ_User_013_003,28.589522,77.109824,220.4,2026-04-04 14:38:24
User_013,TRJ_User_013_003,28.591356,77.11244,219.3,2026-04-04 14:38:34
User_013,TRJ_User_013_003,28.594253,77.11513,236.0,2026-04-04 14:39:12
User_013,TRJ_User_013_003,28.596546,77.117468,235.4,2026-04-04 14:39:32
User_013,TRJ_User_013_003,28.59876,77.120293,216.9,2026-04-04 14:40:10
User_013,TRJ_User_013_003,28.600454,77.122615,205.7,2026-04-04 14:40:41
User_013,TRJ_User_013_003,28.602644,77.125312,224.0,2026-04-04 14:41:21
User_013,TRJ_User_013_003,28.605144,77.128609,215.9,2026-04-04 14:42:01
User_013,TRJ_User_013_003,28.607156,77.131343,232.7,2026-04-04 14:42:52
User_013,TRJ_User_013_003,28.608858,77.133963,255.5,2026-04-04 14:43:41
User_013,TRJ_User_013_003,28.610985,77.136581,217.5,2026-04-04 14:44:07
User_013,TRJ_User_013_003,28.613232,77.138885,224.4,2026-04-04 14:44:35
User_013,TRJ_User_013_003,28.614882,77.141812,233.8,2026-04-04 14:45:23
User_013,TRJ_User_013_003,28.617396,77.145165,244.4,2026-04-04 14:46:11
User_013,TRJ_User_013_003,28.619445,77.147934,252.3,2026-04-04 14:46:31
User_013,TRJ_User_013_003,28.621876,77.151014,243.3,2026-04-04 14:47:23
User_013,TRJ_User_013_003,28.623609,77.15388,251.3,2026-04-04 14:47:46
User_013,TRJ_User_013_003,28.62599,77.156524,239.1,2026-04-04 14:48:01
User_013,TRJ_User_013_003,28.628033,77.158562,245.1,2026-04-04 14:48:54
User_013,TRJ_User_013_003,28.629743,77.162091,236.6,2026-04-04 14:49:21
User_013,TRJ_User_013_003,28.631822,77.164923,216.5,2026-04-04 14:49:37
User_013,TRJ_User_013_003,28.633557,77.167531,244.4,2026-04-04 14:49:56
User_013,TRJ_User_013_003,28.636327,77.170209,246.3,2026-04-04 14:50:32
User_013,TRJ_User_013_003,28.63845,77.172402,240.6,2026-04-04 14:50:58
User_013,TRJ_User_013_003,28.640911,77.175625,203.5,2026-04-04 14:51:53
User_013,TRJ_User_013_003,28.643536,77.178478,205.9,2026-04-04 14:52:07
User_013,TRJ_User_013_003,28.645328,77.181178,238.6,2026-04-04 14:52:46
User_013,TRJ_User_013_003,28.64764,77.183258,202.3,2026-04-04 14:53:45
User_013,TRJ_User_013_003,28.649564,77.18557,249.0,2026-04-04 14:54:19
User_013,TRJ_User_013_003,28.651335,77.188241,215.2,2026-04-04 14:55:17
User_013,TRJ_User_013_003,28.652873,77.19119,221.3,2026-04-04 14:55:49
User_013,TRJ_User_013_004,28.64943,77.194874,222.6,2026-04-04 18:26:40
User_013,TRJ_User_013_004,28.65063,77.195493,249.8,2026-04-04 18:27:36
User_013,TRJ_User_013_004,28.650204,77.195453,248.6,2026-04-04 18:27:52
User_013,TRJ_User_013_004,28.650592,77.195843,238.8,2026-04-04 18:28:35
User_013,TRJ_User_013_004,28.649668,77.195512,243.3,2026-04-04 18:28:56
User_013,TRJ_User_013_004,28.649227,77.195399,249.5,2026-04-04 18:29:11
User_013,TRJ_User_013_004,28.649051,77.194351,225.3,2026-04-04 18:29:49
User_013,TRJ_User_013_004,28.64934,77.194878,220.3,2026-04-04 18:30:15
User_013,TRJ_User_013_004,28.649806,77.194319,242.2,2026-04-04 18:30:29
User_013,TRJ_User_013_004,28.649539,77.193796,223.4,2026-04-04 18:30:45
User_013,TRJ_User_013_004,28.649447,77.194514,226.3,2026-04-04 18:31:32
User_013,TRJ_User_013_004,28.649796,77.194032,218.1,2026-04-04 18:31:52
User_013,TRJ_User_013_004,28.649532,77.194074,236.1,2026-04-04 18:32:45
User_013,TRJ_User_013_004,28.649497,77.194217,224.1,2026-04-04 18:33:23
User_013,TRJ_User_013_004,28.650156,77.194359,226.4,2026-04-04 18:33:39
User_013,TRJ_User_013_004,28.650641,77.193852,215.5,2026-04-04 18:34:24
User_013,TRJ_User_013_004,28.6506,77.194189,220.3,2026-04-04 18:34:56
User_013,TRJ_User_013_004,28.650375,77.193807,231.2,2026-04-04 18:35:50
User_013,TRJ_User_013_004,28.65018,77.194227,223.8,2026-04-04 18:36:00
User_013,TRJ_User_013_004,28.650373,77.194259,214.1,2026-04-04 18:36:33
User_013,TRJ_User_013_004,28.650983,77.194106,236.8,2026-04-04 18:37:10
User_013,TRJ_User_013_004,28.650734,77.193785,211.8,2026-04-04 18:37:49
User_013,TRJ_User_013_004,28.651208,77.194285,248.1,2026-04-04 18:38:23
User_013,TRJ_User_013_004,28.650452,77.194665,237.9,2026-04-04 18:39:07
User_013,TRJ_User_013_004,28.650548,77.194157,243.7,2026-04-04 18:39:56
User_013,TRJ_User_013_004,28.650032,77.193587,225.8,2026-04-04 18:40:09
User_013,TRJ_User_013_004,28.650304,77.193844,223.1,2026-04-04 18:40:55
User_013,TRJ_User_013_004,28.650478,77.193864,214.0,2026-04-04 18:41:52
User_013,TRJ_User_013_004,28.650301,77.192998,211.2,2026-04-04 18:42:27
User_013,TRJ_User_013_004,28.65005,77.193076,237.2,2026-04-04 18:42:45
User_013,TRJ_User_013_004,28.650381,77.192675,232.4,2026-04-04 18:43:13
User_013,TRJ_User_013_004,28.650142,77.192877,244.2,2026-04-04 18:43:49
User_013,TRJ_User_013_004,28.65009,77.193249,244.4,2026-04-04 18:43:59
User_013,TRJ_User_013_004,28.650321,77.192362,235.5,2026-04-04 18:44:25
User_013,TRJ_User_013_004,28.650638,77.193119,228.4,2026-04-04 18:44:57
User_013,TRJ_User_013_004,28.649551,77.192995,232.5,2026-04-04 18:45:37
User_013,TRJ_User_013_004,28.65016,77.193233,235.8,2026-04-04 18:46:15
User_013,TRJ_User_013_004,28.65039,77.1931,234.1,2026-04-04 18:47:08
User_013,TRJ_User_013_004,28.650405,77.19284,206.3,2026-04-04 18:47:19
User_013,TRJ_User_013_004,28.650941,77.191921,224.1,2026-04-04 18:47:30
User_013,TRJ_User_013_004,28.65062,77.191479,215.1,2026-04-04 18:47:47
User_013,TRJ_User_013_004,28.65061,77.191041,214.1,2026-04-04 18:48:36
User_013,TRJ_User_013_004,28.649634,77.190797,205.9,2026-04-04 18:49:34
User_013,TRJ_User_013_004,28.649983,77.190374,203.7,2026-04-04 18:50:04
User_013,TRJ_User_013_004,28.650677,77.190598,254.5,2026-04-04 18:50:54
User_013,TRJ_User_013_004,28.65081,77.190773,224.5,2026-04-04 18:51:24
User_013,TRJ_User_013_004,28.650768,77.190603,256.8,2026-04-04 18:51:42
User_013,TRJ_User_013_004,28.650134,77.190988,239.8,2026-04-04 18:52:33
User_013,TRJ_User_013_004,28.649891,77.190984,220.3,2026-04-04 18:53:02
User_013,TRJ_User_013_004,28.650775,77.190927,206.7,2026-04-04 18:53:32
User_013,TRJ_User_013_005,28.550118,77.058437,259.9,2026-04-04 19:56:44
User_013,TRJ_User_013_005,28.551773,77.06076,220.9,2026-04-04 19:57:05
User_013,TRJ_User_013_005,28.554154,77.06335,245.0,2026-04-04 19:57:15
User_013,TRJ_User_013_005,28.555727,77.065672,245.1,2026-04-04 19:57:58
User_013,TRJ_User_013_005,28.557533,77.068491,214.7,2026-04-04 19:58:57
User_013,TRJ_User_013_005,28.559538,77.071827,209.8,2026-04-04 19:59:46
User_013,TRJ_User_013_005,28.562337,77.074366,231.5,2026-04-04 20:00:41
User_013,TRJ_User_013_005,28.564067,77.075957,254.0,2026-04-04 20:01:22
User_013,TRJ_User_013_005,28.56612,77.079069,212.0,2026-04-04 20:02:09
User_013,TRJ_User_013_005,28.568123,77.082001,243.7,2026-04-04 20:03:02
User_013,TRJ_User_013_005,28.569693,77.085314,219.9,2026-04-04 20:03:57
User_013,TRJ_User_013_005,28.571163,77.088073,220.4,2026-04-04 20:04:26
User_013,TRJ_User_013_005,28.573612,77.091321,236.8,2026-04-04 20:04:39
User_013,TRJ_User_013_005,28.575326,77.094181,244.1,2026-04-04 20:04:50
User_013,TRJ_User_013_005,28.577079,77.096694,207.8,2026-04-04 20:05:21
User_013,TRJ_User_013_005,28.579158,77.099337,236.2,2026-04-04 20:05:33
User_013,TRJ_User_013_005,28.58131,77.101637,254.7,2026-04-04 20:06:32
User_013,TRJ_User_013_005,28.583232,77.10391,202.6,2026-04-04 20:07:31
User_013,TRJ_User_013_005,28.586856,77.107529,255.4,2026-04-04 20:08:08
User_013,TRJ_User_013_005,28.589372,77.109893,244.0,2026-04-04 20:08:24
User_013,TRJ_User_013_005,28.591863,77.112678,233.0,2026-04-04 20:08:38
User_013,TRJ_User_013_005,28.594643,77.115514,239.2,2026-04-04 20:09:02
User_013,TRJ_User_013_005,28.597572,77.117986,252.8,2026-04-04 20:09:32
User_013,TRJ_User_013_005,28.599243,77.12092,225.4,2026-04-04 20:10:22
User_013,TRJ_User_013_005,28.601772,77.123521,219.5,2026-04-04 20:10:50
User_013,TRJ_User_013_005,28.603667,77.126772,230.1,2026-04-04 20:11:03
User_013,TRJ_User_013_005,28.605302,77.129521,202.2,2026-04-04 20:11:55
User_013,TRJ_User_013_005,28.607814,77.131916,227.4,2026-04-04 20:12:09
User_013,TRJ_User_013_005,28.609943,77.135262,219.4,2026-04-04 20:12:20
User_013,TRJ_User_013_005,28.612424,77.137519,249.2,2026-04-04 20:13:16
User_013,TRJ_User_013_005,28.614739,77.139892,243.7,2026-04-04 20:13:57
User_013,TRJ_User_013_005,28.617359,77.142239,213.3,2026-04-04 20:14:22
User_013,TRJ_User_013_005,28.619332,77.145202,256.2,2026-04-04 20:15:07
User_013,TRJ_User_013_005,28.621781,77.147607,219.9,2026-04-04 20:15:53
User_013,TRJ_User_013_005,28.623668,77.149994,237.4,2026-04-04 20:16:33
User_013,TRJ_User_013_005,28.626031,77.152499,240.5,2026-04-04 20:17:06
User_013,TRJ_User_013_005,28.628024,77.155228,245.6,2026-04-04 20:17:47
User_013,TRJ_User_013_005,28.629896,77.158149,250.0,2026-04-04 20:18:06
User_013,TRJ_User_013_005,28.63189,77.159956,247.4,2026-04-04 20:18:40
User_013,TRJ_User_013_005,28.633652,77.162475,237.8,2026-04-04 20:18:50
User_013,TRJ_User_013_005,28.635331,77.164956,238.3,2026-04-04 20:19:31
User_013,TRJ_User_013_005,28.637725,77.168036,203.0,2026-04-04 20:19:46
User_013,TRJ_User_013_005,28.640668,77.170742,257.4,2026-04-04 20:20:03
User_013,TRJ_User_013_005,28.643027,77.173229,249.5,2026-04-04 20:20:30
User_013,TRJ_User_013_005,28.645133,77.176161,206.2,2026-04-04 20:20:54
User_013,TRJ_User_013_005,28.647285,77.178788,240.7,2026-04-04 20:21:12
User_013,TRJ_User_013_005,28.648613,77.180847,218.3,2026-04-04 20:21:36
User_013,TRJ_User_013_005,28.650802,77.183104,239.4,2026-04-04 20:22:22
User_013,TRJ_User_013_005,28.653612,77.185463,223.2,2026-04-04 20:22:49
User_013,TRJ_User_013_005,28.655569,77.188201,246.9,2026-04-04 20:22:59
User_013,TRJ_User_013_006,28.650072,77.189496,250.9,2026-04-04 23:13:32
User_013,TRJ_User_013_006,28.648578,77.189647,234.7,2026-04-04 23:14:04
User_013,TRJ_User_013_006,28.646552,77.189347,205.1,2026-04-04 23:14:45
User_013,TRJ_User_013_006,28.643861,77.189412,207.6,2026-04-04 23:15:38
User_013,TRJ_User_013_006,28.642084,77.18954,234.7,2026-04-04 23:16:13
User_013,TRJ_User_013_006,28.63959,77.18929,226.7,2026-04-04 23:16:57
User_013,TRJ_User_013_006,28.638009,77.18956,248.4,2026-04-04 23:17:14
User_013,TRJ_User_013_006,28.636233,77.189467,208.4,2026-04-04 23:17:25
User_013,TRJ_User_013_006,28.633658,77.189906,214.4,2026-04-04 23:17:43
User_013,TRJ_User_013_006,28.631922,77.189881,231.1,2026-04-04 23:18:12
User_013,TRJ_User_013_006,28.63067,77.189962,233.9,2026-04-04 23:19:07
User_013,TRJ_User_013_006,28.628228,77.191145,232.6,2026-04-04 23:20:06
User_013,TRJ_User_013_006,28.626067,77.19127,244.0,2026-04-04 23:20:35
User_013,TRJ_User_013_006,28.624096,77.19151,210.6,2026-04-04 23:21:10
User_013,TRJ_User_013_006,28.622044,77.192405,246.8,2026-04-04 23:22:08
User_013,TRJ_User_013_006,28.62047,77.192259,239.2,2026-04-04 23:22:46
User_013,TRJ_User_013_006,28.618972,77.191548,220.9,2026-04-04 23:22:59
User_013,TRJ_User_013_006,28.617082,77.192159,204.5,2026-04-04 23:23:39
User_013,TRJ_User_013_006,28.615316,77.192677,222.5,2026-04-04 23:24:07
User_013,TRJ_User_013_006,28.614127,77.193246,216.5,2026-04-04 23:24:34
User_013,TRJ_User_013_006,28.612028,77.19367,257.4,2026-04-04 23:25:20
User_013,TRJ_User_013_006,28.610051,77.194093,209.5,2026-04-04 23:25:55
User_013,TRJ_User_013_006,28.607682,77.194301,239.2,2026-04-04 23:26:35
User_013,TRJ_User_013_006,28.606374,77.193937,231.5,2026-04-04 23:27:29
User_013,TRJ_User_013_006,28.605084,77.193576,247.4,2026-04-04 23:27:47
User_013,TRJ_User_013_006,28.602925,77.193888,221.5,2026-04-04 23:27:57
User_013,TRJ_User_013_006,28.601676,77.194436,219.0,2026-04-04 23:28:26
User_013,TRJ_User_013_006,28.599236,77.19461,259.6,2026-04-04 23:28:59
User_013,TRJ_User_013_006,28.597422,77.195006,223.1,2026-04-04 23:29:52
User_013,TRJ_User_013_006,28.595948,77.195428,236.5,2026-04-04 23:30:44
User_013,TRJ_User_013_006,28.594136,77.195407,202.2,2026-04-04 23:31:21
User_013,TRJ_User_013_006,28.592099,77.195582,204.7,2026-04-04 23:31:33
User_013,TRJ_User_013_006,28.59063,77.194966,207.6,2026-04-04 23:31:44
User_013,TRJ_User_013_006,28.589194,77.194637,246.7,2026-04-04 23:32:22
User_013,TRJ_User_013_006,28.586881,77.195232,257.8,2026-04-04 23:33:11
User_013,TRJ_User_013_006,28.584554,77.195735,210.5,2026-04-04 23:34:03
User_013,TRJ_User_013_006,28.582393,77.196174,204.4,2026-04-04 23:34:37
User_013,TRJ_User_013_006,28.580886,77.195956,221.3,2026-04-04 23:35:00
User_013,TRJ_User_013_006,28.578603,77.195697,247.0,2026-04-04 23:35:28
User_013,TRJ_User_013_006,28.576276,77.195761,229.6,2026-04-04 23:35:53
User_013,TRJ_User_013_006,28.573646,77.196182,200.0,2026-04-04 23:36:38
User_013,TRJ_User_013_006,28.571817,77.196756,204.6,2026-04-04 23:37:37
User_013,TRJ_User_013_006,28.569621,77.197095,235.9,2026-04-04 23:37:59
User_013,TRJ_User_013_006,28.568055,77.197439,202.9,2026-04-04 23:38:25
User_013,TRJ_User_013_006,28.566023,77.19729,226.6,2026-04-04 23:38:39
User_013,TRJ_User_013_006,28.563602,77.197637,214.1,2026-04-04 23:39:33
User_013,TRJ_User_013_006,28.561494,77.198293,229.9,2026-04-04 23:40:21
User_013,TRJ_User_013_006,28.559797,77.198476,225.6,2026-04-04 23:40:54
User_013,TRJ_User_013_006,28.558132,77.198605,226.9,2026-04-04 23:41:44
User_013,TRJ_User_013_006,28.555825,77.199297,213.7,2026-04-04 23:42:38
User_013,TRJ_User_013_007,28.551808,77.058646,235.1,2026-04-05 02:36:49
User_013,TRJ_User_013_007,28.554253,77.061056,204.9,2026-04-05 02:37:33
User_013,TRJ_User_013_007,28.556353,77.063819,234.2,2026-04-05 02:38:19
User_013,TRJ_User_013_007,28.558395,77.066999,247.1,2026-04-05 02:38:45
User_013,TRJ_User_013_007,28.560451,77.06964,245.6,2026-04-05 02:39:18
User_013,TRJ_User_013_007,28.562776,77.072502,212.5,2026-04-05 02:39:28
User_013,TRJ_User_013_007,28.564322,77.07502,215.9,2026-04-05 02:40:26
User_013,TRJ_User_013_007,28.565734,77.07744,222.4,2026-04-05 02:41:03
User_013,TRJ_User_013_007,28.568165,77.080489,248.8,2026-04-05 02:41:13
User_013,TRJ_User_013_007,28.570487,77.082857,226.9,2026-04-05 02:41:40
User_013,TRJ_User_013_007,28.572627,77.085395,213.7,2026-04-05 02:42:28
User_013,TRJ_User_013_007,28.575071,77.088359,226.9,2026-04-05 02:43:17
User_013,TRJ_User_013_007,28.577315,77.091765,212.6,2026-04-05 02:43:30
User_013,TRJ_User_013_007,28.579691,77.094765,248.9,2026-04-05 02:43:59
User_013,TRJ_User_013_007,28.581084,77.097341,258.2,2026-04-05 02:44:11
User_013,TRJ_User_013_007,28.583161,77.100586,249.5,2026-04-05 02:45:07
User_013,TRJ_User_013_007,28.585093,77.103382,221.1,2026-04-05 02:45:20
User_013,TRJ_User_013_007,28.587278,77.105536,242.0,2026-04-05 02:45:47
User_013,TRJ_User_013_007,28.588958,77.108509,231.4,2026-04-05 02:46:19
User_013,TRJ_User_013_007,28.590326,77.111775,256.4,2026-04-05 02:46:49
User_013,TRJ_User_013_007,28.592046,77.114577,250.7,2026-04-05 02:47:29
User_013,TRJ_User_013_007,28.59439,77.117756,200.9,2026-04-05 02:48:02
User_013,TRJ_User_013_007,28.596342,77.120467,251.5,2026-04-05 02:48:29
User_013,TRJ_User_013_007,28.598058,77.122713,237.4,2026-04-05 02:49:03
User_013,TRJ_User_013_007,28.600091,77.125643,221.3,2026-04-05 02:50:00
User_013,TRJ_User_013_007,28.602191,77.128918,219.6,2026-04-05 02:50:28
User_013,TRJ_User_013_007,28.604294,77.131657,241.0,2026-04-05 02:51:14
User_013,TRJ_User_013_007,28.606387,77.134226,237.8,2026-04-05 02:51:39
User_013,TRJ_User_013_007,28.608331,77.137186,242.2,2026-04-05 02:52:13
User_013,TRJ_User_013_007,28.610642,77.13924,255.8,2026-04-05 02:53:03
User_013,TRJ_User_013_007,28.612293,77.142341,220.0,2026-04-05 02:53:43
User_013,TRJ_User_013_007,28.614733,77.145155,204.0,2026-04-05 02:53:55
User_013,TRJ_User_013_007,28.61632,77.147629,254.4,2026-04-05 02:54:29
User_013,TRJ_User_013_007,28.617758,77.150201,218.0,2026-04-05 02:55:07
User_013,TRJ_User_013_007,28.620022,77.153312,255.0,2026-04-05 02:55:44
User_013,TRJ_User_013_007,28.621999,77.155825,246.4,2026-04-05 02:56:29
User_013,TRJ_User_013_007,28.623665,77.157979,202.2,2026-04-05 02:57:23
User_013,TRJ_User_013_007,28.62573,77.160586,203.8,2026-04-05 02:58:17
User_013,TRJ_User_013_007,28.627505,77.16371,241.8,2026-04-05 02:58:58
User_013,TRJ_User_013_007,28.630244,77.166275,222.2,2026-04-05 02:59:35
User_013,TRJ_User_013_007,28.632249,77.168509,257.0,2026-04-05 03:00:10
User_013,TRJ_User_013_007,28.634984,77.171167,233.6,2026-04-05 03:00:29
User_013,TRJ_User_013_007,28.636788,77.174169,233.2,2026-04-05 03:01:01
User_013,TRJ_User_013_007,28.638682,77.17689,226.2,2026-04-05 03:01:23
User_013,TRJ_User_013_007,28.640723,77.178853,203.4,2026-04-05 03:02:01
User_013,TRJ_User_013_007,28.6423,77.181619,233.5,2026-04-05 03:02:42
User_013,TRJ_User_013_007,28.644498,77.184447,245.0,2026-04-05 03:03:36
User_013,TRJ_User_013_007,28.646564,77.187331,243.7,2026-04-05 03:04:13
User_013,TRJ_User_013_007,28.648528,77.190521,203.6,2026-04-05 03:05:03
User_013,TRJ_User_013_007,28.650929,77.193277,213.9,2026-04-05 03:05:20
User_013,TRJ_User_013_008,28.649202,77.19358,251.6,2026-04-05 06:16:45
User_013,TRJ_User_013_008,28.646733,77.191113,211.6,2026-04-05 06:17:19
User_013,TRJ_User_013_008,28.643286,77.189283,228.7,2026-04-05 06:17:31
User_013,TRJ_User_013_008,28.639741,77.187551,208.1,2026-04-05 06:18:04
User_013,TRJ_User_013_008,28.636751,77.185976,250.0,2026-04-05 06:18:26
User_013,TRJ_User_013_008,28.634034,77.184334,228.0,2026-04-05 06:18:49
User_013,TRJ_User_013_008,28.631163,77.181563,229.6,2026-04-05 06:19:40
User_013,TRJ_User_013_008,28.628777,77.178547,238.1,2026-04-05 06:20:19
User_013,TRJ_User_013_008,28.625635,77.176145,204.3,2026-04-05 06:21:04
User_013,TRJ_User_013_008,28.622234,77.174091,208.0,2026-04-05 06:21:38
User_013,TRJ_User_013_008,28.618858,77.172408,204.7,2026-04-05 06:22:33
User_013,TRJ_User_013_008,28.615583,77.169854,239.9,2026-04-05 06:23:12
User_013,TRJ_User_013_008,28.612897,77.168209,247.6,2026-04-05 06:23:49
User_013,TRJ_User_013_008,28.609803,77.166697,226.6,2026-04-05 06:24:04
User_013,TRJ_User_013_008,28.606126,77.164429,208.1,2026-04-05 06:24:47
User_013,TRJ_User_013_008,28.603108,77.162352,217.1,2026-04-05 06:24:57
User_013,TRJ_User_013_008,28.599953,77.160152,238.0,2026-04-05 06:25:54
User_013,TRJ_User_013_008,28.596103,77.158149,254.9,2026-04-05 06:26:12
User_013,TRJ_User_013_008,28.593083,77.156098,235.5,2026-04-05 06:26:24
User_013,TRJ_User_013_008,28.589189,77.154494,246.5,2026-04-05 06:27:08
User_013,TRJ_User_013_008,28.586244,77.152138,212.0,2026-04-05 06:27:40
User_013,TRJ_User_013_008,28.583151,77.14989,230.2,2026-04-05 06:28:03
User_013,TRJ_User_013_008,28.579699,77.147349,252.4,2026-04-05 06:28:53
User_013,TRJ_User_013_008,28.577177,77.145468,204.2,2026-04-05 06:29:47
User_013,TRJ_User_013_008,28.574632,77.142565,235.1,2026-04-05 06:30:41
User_013,TRJ_User_013_008,28.571667,77.140832,219.9,2026-04-05 06:31:07
User_013,TRJ_User_013_008,28.568069,77.138645,243.6,2026-04-05 06:31:26
User_013,TRJ_User_013_008,28.564709,77.136429,248.2,2026-04-05 06:32:14
User_013,TRJ_User_013_008,28.561519,77.134027,201.5,2026-04-05 06:32:25
User_013,TRJ_User_013_008,28.558333,77.132198,240.5,2026-04-05 06:32:57
User_013,TRJ_User_013_008,28.555149,77.129068,214.7,2026-04-05 06:33:46
User_013,TRJ_User_013_008,28.55179,77.126937,240.2,2026-04-05 06:34:17
User_013,TRJ_User_013_008,28.549211,77.124654,201.9,2026-04-05 06:35:11
User_013,TRJ_User_013_008,28.54648,77.122762,207.3,2026-04-05 06:35:31
User_013,TRJ_User_013_008,28.543571,77.119697,226.0,2026-04-05 06:35:49
User_013,TRJ_User_013_008,28.540001,77.11688,207.1,2026-04-05 06:36:14
User_013,TRJ_User_013_008,28.536186,77.115249,210.3,2026-04-05 06:36:48
User_013,TRJ_User_013_008,28.533257,77.11321,238.6,2026-04-05 06:37:14
User_013,TRJ_User_013_008,28.529957,77.111014,219.0,2026-04-05 06:37:37
User_013,TRJ_User_013_008,28.526883,77.10899,227.7,2026-04-05 06:37:49
User_013,TRJ_User_013_008,28.524227,77.106696,230.8,2026-04-05 06:38:10
User_013,TRJ_User_013_008,28.520899,77.104241,227.9,2026-04-05 06:38:33
User_013,TRJ_User_013_008,28.518136,77.101685,242.3,2026-04-05 06:38:47
User_013,TRJ_User_013_008,28.515103,77.099233,257.2,2026-04-05 06:39:09
User_013,TRJ_User_013_008,28.512049,77.097345,218.7,2026-04-05 06:39:38
User_013,TRJ_User_013_008,28.508981,77.095187,258.9,2026-04-05 06:40:25
User_013,TRJ_User_013_008,28.506341,77.092645,217.4,2026-04-05 06:40:54
User_013,TRJ_User_013_008,28.502603,77.090326,257.2,2026-04-05 06:41:17
User_013,TRJ_User_013_008,28.499794,77.088225,256.7,2026-04-05 06:42:02
User_013,TRJ_User_013_008,28.496484,77.086148,251.5,2026-04-05 06:42:24
User_013,TRJ_User_013_009,28.55147,77.058465,218.3,2026-04-05 10:13:49
User_013,TRJ_User_013_009,28.553131,77.061652,211.3,2026-04-05 10:14:45
User_013,TRJ_User_013_009,28.554777,77.063997,221.4,2026-04-05 10:15:05
User_013,TRJ_User_013_009,28.557214,77.06705,209.9,2026-04-05 10:16:02
User_013,TRJ_User_013_009,28.55931,77.069535,223.0,2026-04-05 10:16:28
User_013,TRJ_User_013_009,28.561186,77.072514,207.9,2026-04-05 10:16:59
User_013,TRJ_User_013_009,28.563493,77.075222,237.1,2026-04-05 10:17:13
User_013,TRJ_User_013_009,28.565909,77.077918,252.8,2026-04-05 10:17:44
User_013,TRJ_User_013_009,28.567765,77.080573,213.0,2026-04-05 10:18:10
User_013,TRJ_User_013_009,28.569711,77.082867,205.2,2026-04-05 10:18:40
User_013,TRJ_User_013_009,28.571791,77.086417,214.2,2026-04-05 10:19:22
User_013,TRJ_User_013_009,28.573874,77.088976,237.3,2026-04-05 10:20:05
User_013,TRJ_User_013_009,28.575971,77.091397,206.1,2026-04-05 10:21:04
User_013,TRJ_User_013_009,28.577635,77.093467,201.1,2026-04-05 10:21:58
User_013,TRJ_User_013_009,28.579749,77.096299,252.0,2026-04-05 10:22:12
User_013,TRJ_User_013_009,28.582812,77.099406,210.6,2026-04-05 10:22:40
User_013,TRJ_User_013_009,28.584886,77.102422,215.3,2026-04-05 10:23:13
User_013,TRJ_User_013_009,28.587553,77.105265,216.5,2026-04-05 10:23:23
User_013,TRJ_User_013_009,28.589625,77.10856,222.2,2026-04-05 10:24:09
User_013,TRJ_User_013_009,28.59178,77.111708,206.9,2026-04-05 10:24:53
User_013,TRJ_User_013_009,28.593463,77.114443,239.7,2026-04-05 10:25:24
User_013,TRJ_User_013_009,28.595331,77.117556,202.6,2026-04-05 10:26:00
User_013,TRJ_User_013_009,28.596996,77.120396,240.7,2026-04-05 10:26:51
User_013,TRJ_User_013_009,28.599079,77.123016,218.1,2026-04-05 10:27:10
User_013,TRJ_User_013_009,28.601176,77.126448,258.8,2026-04-05 10:27:20
User_013,TRJ_User_013_009,28.602839,77.128938,244.2,2026-04-05 10:28:19
User_013,TRJ_User_013_009,28.604799,77.131577,219.1,2026-04-05 10:28:33
User_013,TRJ_User_013_009,28.606417,77.134455,247.3,2026-04-05 10:29:04
User_013,TRJ_User_013_009,28.609031,77.137113,246.2,2026-04-05 10:29:25
User_013,TRJ_User_013_009,28.610631,77.140019,206.7,2026-04-05 10:30:06
User_013,TRJ_User_013_009,28.612225,77.142842,224.9,2026-04-05 10:30:49
User_013,TRJ_User_013_009,28.613989,77.146187,211.6,2026-04-05 10:31:27
User_013,TRJ_User_013_009,28.615974,77.148911,202.5,2026-04-05 10:32:22
User_013,TRJ_User_013_009,28.617732,77.151549,217.4,2026-04-05 10:32:36
User_013,TRJ_User_013_009,28.620293,77.154383,231.7,2026-04-05 10:33:13
User_013,TRJ_User_013_009,28.623114,77.157186,227.2,2026-04-05 10:33:57
User_013,TRJ_User_013_009,28.625214,77.159792,224.7,2026-04-05 10:34:07
User_013,TRJ_User_013_009,28.626837,77.162265,208.8,2026-04-05 10:35:04
User_013,TRJ_User_013_009,28.628948,77.163972,206.5,2026-04-05 10:35:30
User_013,TRJ_User_013_009,28.630913,77.166229,235.9,2026-04-05 10:36:03
User_013,TRJ_User_013_009,28.633176,77.16883,202.9,2026-04-05 10:36:44
User_013,TRJ_User_013_009,28.635942,77.17225,213.1,2026-04-05 10:37:23
User_013,TRJ_User_013_009,28.638255,77.174293,246.1,2026-04-05 10:37:46
User_013,TRJ_User_013_009,28.640286,77.177338,229.3,2026-04-05 10:38:10
User_013,TRJ_User_013_009,28.641858,77.179778,236.2,2026-04-05 10:38:20
User_013,TRJ_User_013_009,28.643588,77.183141,203.8,2026-04-05 10:38:58
User_013,TRJ_User_013_009,28.645898,77.186453,209.7,2026-04-05 10:39:30
User_013,TRJ_User_013_009,28.647859,77.189864,231.4,2026-04-05 10:40:12
User_013,TRJ_User_013_009,28.649927,77.192876,234.8,2026-04-05 10:40:59
User_013,TRJ_User_013_009,28.652363,77.195961,214.1,2026-04-05 10:41:41
User_013,TRJ_User_013_010,28.649177,77.188875,230.2,2026-04-05 12:40:28
User_013,TRJ_User_013_010,28.647852,77.187924,223.3,2026-04-05 12:40:57
User_013,TRJ_User_013_010,28.645822,77.186937,215.5,2026-04-05 12:41:48
User_013,TRJ_User_013_010,28.643741,77.185827,224.1,2026-04-05 12:42:07
User_013,TRJ_User_013_010,28.641639,77.184429,213.4,2026-04-05 12:42:29
User_013,TRJ_User_013_010,28.640013,77.183092,253.1,2026-04-05 12:42:47
User_013,TRJ_User_013_010,28.638268,77.180897,201.1,2026-04-05 12:43:05
User_013,TRJ_User_013_010,28.636114,77.178921,230.5,2026-04-05 12:43:50
User_013,TRJ_User_013_010,28.634457,77.177814,255.1,2026-04-05 12:44:03
User_013,TRJ_User_013_010,28.632982,77.176908,254.2,2026-04-05 12:44:55
User_013,TRJ_User_013_010,28.631638,77.175816,232.1,2026-04-05 12:45:13
User_013,TRJ_User_013_010,28.629196,77.174216,201.2,2026-04-05 12:45:57
User_013,TRJ_User_013_010,28.627525,77.172912,205.6,2026-04-05 12:46:26
User_013,TRJ_User_013_010,28.625205,77.171883,234.2,2026-04-05 12:46:38
User_013,TRJ_User_013_010,28.623381,77.171249,253.8,2026-04-05 12:47:00
User_013,TRJ_User_013_010,28.621101,77.169568,211.2,2026-04-05 12:47:28
User_013,TRJ_User_013_010,28.618856,77.168734,229.6,2026-04-05 12:48:19
User_013,TRJ_User_013_010,28.616729,77.16741,217.2,2026-04-05 12:49:17
User_013,TRJ_User_013_010,28.614527,77.165302,242.8,2026-04-05 12:49:41
User_013,TRJ_User_013_010,28.612684,77.16447,205.5,2026-04-05 12:50:14
User_013,TRJ_User_013_010,28.610544,77.162314,216.5,2026-04-05 12:50:47
User_013,TRJ_User_013_010,28.608736,77.160977,222.4,2026-04-05 12:51:03
User_013,TRJ_User_013_010,28.606613,77.159363,226.1,2026-04-05 12:51:49
User_013,TRJ_User_013_010,28.604461,77.157381,203.1,2026-04-05 12:52:29
User_013,TRJ_User_013_010,28.602564,77.155951,230.0,2026-04-05 12:52:56
User_013,TRJ_User_013_010,28.600206,77.154342,256.1,2026-04-05 12:53:48
User_013,TRJ_User_013_010,28.597855,77.153365,219.7,2026-04-05 12:54:41
User_013,TRJ_User_013_010,28.595822,77.15175,238.6,2026-04-05 12:55:27
User_013,TRJ_User_013_010,28.593866,77.150029,214.7,2026-04-05 12:56:03
User_013,TRJ_User_013_010,28.592357,77.148832,243.0,2026-04-05 12:56:36
User_013,TRJ_User_013_010,28.590961,77.146854,238.0,2026-04-05 12:57:19
User_013,TRJ_User_013_010,28.588354,77.144961,225.1,2026-04-05 12:57:31
User_013,TRJ_User_013_010,28.586088,77.143032,247.2,2026-04-05 12:58:01
User_013,TRJ_User_013_010,28.584463,77.141742,221.0,2026-04-05 12:58:36
User_013,TRJ_User_013_010,28.582263,77.139877,243.4,2026-04-05 12:59:26
User_013,TRJ_User_013_010,28.580039,77.138878,239.2,2026-04-05 12:59:49
User_013,TRJ_User_013_010,28.578061,77.137496,239.7,2026-04-05 13:00:29
User_013,TRJ_User_013_010,28.575809,77.136257,244.5,2026-04-05 13:01:12
User_013,TRJ_User_013_010,28.573876,77.135571,211.2,2026-04-05 13:01:36
User_013,TRJ_User_013_010,28.571869,77.134274,260.0,2026-04-05 13:02:07
User_013,TRJ_User_013_010,28.569592,77.133014,220.9,2026-04-05 13:02:31
User_013,TRJ_User_013_010,28.568056,77.131803,223.1,2026-04-05 13:03:22
User_013,TRJ_User_013_010,28.567092,77.13061,224.2,2026-04-05 13:04:05
User_013,TRJ_User_013_010,28.564957,77.128873,249.3,2026-04-05 13:04:40
User_013,TRJ_User_013_010,28.563292,77.127292,255.4,2026-04-05 13:05:21
User_013,TRJ_User_013_010,28.560554,77.126597,207.7,2026-04-05 13:05:55
User_013,TRJ_User_013_010,28.558518,77.125807,202.5,2026-04-05 13:06:37
User_013,TRJ_User_013_010,28.556728,77.124296,251.7,2026-04-05 13:07:09
User_013,TRJ_User_013_010,28.554272,77.122879,225.2,2026-04-05 13:07:37
User_013,TRJ_User_013_010,28.553282,77.121417,224.7,2026-04-05 13:08:11
User_014,TRJ_User_014_001,28.559878,77.123143,258.2,2026-04-05 10:00:35
User_014,TRJ_User_014_001,28.560605,77.125506,259.5,2026-04-05 10:01:01
User_014,TRJ_User_014_001,28.559559,77.127611,255.6,2026-04-05 10:01:39
User_014,TRJ_User_014_001,28.558509,77.129616,238.9,2026-04-05 10:02:26
User_014,TRJ_User_014_001,28.557652,77.132303,226.1,2026-04-05 10:03:04
User_014,TRJ_User_014_001,28.557303,77.133929,203.6,2026-04-05 10:03:55
User_014,TRJ_User_014_001,28.556711,77.135623,249.4,2026-04-05 10:04:33
User_014,TRJ_User_014_001,28.556151,77.138099,255.6,2026-04-05 10:04:44
User_014,TRJ_User_014_001,28.555506,77.139939,210.8,2026-04-05 10:05:04
User_014,TRJ_User_014_001,28.554878,77.140912,256.8,2026-04-05 10:05:35
User_014,TRJ_User_014_001,28.553957,77.142515,201.2,2026-04-05 10:06:02
User_014,TRJ_User_014_001,28.55301,77.144749,252.3,2026-04-05 10:06:16
User_014,TRJ_User_014_001,28.552936,77.146461,217.3,2026-04-05 10:06:54
User_014,TRJ_User_014_001,28.552052,77.148763,210.0,2026-04-05 10:07:08
User_014,TRJ_User_014_001,28.550912,77.150851,251.2,2026-04-05 10:07:32
User_014,TRJ_User_014_001,28.550274,77.152926,254.0,2026-04-05 10:07:44
User_014,TRJ_User_014_001,28.549482,77.154735,227.6,2026-04-05 10:07:56
User_014,TRJ_User_014_001,28.548815,77.156122,206.9,2026-04-05 10:08:11
User_014,TRJ_User_014_001,28.547792,77.158217,248.1,2026-04-05 10:09:03
User_014,TRJ_User_014_001,28.546405,77.159873,205.3,2026-04-05 10:09:53
User_014,TRJ_User_014_001,28.545882,77.161504,242.7,2026-04-05 10:10:48
User_014,TRJ_User_014_001,28.545635,77.163703,236.4,2026-04-05 10:11:38
User_014,TRJ_User_014_001,28.545186,77.166039,234.4,2026-04-05 10:12:14
User_014,TRJ_User_014_001,28.544175,77.167725,257.5,2026-04-05 10:12:33
User_014,TRJ_User_014_001,28.543027,77.170486,201.6,2026-04-05 10:13:15
User_014,TRJ_User_014_001,28.542167,77.172257,239.2,2026-04-05 10:13:56
User_014,TRJ_User_014_001,28.541393,77.173816,222.8,2026-04-05 10:14:45
User_014,TRJ_User_014_001,28.540766,77.175263,213.6,2026-04-05 10:15:13
User_014,TRJ_User_014_001,28.540668,77.176973,254.0,2026-04-05 10:15:39
User_014,TRJ_User_014_001,28.539889,77.178773,205.6,2026-04-05 10:16:20
User_014,TRJ_User_014_001,28.53973,77.180188,248.8,2026-04-05 10:16:40
User_014,TRJ_User_014_001,28.53939,77.181841,222.9,2026-04-05 10:17:15
User_014,TRJ_User_014_001,28.53906,77.183216,253.0,2026-04-05 10:17:26
User_014,TRJ_User_014_001,28.538107,77.185088,244.3,2026-04-05 10:18:25
User_014,TRJ_User_014_001,28.537253,77.186866,206.4,2026-04-05 10:19:13
User_014,TRJ_User_014_001,28.536652,77.18882,247.6,2026-04-05 10:19:42
User_014,TRJ_User_014_001,28.536701,77.191228,249.4,2026-04-05 10:20:15
User_014,TRJ_User_014_001,28.536465,77.193496,208.0,2026-04-05 10:20:37
User_014,TRJ_User_014_001,28.536298,77.195588,245.8,2026-04-05 10:21:25
User_014,TRJ_User_014_001,28.534859,77.19703,255.8,2026-04-05 10:21:48
User_014,TRJ_User_014_001,28.534367,77.198378,233.5,2026-04-05 10:22:05
User_014,TRJ_User_014_001,28.534034,77.200083,254.7,2026-04-05 10:22:27
User_014,TRJ_User_014_001,28.53356,77.201601,251.6,2026-04-05 10:22:56
User_014,TRJ_User_014_001,28.533484,77.203854,223.7,2026-04-05 10:23:55
User_014,TRJ_User_014_001,28.532814,77.205908,255.3,2026-04-05 10:24:44
User_014,TRJ_User_014_001,28.531276,77.207795,243.2,2026-04-05 10:25:07
User_014,TRJ_User_014_001,28.529924,77.209963,225.5,2026-04-05 10:25:47
User_014,TRJ_User_014_001,28.528789,77.212666,201.0,2026-04-05 10:26:29
User_014,TRJ_User_014_001,28.527543,77.214558,235.1,2026-04-05 10:27:08
User_014,TRJ_User_014_001,28.526995,77.216555,231.7,2026-04-05 10:27:53
User_014,TRJ_User_014_002,28.528073,77.218404,251.6,2026-04-05 11:27:25
User_014,TRJ_User_014_002,28.527882,77.216036,224.3,2026-04-05 11:27:40
User_014,TRJ_User_014_002,28.52694,77.213796,210.6,2026-04-05 11:27:59
User_014,TRJ_User_014_002,28.525723,77.211399,245.2,2026-04-05 11:28:10
User_014,TRJ_User_014_002,28.524817,77.209146,234.5,2026-04-05 11:28:45
User_014,TRJ_User_014_002,28.52447,77.20677,254.8,2026-04-05 11:28:59
User_014,TRJ_User_014_002,28.523551,77.204481,202.1,2026-04-05 11:29:12
User_014,TRJ_User_014_002,28.522483,77.201643,208.9,2026-04-05 11:30:08
User_014,TRJ_User_014_002,28.520822,77.198752,256.8,2026-04-05 11:30:40
User_014,TRJ_User_014_002,28.520427,77.19579,208.1,2026-04-05 11:30:55
User_014,TRJ_User_014_002,28.519598,77.192438,244.8,2026-04-05 11:31:16
User_014,TRJ_User_014_002,28.519287,77.189752,221.5,2026-04-05 11:32:14
User_014,TRJ_User_014_002,28.518961,77.186862,201.3,2026-04-05 11:33:07
User_014,TRJ_User_014_002,28.518558,77.184129,259.9,2026-04-05 11:33:46
User_014,TRJ_User_014_002,28.517538,77.181851,252.2,2026-04-05 11:34:25
User_014,TRJ_User_014_002,28.516685,77.18019,256.7,2026-04-05 11:35:05
User_014,TRJ_User_014_002,28.515732,77.178203,242.8,2026-04-05 11:35:45
User_014,TRJ_User_014_002,28.515048,77.175632,232.0,2026-04-05 11:36:10
User_014,TRJ_User_014_002,28.514318,77.173365,248.9,2026-04-05 11:36:53
User_014,TRJ_User_014_002,28.514295,77.170968,219.9,2026-04-05 11:37:09
User_014,TRJ_User_014_002,28.513862,77.168035,228.6,2026-04-05 11:37:24
User_014,TRJ_User_014_002,28.512875,77.165255,232.7,2026-04-05 11:37:51
User_014,TRJ_User_014_002,28.512915,77.162315,231.1,2026-04-05 11:38:44
User_014,TRJ_User_014_002,28.513252,77.159919,243.8,2026-04-05 11:39:36
User_014,TRJ_User_014_002,28.512584,77.15765,218.3,2026-04-05 11:40:04
User_014,TRJ_User_014_002,28.511968,77.155656,204.2,2026-04-05 11:40:44
User_014,TRJ_User_014_002,28.511774,77.152629,239.2,2026-04-05 11:41:11
User_014,TRJ_User_014_002,28.510541,77.150344,239.2,2026-04-05 11:41:43
User_014,TRJ_User_014_002,28.510184,77.147762,208.1,2026-04-05 11:42:31
User_014,TRJ_User_014_002,28.509568,77.144647,216.5,2026-04-05 11:43:29
User_014,TRJ_User_014_002,28.508962,77.142388,201.2,2026-04-05 11:43:41
User_014,TRJ_User_014_002,28.507367,77.140037,244.1,2026-04-05 11:43:51
User_014,TRJ_User_014_002,28.506698,77.13734,237.8,2026-04-05 11:44:43
User_014,TRJ_User_014_002,28.505841,77.135064,240.9,2026-04-05 11:45:04
User_014,TRJ_User_014_002,28.50436,77.132937,216.1,2026-04-05 11:46:03
User_014,TRJ_User_014_002,28.504135,77.130801,225.6,2026-04-05 11:46:22
User_014,TRJ_User_014_002,28.503377,77.127427,220.8,2026-04-05 11:47:09
User_014,TRJ_User_014_002,28.502927,77.124401,203.3,2026-04-05 11:48:05
User_014,TRJ_User_014_002,28.502476,77.12145,253.0,2026-04-05 11:48:51
User_014,TRJ_User_014_002,28.501967,77.118342,214.2,2026-04-05 11:49:20
User_014,TRJ_User_014_002,28.501205,77.116679,239.2,2026-04-05 11:49:31
User_014,TRJ_User_014_002,28.500362,77.114171,254.9,2026-04-05 11:49:48
User_014,TRJ_User_014_002,28.499344,77.111881,257.2,2026-04-05 11:50:37
User_014,TRJ_User_014_002,28.497963,77.109083,243.7,2026-04-05 11:50:48
User_014,TRJ_User_014_002,28.496918,77.106764,208.3,2026-04-05 11:51:43
User_014,TRJ_User_014_002,28.496453,77.104276,210.4,2026-04-05 11:52:06
User_014,TRJ_User_014_002,28.495969,77.101691,250.5,2026-04-05 11:52:42
User_014,TRJ_User_014_002,28.495713,77.098659,257.5,2026-04-05 11:53:30
User_014,TRJ_User_014_002,28.495408,77.09621,214.0,2026-04-05 11:53:51
User_014,TRJ_User_014_002,28.494528,77.093494,259.5,2026-04-05 11:54:03
User_014,TRJ_User_014_003,28.555476,77.124117,252.4,2026-04-05 14:49:14
User_014,TRJ_User_014_003,28.554271,77.126515,248.7,2026-04-05 14:50:02
User_014,TRJ_User_014_003,28.553664,77.128095,217.7,2026-04-05 14:50:38
User_014,TRJ_User_014_003,28.553246,77.129966,229.5,2026-04-05 14:51:03
User_014,TRJ_User_014_003,28.552928,77.131665,215.9,2026-04-05 14:51:50
User_014,TRJ_User_014_003,28.552952,77.133486,242.7,2026-04-05 14:52:35
User_014,TRJ_User_014_003,28.552312,77.13541,230.7,2026-04-05 14:53:05
User_014,TRJ_User_014_003,28.55164,77.137088,237.1,2026-04-05 14:53:26
User_014,TRJ_User_014_003,28.55076,77.139077,223.9,2026-04-05 14:53:50
User_014,TRJ_User_014_003,28.550365,77.140443,235.3,2026-04-05 14:54:01
User_014,TRJ_User_014_003,28.549544,77.14206,212.6,2026-04-05 14:54:43
User_014,TRJ_User_014_003,28.54812,77.143807,247.2,2026-04-05 14:55:14
User_014,TRJ_User_014_003,28.548442,77.145417,220.2,2026-04-05 14:56:05
User_014,TRJ_User_014_003,28.548198,77.147212,204.5,2026-04-05 14:56:20
User_014,TRJ_User_014_003,28.547946,77.149213,213.1,2026-04-05 14:57:07
User_014,TRJ_User_014_003,28.547517,77.15068,232.1,2026-04-05 14:57:24
User_014,TRJ_User_014_003,28.546856,77.152822,208.5,2026-04-05 14:58:16
User_014,TRJ_User_014_003,28.545952,77.154409,230.7,2026-04-05 14:58:35
User_014,TRJ_User_014_003,28.54483,77.156273,219.6,2026-04-05 14:59:21
User_014,TRJ_User_014_003,28.544139,77.157411,255.2,2026-04-05 15:00:12
User_014,TRJ_User_014_003,28.54337,77.158483,217.5,2026-04-05 15:00:36
User_014,TRJ_User_014_003,28.542554,77.160726,214.5,2026-04-05 15:01:13
User_014,TRJ_User_014_003,28.541763,77.162144,237.5,2026-04-05 15:01:28
User_014,TRJ_User_014_003,28.540674,77.164685,221.1,2026-04-05 15:01:50
User_014,TRJ_User_014_003,28.539466,77.166506,221.2,2026-04-05 15:02:01
User_014,TRJ_User_014_003,28.538039,77.168833,208.2,2026-04-05 15:02:37
User_014,TRJ_User_014_003,28.53778,77.170096,216.6,2026-04-05 15:03:30
User_014,TRJ_User_014_003,28.537361,77.172086,232.3,2026-04-05 15:03:41
User_014,TRJ_User_014_003,28.537312,77.174374,238.4,2026-04-05 15:03:59
User_014,TRJ_User_014_003,28.537057,77.17651,220.0,2026-04-05 15:04:21
User_014,TRJ_User_014_003,28.536282,77.178413,241.7,2026-04-05 15:04:46
User_014,TRJ_User_014_003,28.535243,77.180055,257.5,2026-04-05 15:05:42
User_014,TRJ_User_014_003,28.53444,77.182608,240.6,2026-04-05 15:06:30
User_014,TRJ_User_014_003,28.534175,77.184906,251.8,2026-04-05 15:07:12
User_014,TRJ_User_014_003,28.533522,77.186954,203.9,2026-04-05 15:07:42
User_014,TRJ_User_014_003,28.533136,77.189738,209.5,2026-04-05 15:08:30
User_014,TRJ_User_014_003,28.532163,77.191519,250.1,2026-04-05 15:08:55
User_014,TRJ_User_014_003,28.530934,77.194022,233.9,2026-04-05 15:09:48
User_014,TRJ_User_014_003,28.530387,77.197004,241.7,2026-04-05 15:10:01
User_014,TRJ_User_014_003,28.529644,77.198911,236.6,2026-04-05 15:10:13
User_014,TRJ_User_014_003,28.528989,77.200585,244.4,2026-04-05 15:11:10
User_014,TRJ_User_014_003,28.52854,77.202415,201.0,2026-04-05 15:11:34
User_014,TRJ_User_014_003,28.528403,77.204517,214.0,2026-04-05 15:12:03
User_014,TRJ_User_014_003,28.527982,77.206269,212.3,2026-04-05 15:12:16
User_014,TRJ_User_014_003,28.527363,77.208403,216.9,2026-04-05 15:12:32
User_014,TRJ_User_014_003,28.527405,77.210827,257.3,2026-04-05 15:13:10
User_014,TRJ_User_014_003,28.526815,77.212582,246.9,2026-04-05 15:13:42
User_014,TRJ_User_014_003,28.525902,77.214499,227.3,2026-04-05 15:14:34
User_014,TRJ_User_014_003,28.524771,77.216417,226.4,2026-04-05 15:15:14
User_014,TRJ_User_014_003,28.523606,77.217932,258.7,2026-04-05 15:16:12
User_014,TRJ_User_014_004,28.525628,77.213386,240.3,2026-04-05 17:01:06
User_014,TRJ_User_014_004,28.527389,77.213716,220.4,2026-04-05 17:01:46
User_014,TRJ_User_014_004,28.529383,77.214851,247.1,2026-04-05 17:02:30
User_014,TRJ_User_014_004,28.531591,77.214584,259.6,2026-04-05 17:02:58
User_014,TRJ_User_014_004,28.534241,77.215015,230.8,2026-04-05 17:03:48
User_014,TRJ_User_014_004,28.536678,77.214849,250.0,2026-04-05 17:04:47
User_014,TRJ_User_014_004,28.538707,77.214231,217.8,2026-04-05 17:05:37
User_014,TRJ_User_014_004,28.540125,77.214392,252.9,2026-04-05 17:06:09
User_014,TRJ_User_014_004,28.541724,77.213957,228.1,2026-04-05 17:06:39
User_014,TRJ_User_014_004,28.543211,77.213997,241.4,2026-04-05 17:07:38
User_014,TRJ_User_014_004,28.545752,77.213996,234.4,2026-04-05 17:08:27
User_014,TRJ_User_014_004,28.547507,77.214441,230.1,2026-04-05 17:08:49
User_014,TRJ_User_014_004,28.550165,77.214671,250.5,2026-04-05 17:09:40
User_014,TRJ_User_014_004,28.551913,77.215055,256.3,2026-04-05 17:09:53
User_014,TRJ_User_014_004,28.554498,77.214436,235.3,2026-04-05 17:10:30
User_014,TRJ_User_014_004,28.55595,77.214784,226.1,2026-04-05 17:10:51
User_014,TRJ_User_014_004,28.558538,77.214806,205.2,2026-04-05 17:11:29
User_014,TRJ_User_014_004,28.560739,77.214941,205.1,2026-04-05 17:12:18
User_014,TRJ_User_014_004,28.562585,77.214939,200.2,2026-04-05 17:12:57
User_014,TRJ_User_014_004,28.564691,77.215003,214.2,2026-04-05 17:13:48
User_014,TRJ_User_014_004,28.567557,77.2151,241.9,2026-04-05 17:14:25
User_014,TRJ_User_014_004,28.569611,77.215727,252.7,2026-04-05 17:14:40
User_014,TRJ_User_014_004,28.572248,77.216444,204.2,2026-04-05 17:14:59
User_014,TRJ_User_014_004,28.57461,77.216402,207.8,2026-04-05 17:15:16
User_014,TRJ_User_014_004,28.576717,77.215941,234.1,2026-04-05 17:16:06
User_014,TRJ_User_014_004,28.578303,77.216684,233.1,2026-04-05 17:16:35
User_014,TRJ_User_014_004,28.580366,77.216396,244.5,2026-04-05 17:17:16
User_014,TRJ_User_014_004,28.583302,77.216254,246.6,2026-04-05 17:17:50
User_014,TRJ_User_014_004,28.585299,77.216206,212.2,2026-04-05 17:18:44
User_014,TRJ_User_014_004,28.58758,77.216721,224.1,2026-04-05 17:18:56
User_014,TRJ_User_014_004,28.589954,77.21674,222.3,2026-04-05 17:19:53
User_014,TRJ_User_014_004,28.592031,77.217022,212.4,2026-04-05 17:20:43
User_014,TRJ_User_014_004,28.593978,77.217064,251.7,2026-04-05 17:21:42
User_014,TRJ_User_014_004,28.59577,77.217399,207.0,2026-04-05 17:21:52
User_014,TRJ_User_014_004,28.597572,77.217673,209.4,2026-04-05 17:22:03
User_014,TRJ_User_014_004,28.599417,77.218182,258.7,2026-04-05 17:22:48
User_014,TRJ_User_014_004,28.601585,77.217973,233.8,2026-04-05 17:23:00
User_014,TRJ_User_014_004,28.603774,77.217044,211.2,2026-04-05 17:23:31
User_014,TRJ_User_014_004,28.605763,77.217043,210.0,2026-04-05 17:24:04
User_014,TRJ_User_014_004,28.607736,77.217053,256.9,2026-04-05 17:24:54
User_014,TRJ_User_014_004,28.609979,77.217638,210.6,2026-04-05 17:25:45
User_014,TRJ_User_014_004,28.612393,77.217482,249.9,2026-04-05 17:26:30
User_014,TRJ_User_014_004,28.614433,77.217612,235.7,2026-04-05 17:27:27
User_014,TRJ_User_014_004,28.616253,77.21793,239.1,2026-04-05 17:28:05
User_014,TRJ_User_014_004,28.618329,77.2182,201.3,2026-04-05 17:29:02
User_014,TRJ_User_014_004,28.62013,77.218381,223.2,2026-04-05 17:30:00
User_014,TRJ_User_014_004,28.622018,77.218038,226.3,2026-04-05 17:30:49
User_014,TRJ_User_014_004,28.623928,77.218447,249.2,2026-04-05 17:31:02
User_014,TRJ_User_014_004,28.625967,77.218992,238.2,2026-04-05 17:31:57
User_014,TRJ_User_014_004,28.627688,77.220044,238.8,2026-04-05 17:32:28
User_014,TRJ_User_014_005,28.55174,77.125316,219.8,2026-04-05 18:28:57
User_014,TRJ_User_014_005,28.550697,77.127528,238.7,2026-04-05 18:29:11
User_014,TRJ_User_014_005,28.550254,77.129565,239.3,2026-04-05 18:29:23
User_014,TRJ_User_014_005,28.549402,77.131736,205.6,2026-04-05 18:29:37
User_014,TRJ_User_014_005,28.549017,77.13424,201.9,2026-04-05 18:30:18
User_014,TRJ_User_014_005,28.54789,77.13669,201.6,2026-04-05 18:31:13
User_014,TRJ_User_014_005,28.547453,77.138476,225.0,2026-04-05 18:31:29
User_014,TRJ_User_014_005,28.546883,77.14078,254.0,2026-04-05 18:31:44
User_014,TRJ_User_014_005,28.546863,77.14255,206.0,2026-04-05 18:32:29
User_014,TRJ_User_014_005,28.546287,77.144665,245.7,2026-04-05 18:33:06
User_014,TRJ_User_014_005,28.545224,77.147366,223.0,2026-04-05 18:33:36
User_014,TRJ_User_014_005,28.544754,77.149503,239.5,2026-04-05 18:34:05
User_014,TRJ_User_014_005,28.544652,77.151246,204.8,2026-04-05 18:35:03
User_014,TRJ_User_014_005,28.544645,77.152867,225.6,2026-04-05 18:35:46
User_014,TRJ_User_014_005,28.54387,77.154836,222.5,2026-04-05 18:35:56
User_014,TRJ_User_014_005,28.543806,77.157618,236.6,2026-04-05 18:36:21
User_014,TRJ_User_014_005,28.544014,77.160518,222.0,2026-04-05 18:37:19
User_014,TRJ_User_014_005,28.543467,77.162997,218.5,2026-04-05 18:38:17
User_014,TRJ_User_014_005,28.542726,77.165088,243.8,2026-04-05 18:38:28
User_014,TRJ_User_014_005,28.542712,77.166578,219.8,2026-04-05 18:39:09
User_014,TRJ_User_014_005,28.54194,77.16849,257.4,2026-04-05 18:39:32
User_014,TRJ_User_014_005,28.541115,77.170443,210.6,2026-04-05 18:40:06
User_014,TRJ_User_014_005,28.540675,77.171498,215.5,2026-04-05 18:40:30
User_014,TRJ_User_014_005,28.53992,77.173042,212.7,2026-04-05 18:41:07
User_014,TRJ_User_014_005,28.539209,77.175013,233.3,2026-04-05 18:41:50
User_014,TRJ_User_014_005,28.538741,77.176348,210.7,2026-04-05 18:42:44
User_014,TRJ_User_014_005,28.538883,77.178128,257.1,2026-04-05 18:43:18
User_014,TRJ_User_014_005,28.538617,77.17968,221.3,2026-04-05 18:43:52
User_014,TRJ_User_014_005,28.537541,77.18168,241.0,2026-04-05 18:44:16
User_014,TRJ_User_014_005,28.536912,77.183178,217.4,2026-04-05 18:45:11
User_014,TRJ_User_014_005,28.536759,77.185329,216.0,2026-04-05 18:45:29
User_014,TRJ_User_014_005,28.535649,77.186712,245.4,2026-04-05 18:45:58
User_014,TRJ_User_014_005,28.535136,77.189047,258.5,2026-04-05 18:46:37
User_014,TRJ_User_014_005,28.534049,77.190572,240.1,2026-04-05 18:47:20
User_014,TRJ_User_014_005,28.5327,77.192783,238.6,2026-04-05 18:47:50
User_014,TRJ_User_014_005,28.532483,77.194791,211.5,2026-04-05 18:48:14
User_014,TRJ_User_014_005,28.532561,77.196532,203.4,2026-04-05 18:48:30
User_014,TRJ_User_014_005,28.532069,77.198037,218.0,2026-04-05 18:48:52
User_014,TRJ_User_014_005,28.532152,77.199979,218.8,2026-04-05 18:49:30
User_014,TRJ_User_014_005,28.531583,77.201229,229.0,2026-04-05 18:49:44
User_014,TRJ_User_014_005,28.530443,77.203984,254.7,2026-04-05 18:50:43
User_014,TRJ_User_014_005,28.529638,77.206327,210.8,2026-04-05 18:51:38
User_014,TRJ_User_014_005,28.528947,77.208511,233.9,2026-04-05 18:51:50
User_014,TRJ_User_014_005,28.528164,77.210286,215.4,2026-04-05 18:52:07
User_014,TRJ_User_014_005,28.527966,77.212569,247.6,2026-04-05 18:52:49
User_014,TRJ_User_014_005,28.527665,77.214773,250.9,2026-04-05 18:53:19
User_014,TRJ_User_014_005,28.526554,77.216496,237.9,2026-04-05 18:53:46
User_014,TRJ_User_014_005,28.526387,77.218458,235.6,2026-04-05 18:54:20
User_014,TRJ_User_014_005,28.526383,77.219959,238.9,2026-04-05 18:54:55
User_014,TRJ_User_014_005,28.525345,77.222116,208.6,2026-04-05 18:55:13
User_014,TRJ_User_014_006,28.520155,77.214374,244.7,2026-04-05 20:28:44
User_014,TRJ_User_014_006,28.522269,77.214019,225.4,2026-04-05 20:29:25
User_014,TRJ_User_014_006,28.524668,77.213707,201.4,2026-04-05 20:29:47
User_014,TRJ_User_014_006,28.526766,77.212841,226.9,2026-04-05 20:30:25
User_014,TRJ_User_014_006,28.528592,77.211991,254.8,2026-04-05 20:30:55
User_014,TRJ_User_014_006,28.531207,77.211646,240.6,2026-04-05 20:31:11
User_014,TRJ_User_014_006,28.533752,77.210975,233.8,2026-04-05 20:32:04
User_014,TRJ_User_014_006,28.536446,77.209979,239.1,2026-04-05 20:32:21
User_014,TRJ_User_014_006,28.539493,77.209249,231.2,2026-04-05 20:33:11
User_014,TRJ_User_014_006,28.542042,77.209081,243.1,2026-04-05 20:33:32
User_014,TRJ_User_014_006,28.544585,77.208664,235.2,2026-04-05 20:34:08
User_014,TRJ_User_014_006,28.54672,77.20795,239.7,2026-04-05 20:34:20
User_014,TRJ_User_014_006,28.548919,77.206946,223.9,2026-04-05 20:35:17
User_014,TRJ_User_014_006,28.551986,77.206985,226.4,2026-04-05 20:35:36
User_014,TRJ_User_014_006,28.554632,77.206238,231.8,2026-04-05 20:35:53
User_014,TRJ_User_014_006,28.557924,77.205855,223.7,2026-04-05 20:36:52
User_014,TRJ_User_014_006,28.55989,77.20495,233.2,2026-04-05 20:37:42
User_014,TRJ_User_014_006,28.56314,77.205128,207.8,2026-04-05 20:38:37
User_014,TRJ_User_014_006,28.565935,77.204804,210.1,2026-04-05 20:38:58
User_014,TRJ_User_014_006,28.569079,77.203248,223.9,2026-04-05 20:39:51
User_014,TRJ_User_014_006,28.571671,77.202936,253.3,2026-04-05 20:40:50
User_014,TRJ_User_014_006,28.574994,77.202294,238.4,2026-04-05 20:41:40
User_014,TRJ_User_014_006,28.577093,77.201906,201.5,2026-04-05 20:42:37
User_014,TRJ_User_014_006,28.580039,77.201564,246.3,2026-04-05 20:43:20
User_014,TRJ_User_014_006,28.581845,77.20151,218.2,2026-04-05 20:44:18
User_014,TRJ_User_014_006,28.584369,77.200852,206.6,2026-04-05 20:44:52
User_014,TRJ_User_014_006,28.586091,77.200175,202.0,2026-04-05 20:45:08
User_014,TRJ_User_014_006,28.588555,77.199668,253.3,2026-04-05 20:45:45
User_014,TRJ_User_014_006,28.590868,77.198801,203.7,2026-04-05 20:46:19
User_014,TRJ_User_014_006,28.593072,77.197974,250.3,2026-04-05 20:46:34
User_014,TRJ_User_014_006,28.596016,77.19779,246.3,2026-04-05 20:47:23
User_014,TRJ_User_014_006,28.599339,77.197061,211.0,2026-04-05 20:47:47
User_014,TRJ_User_014_006,28.601735,77.197697,225.4,2026-04-05 20:48:44
User_014,TRJ_User_014_006,28.604576,77.196929,239.2,2026-04-05 20:49:31
User_014,TRJ_User_014_006,28.60754,77.197096,228.8,2026-04-05 20:50:13
User_014,TRJ_User_014_006,28.610647,77.19666,238.4,2026-04-05 20:51:03
User_014,TRJ_User_014_006,28.613423,77.196519,241.9,2026-04-05 20:52:02
User_014,TRJ_User_014_006,28.616453,77.195648,247.6,2026-04-05 20:52:28
User_014,TRJ_User_014_006,28.619009,77.195425,208.3,2026-04-05 20:52:38
User_014,TRJ_User_014_006,28.62193,77.195454,233.5,2026-04-05 20:53:02
User_014,TRJ_User_014_006,28.625435,77.195383,258.8,2026-04-05 20:53:46
User_014,TRJ_User_014_006,28.628384,77.195413,249.0,2026-04-05 20:54:26
User_014,TRJ_User_014_006,28.630764,77.19494,211.1,2026-04-05 20:54:43
User_014,TRJ_User_014_006,28.633779,77.194535,228.1,2026-04-05 20:55:21
User_014,TRJ_User_014_006,28.636719,77.194267,259.9,2026-04-05 20:55:39
User_014,TRJ_User_014_006,28.639039,77.193729,223.2,2026-04-05 20:56:24
User_014,TRJ_User_014_006,28.642209,77.193246,233.1,2026-04-05 20:56:37
User_014,TRJ_User_014_006,28.644423,77.193076,248.8,2026-04-05 20:57:36
User_014,TRJ_User_014_006,28.647175,77.192796,203.1,2026-04-05 20:57:56
User_014,TRJ_User_014_006,28.650644,77.19242,229.5,2026-04-05 20:58:49
User_014,TRJ_User_014_007,28.554766,77.121439,238.1,2026-04-05 23:28:35
User_014,TRJ_User_014_007,28.554094,77.123108,252.9,2026-04-05 23:28:48
User_014,TRJ_User_014_007,28.553021,77.124765,244.3,2026-04-05 23:29:41
User_014,TRJ_User_014_007,28.551573,77.126713,223.6,2026-04-05 23:30:00
User_014,TRJ_User_014_007,28.550599,77.127932,243.6,2026-04-05 23:30:21
User_014,TRJ_User_014_007,28.550823,77.129731,232.4,2026-04-05 23:30:53
User_014,TRJ_User_014_007,28.55098,77.131555,251.6,2026-04-05 23:31:05
User_014,TRJ_User_014_007,28.550961,77.133594,239.2,2026-04-05 23:31:47
User_014,TRJ_User_014_007,28.550098,77.135117,213.7,2026-04-05 23:32:45
User_014,TRJ_User_014_007,28.549915,77.136327,216.2,2026-04-05 23:33:25
User_014,TRJ_User_014_007,28.548885,77.137969,226.9,2026-04-05 23:33:42
User_014,TRJ_User_014_007,28.547796,77.139881,226.3,2026-04-05 23:34:07
User_014,TRJ_User_014_007,28.547021,77.141473,239.9,2026-04-05 23:34:29
User_014,TRJ_User_014_007,28.546873,77.14353,245.6,2026-04-05 23:35:25
User_014,TRJ_User_014_007,28.546457,77.144731,236.4,2026-04-05 23:35:36
User_014,TRJ_User_014_007,28.5465,77.146546,257.7,2026-04-05 23:35:50
User_014,TRJ_User_014_007,28.545536,77.148533,206.5,2026-04-05 23:36:08
User_014,TRJ_User_014_007,28.544741,77.150216,253.9,2026-04-05 23:36:33
User_014,TRJ_User_014_007,28.544182,77.152259,248.8,2026-04-05 23:37:25
User_014,TRJ_User_014_007,28.543515,77.154502,255.9,2026-04-05 23:37:51
User_014,TRJ_User_014_007,28.542754,77.156683,218.8,2026-04-05 23:38:04
User_014,TRJ_User_014_007,28.542113,77.158109,247.0,2026-04-05 23:38:45
User_014,TRJ_User_014_007,28.541869,77.160526,232.8,2026-04-05 23:39:06
User_014,TRJ_User_014_007,28.542236,77.162589,245.5,2026-04-05 23:39:35
User_014,TRJ_User_014_007,28.541475,77.164529,250.4,2026-04-05 23:40:27
User_014,TRJ_User_014_007,28.540698,77.166362,217.6,2026-04-05 23:41:13
User_014,TRJ_User_014_007,28.539261,77.168378,219.4,2026-04-05 23:41:24
User_014,TRJ_User_014_007,28.538882,77.170285,216.5,2026-04-05 23:41:38
User_014,TRJ_User_014_007,28.538813,77.173042,209.8,2026-04-05 23:42:10
User_014,TRJ_User_014_007,28.537591,77.176002,207.2,2026-04-05 23:42:57
User_014,TRJ_User_014_007,28.537375,77.178172,212.5,2026-04-05 23:43:54
User_014,TRJ_User_014_007,28.536652,77.180361,246.6,2026-04-05 23:44:43
User_014,TRJ_User_014_007,28.535993,77.182827,243.0,2026-04-05 23:45:25
User_014,TRJ_User_014_007,28.535047,77.184115,221.5,2026-04-05 23:45:51
User_014,TRJ_User_014_007,28.534772,77.186216,224.6,2026-04-05 23:46:27
User_014,TRJ_User_014_007,28.533994,77.187868,222.9,2026-04-05 23:46:53
User_014,TRJ_User_014_007,28.533532,77.189761,205.3,2026-04-05 23:47:27
User_014,TRJ_User_014_007,28.532761,77.191891,208.7,2026-04-05 23:47:56
User_014,TRJ_User_014_007,28.5315,77.194122,222.0,2026-04-05 23:48:15
User_014,TRJ_User_014_007,28.53119,77.196525,225.0,2026-04-05 23:48:28
User_014,TRJ_User_014_007,28.530354,77.197637,233.3,2026-04-05 23:49:06
User_014,TRJ_User_014_007,28.5291,77.199471,213.5,2026-04-05 23:49:23
User_014,TRJ_User_014_007,28.52855,77.201156,211.3,2026-04-05 23:50:16
User_014,TRJ_User_014_007,28.527841,77.203199,227.7,2026-04-05 23:50:43
User_014,TRJ_User_014_007,28.528038,77.20503,238.5,2026-04-05 23:51:05
User_014,TRJ_User_014_007,28.527935,77.207015,213.7,2026-04-05 23:51:59
User_014,TRJ_User_014_007,28.527077,77.209412,208.8,2026-04-05 23:52:57
User_014,TRJ_User_014_007,28.526232,77.210965,231.7,2026-04-05 23:53:30
User_014,TRJ_User_014_007,28.525409,77.212501,207.6,2026-04-05 23:53:50
User_014,TRJ_User_014_007,28.525198,77.214022,200.0,2026-04-05 23:54:01
User_014,TRJ_User_014_008,28.522834,77.222246,244.6,2026-04-06 03:24:22
User_014,TRJ_User_014_008,28.523293,77.221679,208.1,2026-04-06 03:24:37
User_014,TRJ_User_014_008,28.523622,77.222008,251.3,2026-04-06 03:25:05
User_014,TRJ_User_014_008,28.523862,77.221075,244.9,2026-04-06 03:25:31
User_014,TRJ_User_014_008,28.524444,77.220403,227.9,2026-04-06 03:25:50
User_014,TRJ_User_014_008,28.524003,77.220414,231.1,2026-04-06 03:26:13
User_014,TRJ_User_014_008,28.523859,77.220144,230.2,2026-04-06 03:26:25
User_014,TRJ_User_014_008,28.524069,77.219793,235.6,2026-04-06 03:26:42
User_014,TRJ_User_014_008,28.524633,77.219261,207.0,2026-04-06 03:27:19
User_014,TRJ_User_014_008,28.524713,77.21899,222.4,2026-04-06 03:28:10
User_014,TRJ_User_014_008,28.524715,77.21921,201.9,2026-04-06 03:28:38
User_014,TRJ_User_014_008,28.524972,77.219582,258.0,2026-04-06 03:29:32
User_014,TRJ_User_014_008,28.525293,77.219652,206.0,2026-04-06 03:30:31
User_014,TRJ_User_014_008,28.525653,77.219018,243.8,2026-04-06 03:31:13
User_014,TRJ_User_014_008,28.526275,77.218914,229.7,2026-04-06 03:31:33
User_014,TRJ_User_014_008,28.526129,77.217854,226.7,2026-04-06 03:32:32
User_014,TRJ_User_014_008,28.526613,77.218308,237.0,2026-04-06 03:33:14
User_014,TRJ_User_014_008,28.526298,77.218256,226.6,2026-04-06 03:33:45
User_014,TRJ_User_014_008,28.526128,77.218607,239.2,2026-04-06 03:34:10
User_014,TRJ_User_014_008,28.525909,77.218741,248.9,2026-04-06 03:35:06
User_014,TRJ_User_014_008,28.525557,77.219362,200.6,2026-04-06 03:35:28
User_014,TRJ_User_014_008,28.524775,77.219406,217.4,2026-04-06 03:36:04
User_014,TRJ_User_014_008,28.524181,77.219442,238.1,2026-04-06 03:36:44
User_014,TRJ_User_014_008,28.524339,77.219399,200.9,2026-04-06 03:36:57
User_014,TRJ_User_014_008,28.523573,77.21969,238.5,2026-04-06 03:37:46
User_014,TRJ_User_014_008,28.523461,77.219637,221.2,2026-04-06 03:38:34
User_014,TRJ_User_014_008,28.524355,77.21959,245.6,2026-04-06 03:39:07
User_014,TRJ_User_014_008,28.524447,77.219679,240.1,2026-04-06 03:40:06
User_014,TRJ_User_014_008,28.524315,77.220229,225.7,2026-04-06 03:40:33
User_014,TRJ_User_014_008,28.523177,77.220278,220.7,2026-04-06 03:41:13
User_014,TRJ_User_014_008,28.523383,77.220452,220.1,2026-04-06 03:41:24
User_014,TRJ_User_014_008,28.523288,77.220813,244.8,2026-04-06 03:42:03
User_014,TRJ_User_014_008,28.523732,77.22139,238.9,2026-04-06 03:42:18
User_014,TRJ_User_014_008,28.523459,77.221564,237.3,2026-04-06 03:43:08
User_014,TRJ_User_014_008,28.523706,77.221063,200.5,2026-04-06 03:43:28
User_014,TRJ_User_014_008,28.524239,77.221297,217.0,2026-04-06 03:44:22
User_014,TRJ_User_014_008,28.524231,77.220983,205.8,2026-04-06 03:45:16
User_014,TRJ_User_014_008,28.524642,77.220992,229.6,2026-04-06 03:46:15
User_014,TRJ_User_014_008,28.525546,77.221488,228.2,2026-04-06 03:46:47
User_014,TRJ_User_014_008,28.525872,77.221424,214.3,2026-04-06 03:47:22
User_014,TRJ_User_014_008,28.526423,77.221749,220.5,2026-04-06 03:47:34
User_014,TRJ_User_014_008,28.525543,77.221103,204.4,2026-04-06 03:48:18
User_014,TRJ_User_014_008,28.525608,77.221556,254.6,2026-04-06 03:48:50
User_014,TRJ_User_014_008,28.526196,77.222644,217.1,2026-04-06 03:49:15
User_014,TRJ_User_014_008,28.52608,77.221865,200.2,2026-04-06 03:49:40
User_014,TRJ_User_014_008,28.526536,77.221941,242.7,2026-04-06 03:50:05
User_014,TRJ_User_014_008,28.525887,77.22208,248.9,2026-04-06 03:50:37
User_014,TRJ_User_014_008,28.525717,77.221612,247.5,2026-04-06 03:50:51
User_014,TRJ_User_014_008,28.525841,77.220899,232.3,2026-04-06 03:51:04
User_014,TRJ_User_014_008,28.525828,77.220569,210.9,2026-04-06 03:51:21
User_014,TRJ_User_014_009,28.552531,77.123215,223.0,2026-04-06 04:53:16
User_014,TRJ_User_014_009,28.551271,77.1244,233.2,2026-04-06 04:54:01
User_014,TRJ_User_014_009,28.550666,77.126239,235.4,2026-04-06 04:54:55
User_014,TRJ_User_014_009,28.550418,77.127726,236.1,2026-04-06 04:55:52
User_014,TRJ_User_014_009,28.550079,77.130045,213.9,2026-04-06 04:56:40
User_014,TRJ_User_014_009,28.549207,77.132127,228.1,2026-04-06 04:57:37
User_014,TRJ_User_014_009,28.549332,77.134133,219.2,2026-04-06 04:58:14
User_014,TRJ_User_014_009,28.548532,77.136361,230.8,2026-04-06 04:58:45
User_014,TRJ_User_014_009,28.547914,77.137446,249.1,2026-04-06 04:59:21
User_014,TRJ_User_014_009,28.546952,77.139725,243.2,2026-04-06 05:00:10
User_014,TRJ_User_014_009,28.545884,77.141654,256.9,2026-04-06 05:00:46
User_014,TRJ_User_014_009,28.544788,77.143604,220.0,2026-04-06 05:01:32
User_014,TRJ_User_014_009,28.543493,77.145863,211.9,2026-04-06 05:02:05
User_014,TRJ_User_014_009,28.54289,77.14742,251.0,2026-04-06 05:02:53
User_014,TRJ_User_014_009,28.542476,77.149178,208.7,2026-04-06 05:03:10
User_014,TRJ_User_014_009,28.541784,77.150677,208.0,2026-04-06 05:04:07
User_014,TRJ_User_014_009,28.541681,77.152841,200.9,2026-04-06 05:04:44
User_014,TRJ_User_014_009,28.540993,77.154898,216.0,2026-04-06 05:05:40
User_014,TRJ_User_014_009,28.539669,77.156889,251.1,2026-04-06 05:05:54
User_014,TRJ_User_014_009,28.539808,77.159199,251.4,2026-04-06 05:06:52
User_014,TRJ_User_014_009,28.539153,77.160561,258.8,2026-04-06 05:07:39
User_014,TRJ_User_014_009,28.538083,77.163039,218.3,2026-04-06 05:08:37
User_014,TRJ_User_014_009,28.537699,77.164999,229.2,2026-04-06 05:08:57
User_014,TRJ_User_014_009,28.537392,77.167412,253.8,2026-04-06 05:09:51
User_014,TRJ_User_014_009,28.537162,77.16928,221.6,2026-04-06 05:10:33
User_014,TRJ_User_014_009,28.537037,77.171219,253.7,2026-04-06 05:11:29
User_014,TRJ_User_014_009,28.536571,77.17303,213.5,2026-04-06 05:12:12
User_014,TRJ_User_014_009,28.535965,77.174887,230.5,2026-04-06 05:12:28
User_014,TRJ_User_014_009,28.535592,77.177091,242.8,2026-04-06 05:12:57
User_014,TRJ_User_014_009,28.535122,77.178771,215.9,2026-04-06 05:13:54
User_014,TRJ_User_014_009,28.534097,77.180732,216.8,2026-04-06 05:14:48
User_014,TRJ_User_014_009,28.533474,77.182959,231.3,2026-04-06 05:15:28
User_014,TRJ_User_014_009,28.532668,77.185822,239.7,2026-04-06 05:16:09
User_014,TRJ_User_014_009,28.531684,77.187245,221.9,2026-04-06 05:16:56
User_014,TRJ_User_014_009,28.530737,77.189278,208.5,2026-04-06 05:17:52
User_014,TRJ_User_014_009,28.530421,77.191302,234.5,2026-04-06 05:18:50
User_014,TRJ_User_014_009,28.530207,77.193079,259.5,2026-04-06 05:19:39
User_014,TRJ_User_014_009,28.530072,77.195786,219.1,2026-04-06 05:20:14
User_014,TRJ_User_014_009,28.529308,77.197472,212.3,2026-04-06 05:20:53
User_014,TRJ_User_014_009,28.529031,77.199738,228.2,2026-04-06 05:21:45
User_014,TRJ_User_014_009,28.529075,77.202185,245.0,2026-04-06 05:21:56
User_014,TRJ_User_014_009,28.529253,77.205039,240.2,2026-04-06 05:22:41
User_014,TRJ_User_014_009,28.528139,77.206512,216.2,2026-04-06 05:23:33
User_014,TRJ_User_014_009,28.527129,77.209066,212.0,2026-04-06 05:23:55
User_014,TRJ_User_014_009,28.527264,77.211704,223.0,2026-04-06 05:24:41
User_014,TRJ_User_014_009,28.526576,77.213939,242.0,2026-04-06 05:25:01
User_014,TRJ_User_014_009,28.526103,77.21619,246.4,2026-04-06 05:25:26
User_014,TRJ_User_014_009,28.525898,77.218285,253.0,2026-04-06 05:26:22
User_014,TRJ_User_014_009,28.525092,77.220547,243.6,2026-04-06 05:27:11
User_014,TRJ_User_014_009,28.524432,77.222824,251.0,2026-04-06 05:27:49
User_014,TRJ_User_014_010,28.531934,77.215282,248.0,2026-04-06 08:58:46
User_014,TRJ_User_014_010,28.532132,77.215564,249.3,2026-04-06 08:59:04
User_014,TRJ_User_014_010,28.531621,77.215688,203.3,2026-04-06 08:59:59
User_014,TRJ_User_014_010,28.531378,77.216011,246.8,2026-04-06 09:00:49
User_014,TRJ_User_014_010,28.531166,77.215812,239.5,2026-04-06 09:01:41
User_014,TRJ_User_014_010,28.530569,77.215642,230.4,2026-04-06 09:02:15
User_014,TRJ_User_014_010,28.530196,77.21553,238.7,2026-04-06 09:03:02
User_014,TRJ_User_014_010,28.530702,77.216305,204.6,2026-04-06 09:03:41
User_014,TRJ_User_014_010,28.530972,77.215824,215.9,2026-04-06 09:04:19
User_014,TRJ_User_014_010,28.530911,77.21616,240.5,2026-04-06 09:05:17
User_014,TRJ_User_014_010,28.530971,77.215596,250.5,2026-04-06 09:05:56
User_014,TRJ_User_014_010,28.53077,77.215686,247.4,2026-04-06 09:06:42
User_014,TRJ_User_014_010,28.530646,77.215162,227.8,2026-04-06 09:07:15
User_014,TRJ_User_014_010,28.5305,77.215597,239.6,2026-04-06 09:08:11
User_014,TRJ_User_014_010,28.529896,77.215284,229.7,2026-04-06 09:08:40
User_014,TRJ_User_014_010,28.529871,77.215799,256.3,2026-04-06 09:09:34
User_014,TRJ_User_014_010,28.530195,77.216154,211.6,2026-04-06 09:10:13
User_014,TRJ_User_014_010,28.529528,77.216242,207.8,2026-04-06 09:11:04
User_014,TRJ_User_014_010,28.529602,77.216548,201.0,2026-04-06 09:11:47
User_014,TRJ_User_014_010,28.529509,77.216614,220.5,2026-04-06 09:12:31
User_014,TRJ_User_014_010,28.530158,77.2163,229.2,2026-04-06 09:12:46
User_014,TRJ_User_014_010,28.529972,77.215983,240.0,2026-04-06 09:13:15
User_014,TRJ_User_014_010,28.530367,77.216131,210.6,2026-04-06 09:13:38
User_014,TRJ_User_014_010,28.530624,77.216326,254.0,2026-04-06 09:13:53
User_014,TRJ_User_014_010,28.530429,77.216292,214.8,2026-04-06 09:14:26
User_014,TRJ_User_014_010,28.530338,77.216654,246.5,2026-04-06 09:15:19
User_014,TRJ_User_014_010,28.53029,77.217557,236.7,2026-04-06 09:16:05
User_014,TRJ_User_014_010,28.530352,77.217652,225.9,2026-04-06 09:16:41
User_014,TRJ_User_014_010,28.529159,77.217274,231.0,2026-04-06 09:17:11
User_014,TRJ_User_014_010,28.528925,77.217068,229.9,2026-04-06 09:17:26
User_014,TRJ_User_014_010,28.529389,77.217854,240.7,2026-04-06 09:18:02
User_014,TRJ_User_014_010,28.528631,77.217981,236.9,2026-04-06 09:18:58
User_014,TRJ_User_014_010,28.528469,77.217421,227.5,2026-04-06 09:19:12
User_014,TRJ_User_014_010,28.528724,77.216873,250.5,2026-04-06 09:20:07
User_014,TRJ_User_014_010,28.528078,77.216872,242.3,2026-04-06 09:20:56
User_014,TRJ_User_014_010,28.527856,77.217584,253.9,2026-04-06 09:21:47
User_014,TRJ_User_014_010,28.527727,77.218211,257.7,2026-04-06 09:22:16
User_014,TRJ_User_014_010,28.527582,77.218952,200.7,2026-04-06 09:23:14
User_014,TRJ_User_014_010,28.527776,77.218836,250.5,2026-04-06 09:24:03
User_014,TRJ_User_014_010,28.527311,77.218742,209.3,2026-04-06 09:24:35
User_014,TRJ_User_014_010,28.527123,77.218747,257.4,2026-04-06 09:24:45
User_014,TRJ_User_014_010,28.526368,77.218233,214.3,2026-04-06 09:25:01
User_014,TRJ_User_014_010,28.525759,77.217912,214.5,2026-04-06 09:25:33
User_014,TRJ_User_014_010,28.524892,77.218057,242.0,2026-04-06 09:25:55
User_014,TRJ_User_014_010,28.524459,77.217469,225.4,2026-04-06 09:26:24
User_014,TRJ_User_014_010,28.523649,77.216963,214.5,2026-04-06 09:27:18
User_014,TRJ_User_014_010,28.523268,77.216643,233.6,2026-04-06 09:28:11
User_014,TRJ_User_014_010,28.522414,77.216726,204.5,2026-04-06 09:28:47
User_014,TRJ_User_014_010,28.521979,77.216783,205.3,2026-04-06 09:29:25
User_014,TRJ_User_014_010,28.521305,77.216196,207.1,2026-04-06 09:30:09
User_015,TRJ_User_015_001,28.650214,77.190816,242.2,2026-04-01 11:00:14
User_015,TRJ_User_015_001,28.649677,77.191029,224.1,2026-04-01 11:01:09
User_015,TRJ_User_015_001,28.648726,77.191826,206.3,2026-04-01 11:01:41
User_015,TRJ_User_015_001,28.648274,77.191924,237.9,2026-04-01 11:01:55
User_015,TRJ_User_015_001,28.647413,77.191775,219.6,2026-04-01 11:02:34
User_015,TRJ_User_015_001,28.647109,77.192285,208.5,2026-04-01 11:02:57
User_015,TRJ_User_015_001,28.646926,77.192806,215.3,2026-04-01 11:03:28
User_015,TRJ_User_015_001,28.6463,77.192828,235.6,2026-04-01 11:04:26
User_015,TRJ_User_015_001,28.645621,77.193667,216.8,2026-04-01 11:05:24
User_015,TRJ_User_015_001,28.644393,77.194173,239.5,2026-04-01 11:05:48
User_015,TRJ_User_015_001,28.643715,77.195036,249.6,2026-04-01 11:06:42
User_015,TRJ_User_015_001,28.643009,77.195642,209.4,2026-04-01 11:07:29
User_015,TRJ_User_015_001,28.642321,77.195793,210.9,2026-04-01 11:07:42
User_015,TRJ_User_015_001,28.641849,77.19728,227.6,2026-04-01 11:08:24
User_015,TRJ_User_015_001,28.640801,77.198016,231.7,2026-04-01 11:08:44
User_015,TRJ_User_015_001,28.640183,77.198466,214.4,2026-04-01 11:09:30
User_015,TRJ_User_015_001,28.639575,77.198673,255.2,2026-04-01 11:09:56
User_015,TRJ_User_015_001,28.639026,77.199031,201.7,2026-04-01 11:10:19
User_015,TRJ_User_015_001,28.638957,77.199481,253.1,2026-04-01 11:10:33
User_015,TRJ_User_015_001,28.638833,77.200454,214.5,2026-04-01 11:11:15
User_015,TRJ_User_015_001,28.638566,77.201108,254.4,2026-04-01 11:12:11
User_015,TRJ_User_015_001,28.638163,77.20193,203.9,2026-04-01 11:12:39
User_015,TRJ_User_015_001,28.637714,77.201916,230.3,2026-04-01 11:12:59
User_015,TRJ_User_015_001,28.636958,77.202672,230.6,2026-04-01 11:13:16
User_015,TRJ_User_015_001,28.637364,77.203602,203.0,2026-04-01 11:14:02
User_015,TRJ_User_015_001,28.636827,77.203564,250.5,2026-04-01 11:14:44
User_015,TRJ_User_015_001,28.636068,77.203979,240.8,2026-04-01 11:15:40
User_015,TRJ_User_015_001,28.636025,77.20468,217.5,2026-04-01 11:16:38
User_015,TRJ_User_015_001,28.635812,77.205466,209.3,2026-04-01 11:17:27
User_015,TRJ_User_015_001,28.635882,77.206152,226.5,2026-04-01 11:17:55
User_015,TRJ_User_015_001,28.634901,77.206436,238.3,2026-04-01 11:18:42
User_015,TRJ_User_015_001,28.635179,77.207365,210.3,2026-04-01 11:19:27
User_015,TRJ_User_015_001,28.635146,77.208108,224.4,2026-04-01 11:19:54
User_015,TRJ_User_015_001,28.635356,77.208955,241.1,2026-04-01 11:20:41
User_015,TRJ_User_015_001,28.634641,77.210055,249.2,2026-04-01 11:21:21
User_015,TRJ_User_015_001,28.634325,77.210759,215.3,2026-04-01 11:21:55
User_015,TRJ_User_015_001,28.633905,77.211526,225.8,2026-04-01 11:22:39
User_015,TRJ_User_015_001,28.633567,77.211368,221.7,2026-04-01 11:23:35
User_015,TRJ_User_015_001,28.632895,77.21233,210.5,2026-04-01 11:23:51
User_015,TRJ_User_015_001,28.63254,77.212968,259.2,2026-04-01 11:24:46
User_015,TRJ_User_015_001,28.631817,77.213467,230.7,2026-04-01 11:25:38
User_015,TRJ_User_015_001,28.631964,77.213993,224.8,2026-04-01 11:26:29
User_015,TRJ_User_015_001,28.631758,77.215104,254.9,2026-04-01 11:26:39
User_015,TRJ_User_015_001,28.63139,77.21575,258.4,2026-04-01 11:27:01
User_015,TRJ_User_015_001,28.631328,77.216509,203.2,2026-04-01 11:27:33
User_015,TRJ_User_015_001,28.631059,77.217378,201.2,2026-04-01 11:28:12
User_015,TRJ_User_015_001,28.630526,77.21797,249.0,2026-04-01 11:28:33
User_015,TRJ_User_015_001,28.629695,77.218045,245.3,2026-04-01 11:29:30
User_015,TRJ_User_015_001,28.629165,77.218179,250.2,2026-04-01 11:30:08
User_015,TRJ_User_015_001,28.629189,77.218178,218.9,2026-04-01 11:30:42
User_015,TRJ_User_015_002,28.630163,77.215576,207.5,2026-04-01 14:55:19
User_015,TRJ_User_015_002,28.628492,77.216109,256.3,2026-04-01 14:55:47
User_015,TRJ_User_015_002,28.627157,77.216207,216.0,2026-04-01 14:56:23
User_015,TRJ_User_015_002,28.625978,77.215975,256.5,2026-04-01 14:56:39
User_015,TRJ_User_015_002,28.623814,77.216066,211.2,2026-04-01 14:57:09
User_015,TRJ_User_015_002,28.62131,77.214704,237.0,2026-04-01 14:57:42
User_015,TRJ_User_015_002,28.619636,77.214236,229.0,2026-04-01 14:58:37
User_015,TRJ_User_015_002,28.618076,77.213556,238.9,2026-04-01 14:59:35
User_015,TRJ_User_015_002,28.616473,77.212889,208.8,2026-04-01 15:00:01
User_015,TRJ_User_015_002,28.614598,77.211907,231.8,2026-04-01 15:00:36
User_015,TRJ_User_015_002,28.61242,77.211097,245.0,2026-04-01 15:01:09
User_015,TRJ_User_015_002,28.610882,77.21088,246.0,2026-04-01 15:02:02
User_015,TRJ_User_015_002,28.609913,77.210927,253.4,2026-04-01 15:02:49
User_015,TRJ_User_015_002,28.608477,77.210491,216.4,2026-04-01 15:03:32
User_015,TRJ_User_015_002,28.607277,77.210147,257.0,2026-04-01 15:03:46
User_015,TRJ_User_015_002,28.605405,77.209763,249.8,2026-04-01 15:04:21
User_015,TRJ_User_015_002,28.603697,77.209461,231.4,2026-04-01 15:04:42
User_015,TRJ_User_015_002,28.601641,77.208771,250.3,2026-04-01 15:05:09
User_015,TRJ_User_015_002,28.599821,77.208373,245.0,2026-04-01 15:05:32
User_015,TRJ_User_015_002,28.597532,77.20797,249.6,2026-04-01 15:06:04
User_015,TRJ_User_015_002,28.596134,77.207648,209.3,2026-04-01 15:06:45
User_015,TRJ_User_015_002,28.594186,77.208041,227.4,2026-04-01 15:07:37
User_015,TRJ_User_015_002,28.592319,77.208072,253.4,2026-04-01 15:08:26
User_015,TRJ_User_015_002,28.590884,77.207212,222.7,2026-04-01 15:09:11
User_015,TRJ_User_015_002,28.588794,77.206617,237.1,2026-04-01 15:10:01
User_015,TRJ_User_015_002,28.586973,77.206515,202.4,2026-04-01 15:10:35
User_015,TRJ_User_015_002,28.584783,77.206836,203.6,2026-04-01 15:10:59
User_015,TRJ_User_015_002,28.582903,77.207077,228.7,2026-04-01 15:11:53
User_015,TRJ_User_015_002,28.581455,77.206272,253.3,2026-04-01 15:12:40
User_015,TRJ_User_015_002,28.579758,77.206342,234.8,2026-04-01 15:13:35
User_015,TRJ_User_015_002,28.578193,77.206057,225.9,2026-04-01 15:13:54
User_015,TRJ_User_015_002,28.57624,77.206564,203.6,2026-04-01 15:14:31
User_015,TRJ_User_015_002,28.574794,77.20582,249.5,2026-04-01 15:14:54
User_015,TRJ_User_015_002,28.573019,77.205002,214.0,2026-04-01 15:15:04
User_015,TRJ_User_015_002,28.571263,77.204477,214.8,2026-04-01 15:15:40
User_015,TRJ_User_015_002,28.570469,77.204441,213.7,2026-04-01 15:16:07
User_015,TRJ_User_015_002,28.56895,77.204807,249.5,2026-04-01 15:16:39
User_015,TRJ_User_015_002,28.567208,77.204409,215.3,2026-04-01 15:17:26
User_015,TRJ_User_015_002,28.565149,77.205335,200.4,2026-04-01 15:18:02
User_015,TRJ_User_015_002,28.563853,77.204849,257.6,2026-04-01 15:18:21
User_015,TRJ_User_015_002,28.562215,77.204656,250.7,2026-04-01 15:19:01
User_015,TRJ_User_015_002,28.560727,77.203919,229.3,2026-04-01 15:19:19
User_015,TRJ_User_015_002,28.559712,77.203095,259.5,2026-04-01 15:19:39
User_015,TRJ_User_015_002,28.557468,77.201805,257.3,2026-04-01 15:20:08
User_015,TRJ_User_015_002,28.555731,77.201425,259.7,2026-04-01 15:20:26
User_015,TRJ_User_015_002,28.553804,77.200606,252.3,2026-04-01 15:21:13
User_015,TRJ_User_015_002,28.551913,77.199718,206.3,2026-04-01 15:21:54
User_015,TRJ_User_015_002,28.550383,77.199356,220.9,2026-04-01 15:22:11
User_015,TRJ_User_015_002,28.5481,77.198912,219.8,2026-04-01 15:22:36
User_015,TRJ_User_015_002,28.545815,77.198932,226.6,2026-04-01 15:22:50
User_015,TRJ_User_015_003,28.654022,77.189823,222.5,2026-04-01 16:36:45
User_015,TRJ_User_015_003,28.653256,77.190599,231.9,2026-04-01 16:37:42
User_015,TRJ_User_015_003,28.652561,77.191176,235.4,2026-04-01 16:38:00
User_015,TRJ_User_015_003,28.652617,77.191655,210.6,2026-04-01 16:38:59
User_015,TRJ_User_015_003,28.651948,77.1927,221.5,2026-04-01 16:39:32
User_015,TRJ_User_015_003,28.651934,77.194365,227.0,2026-04-01 16:40:23
User_015,TRJ_User_015_003,28.651326,77.194954,231.6,2026-04-01 16:41:09
User_015,TRJ_User_015_003,28.650676,77.194885,246.7,2026-04-01 16:41:42
User_015,TRJ_User_015_003,28.650403,77.195331,238.6,2026-04-01 16:42:25
User_015,TRJ_User_015_003,28.649689,77.196283,256.9,2026-04-01 16:43:04
User_015,TRJ_User_015_003,28.648775,77.196506,226.6,2026-04-01 16:43:37
User_015,TRJ_User_015_003,28.64843,77.197083,213.9,2026-04-01 16:44:35
User_015,TRJ_User_015_003,28.648039,77.198016,255.4,2026-04-01 16:45:03
User_015,TRJ_User_015_003,28.647186,77.197967,229.1,2026-04-01 16:45:50
User_015,TRJ_User_015_003,28.647514,77.19864,213.5,2026-04-01 16:46:47
User_015,TRJ_User_015_003,28.647107,77.19873,236.6,2026-04-01 16:47:06
User_015,TRJ_User_015_003,28.646933,77.198907,210.7,2026-04-01 16:47:56
User_015,TRJ_User_015_003,28.646507,77.199186,220.2,2026-04-01 16:48:34
User_015,TRJ_User_015_003,28.646305,77.199453,246.2,2026-04-01 16:49:03
User_015,TRJ_User_015_003,28.646528,77.200057,232.7,2026-04-01 16:49:21
User_015,TRJ_User_015_003,28.646559,77.200514,233.8,2026-04-01 16:50:00
User_015,TRJ_User_015_003,28.646102,77.200529,215.1,2026-04-01 16:50:26
User_015,TRJ_User_015_003,28.645268,77.200793,249.4,2026-04-01 16:50:53
User_015,TRJ_User_015_003,28.645071,77.201427,256.8,2026-04-01 16:51:08
User_015,TRJ_User_015_003,28.645067,77.202136,250.2,2026-04-01 16:51:47
User_015,TRJ_User_015_003,28.645391,77.202283,232.8,2026-04-01 16:52:19
User_015,TRJ_User_015_003,28.645149,77.202274,234.6,2026-04-01 16:52:37
User_015,TRJ_User_015_003,28.645259,77.202702,201.8,2026-04-01 16:52:47
User_015,TRJ_User_015_003,28.645267,77.203463,247.5,2026-04-01 16:53:45
User_015,TRJ_User_015_003,28.6452,77.204237,248.0,2026-04-01 16:54:41
User_015,TRJ_User_015_003,28.645215,77.204952,234.9,2026-04-01 16:55:00
User_015,TRJ_User_015_003,28.644744,77.206002,219.1,2026-04-01 16:55:30
User_015,TRJ_User_015_003,28.644378,77.206437,211.9,2026-04-01 16:56:10
User_015,TRJ_User_015_003,28.6442,77.206713,202.9,2026-04-01 16:57:02
User_015,TRJ_User_015_003,28.644284,77.207512,200.6,2026-04-01 16:57:20
User_015,TRJ_User_015_003,28.644041,77.208323,243.2,2026-04-01 16:58:19
User_015,TRJ_User_015_003,28.643557,77.209471,242.9,2026-04-01 16:58:54
User_015,TRJ_User_015_003,28.64309,77.210157,217.8,2026-04-01 16:59:44
User_015,TRJ_User_015_003,28.642662,77.211006,248.1,2026-04-01 17:00:12
User_015,TRJ_User_015_003,28.64174,77.211663,209.0,2026-04-01 17:00:36
User_015,TRJ_User_015_003,28.641575,77.2126,231.7,2026-04-01 17:01:34
User_015,TRJ_User_015_003,28.641031,77.212819,255.1,2026-04-01 17:02:21
User_015,TRJ_User_015_003,28.640119,77.212894,207.9,2026-04-01 17:03:00
User_015,TRJ_User_015_003,28.640101,77.213803,200.7,2026-04-01 17:03:26
User_015,TRJ_User_015_003,28.639854,77.213984,245.4,2026-04-01 17:04:21
User_015,TRJ_User_015_003,28.638516,77.213709,257.9,2026-04-01 17:04:59
User_015,TRJ_User_015_003,28.638761,77.214453,240.6,2026-04-01 17:05:32
User_015,TRJ_User_015_003,28.638165,77.215627,232.7,2026-04-01 17:05:47
User_015,TRJ_User_015_003,28.637583,77.215565,249.9,2026-04-01 17:06:02
User_015,TRJ_User_015_003,28.636529,77.215668,257.9,2026-04-01 17:06:56
User_015,TRJ_User_015_004,28.625657,77.209901,245.1,2026-04-01 17:56:48
User_015,TRJ_User_015_004,28.62355,77.208032,216.6,2026-04-01 17:57:04
User_015,TRJ_User_015_004,28.620012,77.205654,232.6,2026-04-01 17:57:42
User_015,TRJ_User_015_004,28.617327,77.202284,238.4,2026-04-01 17:58:16
User_015,TRJ_User_015_004,28.615385,77.199678,234.8,2026-04-01 17:59:10
User_015,TRJ_User_015_004,28.612166,77.196785,222.6,2026-04-01 18:00:07
User_015,TRJ_User_015_004,28.609634,77.194225,228.8,2026-04-01 18:00:45
User_015,TRJ_User_015_004,28.606863,77.191196,238.3,2026-04-01 18:01:09
User_015,TRJ_User_015_004,28.604266,77.188957,252.6,2026-04-01 18:01:31
User_015,TRJ_User_015_004,28.60222,77.18609,258.7,2026-04-01 18:01:45
User_015,TRJ_User_015_004,28.599035,77.183239,257.8,2026-04-01 18:02:38
User_015,TRJ_User_015_004,28.596297,77.181318,226.6,2026-04-01 18:03:21
User_015,TRJ_User_015_004,28.594312,77.178834,247.0,2026-04-01 18:03:47
User_015,TRJ_User_015_004,28.590951,77.175673,206.2,2026-04-01 18:04:46
User_015,TRJ_User_015_004,28.587722,77.173093,235.6,2026-04-01 18:05:37
User_015,TRJ_User_015_004,28.585652,77.170847,245.7,2026-04-01 18:06:24
User_015,TRJ_User_015_004,28.582901,77.16825,254.6,2026-04-01 18:06:40
User_015,TRJ_User_015_004,28.580461,77.166124,224.7,2026-04-01 18:07:03
User_015,TRJ_User_015_004,28.578247,77.164511,236.1,2026-04-01 18:07:40
User_015,TRJ_User_015_004,28.576226,77.161989,240.2,2026-04-01 18:07:57
User_015,TRJ_User_015_004,28.574271,77.159499,252.5,2026-04-01 18:08:07
User_015,TRJ_User_015_004,28.571909,77.156795,248.6,2026-04-01 18:08:20
User_015,TRJ_User_015_004,28.569131,77.15444,236.3,2026-04-01 18:09:08
User_015,TRJ_User_015_004,28.566446,77.151707,254.8,2026-04-01 18:09:23
User_015,TRJ_User_015_004,28.563755,77.148999,250.6,2026-04-01 18:10:05
User_015,TRJ_User_015_004,28.561271,77.146913,225.5,2026-04-01 18:10:52
User_015,TRJ_User_015_004,28.558999,77.144741,230.3,2026-04-01 18:11:19
User_015,TRJ_User_015_004,28.556426,77.142166,202.7,2026-04-01 18:11:29
User_015,TRJ_User_015_004,28.553893,77.139176,209.1,2026-04-01 18:12:19
User_015,TRJ_User_015_004,28.551245,77.137004,227.7,2026-04-01 18:12:45
User_015,TRJ_User_015_004,28.547916,77.134923,252.4,2026-04-01 18:13:02
User_015,TRJ_User_015_004,28.545527,77.133107,258.2,2026-04-01 18:13:31
User_015,TRJ_User_015_004,28.543203,77.131484,253.9,2026-04-01 18:13:57
User_015,TRJ_User_015_004,28.540699,77.129531,239.1,2026-04-01 18:14:13
User_015,TRJ_User_015_004,28.538426,77.127698,238.8,2026-04-01 18:14:52
User_015,TRJ_User_015_004,28.535427,77.125139,233.8,2026-04-01 18:15:04
User_015,TRJ_User_015_004,28.532342,77.122205,212.4,2026-04-01 18:15:27
User_015,TRJ_User_015_004,28.529925,77.119345,207.4,2026-04-01 18:15:47
User_015,TRJ_User_015_004,28.527759,77.116914,215.0,2026-04-01 18:16:39
User_015,TRJ_User_015_004,28.524989,77.114335,215.1,2026-04-01 18:16:51
User_015,TRJ_User_015_004,28.52242,77.112106,220.0,2026-04-01 18:17:18
User_015,TRJ_User_015_004,28.519192,77.109375,236.4,2026-04-01 18:18:11
User_015,TRJ_User_015_004,28.516679,77.10683,238.3,2026-04-01 18:19:02
User_015,TRJ_User_015_004,28.513968,77.104561,218.8,2026-04-01 18:19:13
User_015,TRJ_User_015_004,28.511365,77.102312,201.1,2026-04-01 18:20:01
User_015,TRJ_User_015_004,28.508799,77.099942,224.8,2026-04-01 18:20:53
User_015,TRJ_User_015_004,28.506795,77.097533,216.4,2026-04-01 18:21:32
User_015,TRJ_User_015_004,28.504003,77.09471,248.4,2026-04-01 18:22:15
User_015,TRJ_User_015_004,28.501048,77.092484,258.7,2026-04-01 18:22:33
User_015,TRJ_User_015_004,28.498817,77.089715,207.6,2026-04-01 18:23:06
User_015,TRJ_User_015_005,28.654618,77.190614,247.2,2026-04-01 21:13:23
User_015,TRJ_User_015_005,28.654667,77.191348,232.0,2026-04-01 21:13:52
User_015,TRJ_User_015_005,28.654047,77.191298,246.4,2026-04-01 21:14:45
User_015,TRJ_User_015_005,28.653193,77.19202,214.5,2026-04-01 21:15:14
User_015,TRJ_User_015_005,28.652743,77.19238,213.5,2026-04-01 21:16:07
User_015,TRJ_User_015_005,28.652396,77.192915,251.1,2026-04-01 21:16:55
User_015,TRJ_User_015_005,28.652422,77.19379,218.4,2026-04-01 21:17:22
User_015,TRJ_User_015_005,28.651442,77.194486,248.9,2026-04-01 21:18:05
User_015,TRJ_User_015_005,28.650663,77.195325,241.0,2026-04-01 21:18:50
User_015,TRJ_User_015_005,28.650153,77.195716,228.0,2026-04-01 21:19:03
User_015,TRJ_User_015_005,28.65061,77.196347,214.7,2026-04-01 21:19:16
User_015,TRJ_User_015_005,28.650137,77.197012,205.1,2026-04-01 21:19:56
User_015,TRJ_User_015_005,28.649608,77.197783,214.5,2026-04-01 21:20:12
User_015,TRJ_User_015_005,28.648625,77.198294,240.4,2026-04-01 21:20:27
User_015,TRJ_User_015_005,28.648369,77.198829,200.3,2026-04-01 21:20:57
User_015,TRJ_User_015_005,28.648077,77.199051,253.0,2026-04-01 21:21:27
User_015,TRJ_User_015_005,28.648184,77.199283,247.5,2026-04-01 21:22:19
User_015,TRJ_User_015_005,28.647721,77.200343,204.7,2026-04-01 21:23:17
User_015,TRJ_User_015_005,28.646772,77.200784,229.8,2026-04-01 21:23:32
User_015,TRJ_User_015_005,28.646605,77.201288,220.5,2026-04-01 21:23:43
User_015,TRJ_User_015_005,28.646522,77.201687,243.8,2026-04-01 21:24:37
User_015,TRJ_User_015_005,28.646264,77.202321,208.8,2026-04-01 21:25:05
User_015,TRJ_User_015_005,28.646185,77.203225,241.0,2026-04-01 21:25:51
User_015,TRJ_User_015_005,28.645979,77.203303,211.2,2026-04-01 21:26:13
User_015,TRJ_User_015_005,28.645008,77.203538,258.6,2026-04-01 21:27:03
User_015,TRJ_User_015_005,28.644163,77.204395,248.7,2026-04-01 21:27:33
User_015,TRJ_User_015_005,28.64393,77.204541,215.5,2026-04-01 21:28:16
User_015,TRJ_User_015_005,28.643263,77.205177,245.3,2026-04-01 21:29:07
User_015,TRJ_User_015_005,28.642965,77.205449,206.2,2026-04-01 21:29:17
User_015,TRJ_User_015_005,28.642767,77.20604,209.1,2026-04-01 21:29:50
User_015,TRJ_User_015_005,28.643111,77.205565,212.5,2026-04-01 21:30:14
User_015,TRJ_User_015_005,28.64212,77.205553,204.9,2026-04-01 21:30:55
User_015,TRJ_User_015_005,28.641187,77.206533,220.6,2026-04-01 21:31:11
User_015,TRJ_User_015_005,28.640798,77.206507,213.1,2026-04-01 21:31:51
User_015,TRJ_User_015_005,28.640549,77.207649,216.6,2026-04-01 21:32:13
User_015,TRJ_User_015_005,28.639825,77.20771,208.9,2026-04-01 21:32:46
User_015,TRJ_User_015_005,28.639379,77.208439,219.7,2026-04-01 21:33:22
User_015,TRJ_User_015_005,28.638936,77.209647,206.8,2026-04-01 21:33:44
User_015,TRJ_User_015_005,28.638705,77.20934,225.0,2026-04-01 21:34:19
User_015,TRJ_User_015_005,28.638089,77.210313,235.1,2026-04-01 21:35:11
User_015,TRJ_User_015_005,28.637243,77.2108,234.3,2026-04-01 21:35:40
User_015,TRJ_User_015_005,28.636578,77.211438,253.6,2026-04-01 21:35:55
User_015,TRJ_User_015_005,28.636646,77.212175,233.1,2026-04-01 21:36:35
User_015,TRJ_User_015_005,28.636561,77.211741,221.6,2026-04-01 21:37:18
User_015,TRJ_User_015_005,28.636096,77.212274,242.6,2026-04-01 21:37:51
User_015,TRJ_User_015_005,28.63531,77.212596,251.0,2026-04-01 21:38:01
User_015,TRJ_User_015_005,28.634841,77.213148,242.4,2026-04-01 21:38:34
User_015,TRJ_User_015_005,28.634072,77.212797,258.2,2026-04-01 21:38:46
User_015,TRJ_User_015_005,28.633479,77.213371,203.6,2026-04-01 21:39:41
User_015,TRJ_User_015_005,28.633373,77.213386,249.3,2026-04-01 21:40:32
User_015,TRJ_User_015_006,28.625282,77.211866,256.4,2026-04-01 23:24:01
User_015,TRJ_User_015_006,28.623058,77.208939,229.1,2026-04-01 23:24:49
User_015,TRJ_User_015_006,28.621624,77.206054,234.9,2026-04-01 23:25:39
User_015,TRJ_User_015_006,28.620149,77.202948,242.3,2026-04-01 23:26:03
User_015,TRJ_User_015_006,28.618648,77.199812,214.0,2026-04-01 23:26:28
User_015,TRJ_User_015_006,28.617897,77.19683,250.2,2026-04-01 23:27:07
User_015,TRJ_User_015_006,28.61625,77.193036,209.1,2026-04-01 23:27:27
User_015,TRJ_User_015_006,28.614416,77.190447,247.1,2026-04-01 23:28:25
User_015,TRJ_User_015_006,28.612631,77.187843,238.3,2026-04-01 23:29:13
User_015,TRJ_User_015_006,28.611016,77.18464,215.8,2026-04-01 23:29:30
User_015,TRJ_User_015_006,28.609554,77.181916,240.4,2026-04-01 23:30:19
User_015,TRJ_User_015_006,28.608358,77.179056,226.3,2026-04-01 23:30:49
User_015,TRJ_User_015_006,28.606587,77.176463,203.1,2026-04-01 23:31:12
User_015,TRJ_User_015_006,28.605249,77.173932,248.9,2026-04-01 23:32:02
User_015,TRJ_User_015_006,28.603195,77.171065,254.2,2026-04-01 23:32:26
User_015,TRJ_User_015_006,28.601033,77.167531,230.3,2026-04-01 23:33:01
User_015,TRJ_User_015_006,28.600005,77.165053,216.8,2026-04-01 23:33:58
User_015,TRJ_User_015_006,28.597945,77.161805,251.3,2026-04-01 23:34:28
User_015,TRJ_User_015_006,28.59657,77.158683,231.9,2026-04-01 23:35:25
User_015,TRJ_User_015_006,28.594929,77.155289,216.5,2026-04-01 23:35:38
User_015,TRJ_User_015_006,28.593888,77.151602,241.4,2026-04-01 23:36:27
User_015,TRJ_User_015_006,28.593063,77.147977,225.5,2026-04-01 23:36:50
User_015,TRJ_User_015_006,28.591935,77.145266,218.0,2026-04-01 23:37:43
User_015,TRJ_User_015_006,28.591003,77.142538,213.9,2026-04-01 23:38:09
User_015,TRJ_User_015_006,28.58974,77.139318,254.5,2026-04-01 23:38:33
User_015,TRJ_User_015_006,28.58927,77.13672,211.3,2026-04-01 23:38:47
User_015,TRJ_User_015_006,28.587482,77.133513,217.0,2026-04-01 23:39:44
User_015,TRJ_User_015_006,28.585538,77.130676,233.0,2026-04-01 23:40:14
User_015,TRJ_User_015_006,28.584631,77.127838,208.8,2026-04-01 23:41:09
User_015,TRJ_User_015_006,28.58297,77.125149,235.7,2026-04-01 23:42:06
User_015,TRJ_User_015_006,28.582146,77.122187,207.6,2026-04-01 23:42:23
User_015,TRJ_User_015_006,28.580822,77.119072,242.9,2026-04-01 23:43:01
User_015,TRJ_User_015_006,28.578856,77.115716,249.0,2026-04-01 23:43:20
User_015,TRJ_User_015_006,28.576827,77.112663,246.1,2026-04-01 23:43:34
User_015,TRJ_User_015_006,28.574954,77.108745,225.3,2026-04-01 23:43:56
User_015,TRJ_User_015_006,28.573668,77.106806,220.6,2026-04-01 23:44:23
User_015,TRJ_User_015_006,28.571359,77.103759,217.6,2026-04-01 23:45:13
User_015,TRJ_User_015_006,28.569778,77.100451,239.2,2026-04-01 23:45:32
User_015,TRJ_User_015_006,28.568337,77.097667,255.7,2026-04-01 23:46:15
User_015,TRJ_User_015_006,28.566901,77.093916,208.1,2026-04-01 23:46:43
User_015,TRJ_User_015_006,28.565588,77.090638,235.5,2026-04-01 23:47:37
User_015,TRJ_User_015_006,28.564114,77.087458,218.6,2026-04-01 23:47:54
User_015,TRJ_User_015_006,28.56284,77.08445,205.7,2026-04-01 23:48:39
User_015,TRJ_User_015_006,28.561899,77.080807,236.7,2026-04-01 23:49:06
User_015,TRJ_User_015_006,28.560332,77.078012,257.6,2026-04-01 23:49:21
User_015,TRJ_User_015_006,28.559005,77.075496,241.8,2026-04-01 23:49:54
User_015,TRJ_User_015_006,28.557337,77.072683,216.5,2026-04-01 23:50:30
User_015,TRJ_User_015_006,28.555931,77.069248,252.7,2026-04-01 23:50:40
User_015,TRJ_User_015_006,28.554111,77.066,239.5,2026-04-01 23:51:16
User_015,TRJ_User_015_006,28.552486,77.063609,224.3,2026-04-01 23:52:09
User_015,TRJ_User_015_007,28.652866,77.191042,219.4,2026-04-02 01:56:59
User_015,TRJ_User_015_007,28.652338,77.191597,222.5,2026-04-02 01:57:18
User_015,TRJ_User_015_007,28.651526,77.192523,259.0,2026-04-02 01:57:57
User_015,TRJ_User_015_007,28.651517,77.193442,218.2,2026-04-02 01:58:24
User_015,TRJ_User_015_007,28.650475,77.192569,246.1,2026-04-02 01:58:59
User_015,TRJ_User_015_007,28.649885,77.193307,226.7,2026-04-02 01:59:24
User_015,TRJ_User_015_007,28.649899,77.193695,258.6,2026-04-02 02:00:13
User_015,TRJ_User_015_007,28.649513,77.194366,213.1,2026-04-02 02:00:42
User_015,TRJ_User_015_007,28.649156,77.194539,210.2,2026-04-02 02:01:04
User_015,TRJ_User_015_007,28.648885,77.195211,216.0,2026-04-02 02:01:58
User_015,TRJ_User_015_007,28.647813,77.196282,257.0,2026-04-02 02:02:10
User_015,TRJ_User_015_007,28.647449,77.196557,246.8,2026-04-02 02:02:42
User_015,TRJ_User_015_007,28.646502,77.196949,231.2,2026-04-02 02:03:24
User_015,TRJ_User_015_007,28.646353,77.197665,224.0,2026-04-02 02:03:59
User_015,TRJ_User_015_007,28.645227,77.197849,215.5,2026-04-02 02:04:52
User_015,TRJ_User_015_007,28.644317,77.197849,245.8,2026-04-02 02:05:05
User_015,TRJ_User_015_007,28.644159,77.197948,208.5,2026-04-02 02:05:25
User_015,TRJ_User_015_007,28.643287,77.198332,214.1,2026-04-02 02:06:05
User_015,TRJ_User_015_007,28.64324,77.198433,232.3,2026-04-02 02:06:28
User_015,TRJ_User_015_007,28.642384,77.198457,205.6,2026-04-02 02:07:09
User_015,TRJ_User_015_007,28.641505,77.198944,253.9,2026-04-02 02:07:31
User_015,TRJ_User_015_007,28.64157,77.199845,210.3,2026-04-02 02:07:44
User_015,TRJ_User_015_007,28.641975,77.200527,245.6,2026-04-02 02:08:20
User_015,TRJ_User_015_007,28.641285,77.201073,251.7,2026-04-02 02:08:50
User_015,TRJ_User_015_007,28.641328,77.201095,244.2,2026-04-02 02:09:41
User_015,TRJ_User_015_007,28.641384,77.20205,240.6,2026-04-02 02:10:40
User_015,TRJ_User_015_007,28.641142,77.202064,212.7,2026-04-02 02:11:13
User_015,TRJ_User_015_007,28.640543,77.20249,232.9,2026-04-02 02:12:01
User_015,TRJ_User_015_007,28.63952,77.203063,250.3,2026-04-02 02:12:32
User_015,TRJ_User_015_007,28.639245,77.203152,240.7,2026-04-02 02:13:10
User_015,TRJ_User_015_007,28.638487,77.203974,237.5,2026-04-02 02:13:48
User_015,TRJ_User_015_007,28.638123,77.203797,246.3,2026-04-02 02:14:44
User_015,TRJ_User_015_007,28.637119,77.204166,232.6,2026-04-02 02:15:03
User_015,TRJ_User_015_007,28.636546,77.204661,254.2,2026-04-02 02:16:02
User_015,TRJ_User_015_007,28.636006,77.204856,220.3,2026-04-02 02:16:54
User_015,TRJ_User_015_007,28.635519,77.205765,202.6,2026-04-02 02:17:31
User_015,TRJ_User_015_007,28.634582,77.205584,219.1,2026-04-02 02:18:21
User_015,TRJ_User_015_007,28.633899,77.206633,228.4,2026-04-02 02:19:08
User_015,TRJ_User_015_007,28.633427,77.207532,214.4,2026-04-02 02:19:55
User_015,TRJ_User_015_007,28.633057,77.20786,207.3,2026-04-02 02:20:54
User_015,TRJ_User_015_007,28.632555,77.208327,225.2,2026-04-02 02:21:07
User_015,TRJ_User_015_007,28.632077,77.208083,238.0,2026-04-02 02:22:03
User_015,TRJ_User_015_007,28.631693,77.208328,207.0,2026-04-02 02:22:46
User_015,TRJ_User_015_007,28.631331,77.209408,209.0,2026-04-02 02:23:37
User_015,TRJ_User_015_007,28.630883,77.209741,257.1,2026-04-02 02:24:09
User_015,TRJ_User_015_007,28.630352,77.210449,254.3,2026-04-02 02:24:19
User_015,TRJ_User_015_007,28.630006,77.21077,211.4,2026-04-02 02:24:31
User_015,TRJ_User_015_007,28.629905,77.211776,248.9,2026-04-02 02:25:05
User_015,TRJ_User_015_007,28.629691,77.212023,247.7,2026-04-02 02:25:33
User_015,TRJ_User_015_007,28.629668,77.212199,213.7,2026-04-02 02:25:56
User_015,TRJ_User_015_008,28.62736,77.209346,238.1,2026-04-02 06:25:11
User_015,TRJ_User_015_008,28.625866,77.205566,251.1,2026-04-02 06:26:00
User_015,TRJ_User_015_008,28.624043,77.202512,234.8,2026-04-02 06:26:53
User_015,TRJ_User_015_008,28.622774,77.199019,249.6,2026-04-02 06:27:21
User_015,TRJ_User_015_008,28.621362,77.195905,221.6,2026-04-02 06:28:08
User_015,TRJ_User_015_008,28.620451,77.193121,257.1,2026-04-02 06:29:07
User_015,TRJ_User_015_008,28.619339,77.18961,213.2,2026-04-02 06:29:20
User_015,TRJ_User_015_008,28.618182,77.186767,225.4,2026-04-02 06:29:40
User_015,TRJ_User_015_008,28.616519,77.183675,257.3,2026-04-02 06:30:05
User_015,TRJ_User_015_008,28.614858,77.181067,243.6,2026-04-02 06:30:34
User_015,TRJ_User_015_008,28.613625,77.177434,222.8,2026-04-02 06:31:30
User_015,TRJ_User_015_008,28.612407,77.17424,230.3,2026-04-02 06:32:00
User_015,TRJ_User_015_008,28.610971,77.171704,227.0,2026-04-02 06:32:52
User_015,TRJ_User_015_008,28.609856,77.168642,229.9,2026-04-02 06:33:34
User_015,TRJ_User_015_008,28.607914,77.164985,228.2,2026-04-02 06:33:52
User_015,TRJ_User_015_008,28.606292,77.161144,223.7,2026-04-02 06:34:47
User_015,TRJ_User_015_008,28.604709,77.158211,211.7,2026-04-02 06:34:57
User_015,TRJ_User_015_008,28.602763,77.155001,230.0,2026-04-02 06:35:52
User_015,TRJ_User_015_008,28.601536,77.152251,200.9,2026-04-02 06:36:22
User_015,TRJ_User_015_008,28.60072,77.149278,223.8,2026-04-02 06:37:15
User_015,TRJ_User_015_008,28.599205,77.146837,218.0,2026-04-02 06:38:04
User_015,TRJ_User_015_008,28.597633,77.143552,204.1,2026-04-02 06:38:39
User_015,TRJ_User_015_008,28.596844,77.140848,217.3,2026-04-02 06:39:27
User_015,TRJ_User_015_008,28.595705,77.138242,207.4,2026-04-02 06:40:02
User_015,TRJ_User_015_008,28.594017,77.134523,257.8,2026-04-02 06:41:00
User_015,TRJ_User_015_008,28.592226,77.13198,209.2,2026-04-02 06:41:24
User_015,TRJ_User_015_008,28.59002,77.128942,259.9,2026-04-02 06:41:58
User_015,TRJ_User_015_008,28.588723,77.125326,230.7,2026-04-02 06:42:45
User_015,TRJ_User_015_008,28.587324,77.122236,257.8,2026-04-02 06:43:13
User_015,TRJ_User_015_008,28.585739,77.11868,215.2,2026-04-02 06:43:42
User_015,TRJ_User_015_008,28.584151,77.115752,202.8,2026-04-02 06:44:08
User_015,TRJ_User_015_008,28.582349,77.112977,224.5,2026-04-02 06:45:03
User_015,TRJ_User_015_008,28.58107,77.110927,222.6,2026-04-02 06:46:01
User_015,TRJ_User_015_008,28.580208,77.107357,228.4,2026-04-02 06:46:27
User_015,TRJ_User_015_008,28.578294,77.103497,204.3,2026-04-02 06:47:05
User_015,TRJ_User_015_008,28.57743,77.100669,224.6,2026-04-02 06:47:15
User_015,TRJ_User_015_008,28.575794,77.098007,213.1,2026-04-02 06:47:33
User_015,TRJ_User_015_008,28.574688,77.095022,242.1,2026-04-02 06:47:59
User_015,TRJ_User_015_008,28.573415,77.092892,258.3,2026-04-02 06:48:18
User_015,TRJ_User_015_008,28.572443,77.089922,214.7,2026-04-02 06:48:42
User_015,TRJ_User_015_008,28.569846,77.08593,255.2,2026-04-02 06:48:56
User_015,TRJ_User_015_008,28.567838,77.083468,231.8,2026-04-02 06:49:25
User_015,TRJ_User_015_008,28.566258,77.08029,227.7,2026-04-02 06:49:40
User_015,TRJ_User_015_008,28.56501,77.07717,243.8,2026-04-02 06:49:58
User_015,TRJ_User_015_008,28.563774,77.07358,257.3,2026-04-02 06:50:37
User_015,TRJ_User_015_008,28.562166,77.070382,205.5,2026-04-02 06:50:47
User_015,TRJ_User_015_008,28.560866,77.06726,227.5,2026-04-02 06:51:33
User_015,TRJ_User_015_008,28.559668,77.063355,255.7,2026-04-02 06:51:48
User_015,TRJ_User_015_008,28.558139,77.060214,252.0,2026-04-02 06:52:11
User_015,TRJ_User_015_008,28.556602,77.05752,246.8,2026-04-02 06:52:50
User_015,TRJ_User_015_009,28.651584,77.187104,205.6,2026-04-02 07:47:05
User_015,TRJ_User_015_009,28.651387,77.188422,253.4,2026-04-02 07:47:49
User_015,TRJ_User_015_009,28.650277,77.188516,240.0,2026-04-02 07:48:24
User_015,TRJ_User_015_009,28.649615,77.189096,235.0,2026-04-02 07:48:40
User_015,TRJ_User_015_009,28.649106,77.189141,216.7,2026-04-02 07:48:54
User_015,TRJ_User_015_009,28.64874,77.190002,205.2,2026-04-02 07:49:43
User_015,TRJ_User_015_009,28.648238,77.190894,210.0,2026-04-02 07:50:20
User_015,TRJ_User_015_009,28.648055,77.191748,241.9,2026-04-02 07:51:00
User_015,TRJ_User_015_009,28.647429,77.192168,248.0,2026-04-02 07:51:39
User_015,TRJ_User_015_009,28.647185,77.192478,212.2,2026-04-02 07:52:26
User_015,TRJ_User_015_009,28.646274,77.1941,215.6,2026-04-02 07:52:59
User_015,TRJ_User_015_009,28.64654,77.194446,238.9,2026-04-02 07:53:34
User_015,TRJ_User_015_009,28.64613,77.195299,208.8,2026-04-02 07:54:14
User_015,TRJ_User_015_009,28.645576,77.195897,203.6,2026-04-02 07:54:37
User_015,TRJ_User_015_009,28.644748,77.196704,206.5,2026-04-02 07:55:18
User_015,TRJ_User_015_009,28.644422,77.197179,253.7,2026-04-02 07:55:49
User_015,TRJ_User_015_009,28.644253,77.197798,232.1,2026-04-02 07:56:17
User_015,TRJ_User_015_009,28.643639,77.197936,224.3,2026-04-02 07:56:30
User_015,TRJ_User_015_009,28.643181,77.198708,257.2,2026-04-02 07:57:19
User_015,TRJ_User_015_009,28.643517,77.199564,210.0,2026-04-02 07:57:32
User_015,TRJ_User_015_009,28.643389,77.199746,211.7,2026-04-02 07:58:02
User_015,TRJ_User_015_009,28.642812,77.200678,244.9,2026-04-02 07:58:57
User_015,TRJ_User_015_009,28.641563,77.201181,253.0,2026-04-02 07:59:28
User_015,TRJ_User_015_009,28.641606,77.200905,235.4,2026-04-02 07:59:38
User_015,TRJ_User_015_009,28.641134,77.201478,231.3,2026-04-02 08:00:28
User_015,TRJ_User_015_009,28.640433,77.202319,221.7,2026-04-02 08:01:11
User_015,TRJ_User_015_009,28.639508,77.202448,253.7,2026-04-02 08:01:53
User_015,TRJ_User_015_009,28.638796,77.203388,223.0,2026-04-02 08:02:24
User_015,TRJ_User_015_009,28.638756,77.204463,252.2,2026-04-02 08:03:01
User_015,TRJ_User_015_009,28.638028,77.205228,246.3,2026-04-02 08:03:50
User_015,TRJ_User_015_009,28.637117,77.205733,259.2,2026-04-02 08:04:44
User_015,TRJ_User_015_009,28.636857,77.206552,240.3,2026-04-02 08:05:07
User_015,TRJ_User_015_009,28.636074,77.207126,245.9,2026-04-02 08:05:34
User_015,TRJ_User_015_009,28.635626,77.207187,255.5,2026-04-02 08:06:25
User_015,TRJ_User_015_009,28.635512,77.208147,206.1,2026-04-02 08:07:04
User_015,TRJ_User_015_009,28.634685,77.208325,223.4,2026-04-02 08:07:47
User_015,TRJ_User_015_009,28.63397,77.209585,219.8,2026-04-02 08:08:31
User_015,TRJ_User_015_009,28.634589,77.210481,230.7,2026-04-02 08:09:05
User_015,TRJ_User_015_009,28.633894,77.211284,236.6,2026-04-02 08:09:20
User_015,TRJ_User_015_009,28.633884,77.212262,247.4,2026-04-02 08:09:48
User_015,TRJ_User_015_009,28.633735,77.213281,252.5,2026-04-02 08:10:04
User_015,TRJ_User_015_009,28.633056,77.214007,211.2,2026-04-02 08:10:41
User_015,TRJ_User_015_009,28.632755,77.214946,200.4,2026-04-02 08:11:13
User_015,TRJ_User_015_009,28.632567,77.21558,237.7,2026-04-02 08:12:09
User_015,TRJ_User_015_009,28.632449,77.216676,221.9,2026-04-02 08:12:30
User_015,TRJ_User_015_009,28.631292,77.217406,210.6,2026-04-02 08:12:44
User_015,TRJ_User_015_009,28.630492,77.217985,253.0,2026-04-02 08:13:07
User_015,TRJ_User_015_009,28.630164,77.217897,218.3,2026-04-02 08:14:02
User_015,TRJ_User_015_009,28.630707,77.218749,228.0,2026-04-02 08:14:57
User_015,TRJ_User_015_009,28.629877,77.218786,229.6,2026-04-02 08:15:49
User_015,TRJ_User_015_010,28.628477,77.215051,231.4,2026-04-02 09:05:38
User_015,TRJ_User_015_010,28.626499,77.211901,247.1,2026-04-02 09:06:19
User_015,TRJ_User_015_010,28.624946,77.209317,247.0,2026-04-02 09:07:12
User_015,TRJ_User_015_010,28.623361,77.206102,219.8,2026-04-02 09:07:44
User_015,TRJ_User_015_010,28.622152,77.202386,239.3,2026-04-02 09:08:25
User_015,TRJ_User_015_010,28.620476,77.199169,243.1,2026-04-02 09:09:02
User_015,TRJ_User_015_010,28.620003,77.196284,200.1,2026-04-02 09:09:14
User_015,TRJ_User_015_010,28.618032,77.193102,216.8,2026-04-02 09:10:12
User_015,TRJ_User_015_010,28.616037,77.189897,258.9,2026-04-02 09:10:26
User_015,TRJ_User_015_010,28.614558,77.186744,205.5,2026-04-02 09:10:52
User_015,TRJ_User_015_010,28.612915,77.182824,200.1,2026-04-02 09:11:04
User_015,TRJ_User_015_010,28.610584,77.179402,216.9,2026-04-02 09:11:46
User_015,TRJ_User_015_010,28.608406,77.176271,208.1,2026-04-02 09:12:39
User_015,TRJ_User_015_010,28.606815,77.173638,249.3,2026-04-02 09:12:53
User_015,TRJ_User_015_010,28.605329,77.17055,206.4,2026-04-02 09:13:27
User_015,TRJ_User_015_010,28.603954,77.166898,212.1,2026-04-02 09:13:56
User_015,TRJ_User_015_010,28.602515,77.164009,203.8,2026-04-02 09:14:14
User_015,TRJ_User_015_010,28.600594,77.160516,200.4,2026-04-02 09:15:10
User_015,TRJ_User_015_010,28.598392,77.158097,256.8,2026-04-02 09:15:28
User_015,TRJ_User_015_010,28.596959,77.155683,254.9,2026-04-02 09:16:21
User_015,TRJ_User_015_010,28.595509,77.152411,241.9,2026-04-02 09:16:38
User_015,TRJ_User_015_010,28.594373,77.149521,215.8,2026-04-02 09:17:18
User_015,TRJ_User_015_010,28.591872,77.145881,216.1,2026-04-02 09:17:34
User_015,TRJ_User_015_010,28.589794,77.142874,249.1,2026-04-02 09:17:59
User_015,TRJ_User_015_010,28.587717,77.139589,208.6,2026-04-02 09:18:42
User_015,TRJ_User_015_010,28.5851,77.136096,245.7,2026-04-02 09:19:08
User_015,TRJ_User_015_010,28.583088,77.132764,241.3,2026-04-02 09:19:19
User_015,TRJ_User_015_010,28.581577,77.128999,226.8,2026-04-02 09:20:01
User_015,TRJ_User_015_010,28.580115,77.125634,212.9,2026-04-02 09:20:41
User_015,TRJ_User_015_010,28.57912,77.122711,221.5,2026-04-02 09:20:53
User_015,TRJ_User_015_010,28.577498,77.11936,210.5,2026-04-02 09:21:15
User_015,TRJ_User_015_010,28.576009,77.115776,221.2,2026-04-02 09:22:07
User_015,TRJ_User_015_010,28.574389,77.112055,226.6,2026-04-02 09:22:39
User_015,TRJ_User_015_010,28.572704,77.107682,251.8,2026-04-02 09:23:02
User_015,TRJ_User_015_010,28.570915,77.104518,246.5,2026-04-02 09:23:49
User_015,TRJ_User_015_010,28.57,77.101235,228.7,2026-04-02 09:24:43
User_015,TRJ_User_015_010,28.568655,77.097735,214.7,2026-04-02 09:25:29
User_015,TRJ_User_015_010,28.567126,77.094559,258.9,2026-04-02 09:25:48
User_015,TRJ_User_015_010,28.565281,77.091925,259.6,2026-04-02 09:26:23
User_015,TRJ_User_015_010,28.564233,77.088136,246.2,2026-04-02 09:26:52
User_015,TRJ_User_015_010,28.562709,77.085468,222.0,2026-04-02 09:27:39
User_015,TRJ_User_015_010,28.561857,77.082761,220.6,2026-04-02 09:28:02
User_015,TRJ_User_015_010,28.559582,77.079691,221.2,2026-04-02 09:28:54
User_015,TRJ_User_015_010,28.557895,77.076297,201.6,2026-04-02 09:29:11
User_015,TRJ_User_015_010,28.556252,77.073423,233.8,2026-04-02 09:29:39
User_015,TRJ_User_015_010,28.554792,77.070026,242.5,2026-04-02 09:29:54
User_015,TRJ_User_015_010,28.553834,77.067159,218.5,2026-04-02 09:30:47
User_015,TRJ_User_015_010,28.552374,77.06349,238.0,2026-04-02 09:31:01
User_015,TRJ_User_015_010,28.550686,77.060032,201.5,2026-04-02 09:31:20
User_015,TRJ_User_015_010,28.548442,77.057824,241.9,2026-04-02 09:32:06
